playerid,playerName,playerNameRoute,abbName,shortName,teamId,pos,PA,IP,pitWAR,batWAR,totalWAR
1012300,Al Spalding,Al Spalding,BSN,Red Stockings,16,P,346,575.0,5.7828593254089355,1.7739468812942505,7.556806206703186
1008341,Dick McBride,Dick McBride,PHN,Athletics,1002,P,274,538.0,6.551896095275879,0.7972946763038635,7.349190771579742
1000573,Ross Barnes,Ross Barnes,BSN,Red Stockings,16,2B,400,,,5.579374313354492,5.579374313354492
1014433,George Zettlein,George Zettlein,- - -,- - -,0,P,216,462.3333,5.6897581815719604,-0.16948938742280006,5.52026879414916
1002872,Candy Cummings,Candy Cummings,HAR,Dark Blues,1033,P,224,417.0,5.488876819610596,-0.2776150703430176,5.211261749267578
1008696,Cal McVey,Cal McVey,BSN,Red Stockings,16,1B,390,11.0,0.3306769132614136,4.815793037414551,5.146469950675964
1001158,Tommy Bond,Tommy Bond,HAR,Dark Blues,1033,P/RF,289,352.0,4.169816017150879,0.8856318593025208,5.0554478764534
1014277,George Wright,George Wright,BSN,Red Stockings,16,SS,410,4.0,0.2191927433013916,4.494831085205078,4.71402382850647
1003249,Jim Devlin,Jim Devlin,CHI,White Stockings,17,P/1B,322,224.0,2.758622407913208,1.9258915185928345,4.6845139265060425
1008234,Bobby Mathews,Bobby Mathews,NYM,Mutuals,1053,P,266,626.6666,4.730138301849365,-0.4049682021141052,4.32517009973526
1013860,Deacon White,Deacon White,BSN,Red Stockings,16,C,374,,,4.322446823120117,4.322446823120117
1010347,Lip Pike,Lip Pike,STL,Brown Stockings,1070,CF,315,,,4.101063251495361,4.101063251495361
1004213,Davy Force,Davy Force,PHN,Athletics,1002,SS,393,,,3.6440927982330322,3.6440927982330322
1000737,George Bechtel,George Bechtel,- - -,- - -,0,P/RF,227,162.0,2.0443090200424194,1.2757830619812012,3.3200920820236206
1004078,Cherokee Fisher,Cherokee Fisher,PWS,Whites,1065,P,178,356.6666,3.322636604309082,-0.03957034647464752,3.2830662578344345
1012746,Ezra Sutton,Ezra Sutton,PHN,Athletics,1002,3B,359,6.0,0.02327270619571209,3.114743232727051,3.138015938922763
1001307,George Bradley,George Bradley,STL,Brown Stockings,1070,P,255,535.6666,2.2761447429656982,0.7894962430000305,3.0656409859657288
1009839,Jim O'Rourke,Jim O'Rourke,BSN,Red Stockings,16,3B/CF,367,,,2.8477492332458496,2.8477492332458496
1010232,John Peters,John Peters,CHI,White Stockings,17,SS,297,,,2.6906189918518066,2.6906189918518066
1005845,Paul Hines,Paul Hines,CHI,White Stockings,17,2B/CF,309,,,2.6103103160858154,2.6103103160858154
1004805,Mike Golden,Mike Golden,- - -,- - -,0,P/LF,203,231.0,2.742287755012512,-0.14659421145915985,2.5956935435533524
1010100,Dickey Pearce,Dickey Pearce,STL,Brown Stockings,1070,SS,318,5.3333,-0.02475980669260025,2.5765039920806885,2.5517441853880882
1002736,Bill Craver,Bill Craver,- - -,- - -,0,2B,331,,,2.422345072031021,2.422345072031021
1000272,Cap Anson,Cap Anson,PHN,Athletics,1002,1B/RF,330,,,2.4113566875457764,2.4113566875457764
1014355,Tom York,Tom York,HAR,Dark Blues,1033,LF,378,,,2.396003484725952,2.396003484725952
1005245,George Hall,George Hall,PHN,Athletics,1002,LF,361,,,2.335789680480957,2.335789680480957
1000672,Joe Battin,Joe Battin,STL,Brown Stockings,1070,2B,284,,,2.287372589111328,2.287372589111328
1008065,Jack Manning,Jack Manning,BSN,Red Stockings,16,P/RF,350,139.6666,1.061875581741333,1.1912274360656738,2.253103017807007
1001664,Jack Burdock,Jack Burdock,HAR,Dark Blues,1033,2B,353,,,2.248542070388794,2.248542070388794
1008830,Levi Meyerle,Levi Meyerle,PWS,Whites,1065,2B/3B,301,,,2.212179660797119,2.212179660797119
1003144,Herman Dehlman,Herman Dehlman,STL,Brown Stockings,1070,1B,265,,,2.0614683628082275,2.0614683628082275
1007530,Andy Leonard,Andy Leonard,BSN,Red Stockings,16,LF,398,,,2.061149835586548,2.061149835586548
1012436,Joe Start,Joe Start,NYM,Mutuals,1053,1B,317,,,2.0230178833007812,2.0230178833007812
1008506,Mike McGeary,Mike McGeary,PWS,Whites,1065,2B/3B/SS,311,,,1.863632082939148,1.863632082939148
1009572,Tricky Nichols,Tricky Nichols,NHE,Elm Citys,1052,P,119,288.0,1.8726216554641724,-0.012835907749831676,1.8597857477143407
1002259,John Clapp,John Clapp,PHN,Athletics,1002,C,299,,,1.812177062034607,1.812177062034607
1003705,Dave Eggler,Dave Eggler,PHN,Athletics,1002,CF,296,,,1.6429851055145264,1.6429851055145264
1012444,Bill Stearns,Bill Stearns,WSO,Nationals,1088,P,79,141.0,1.7748504877090454,-0.13773980736732483,1.6371106803417206
1001948,Tom Carey,Tom Carey,HAR,Dark Blues,1033,SS,383,,,1.5698922872543335,1.5698922872543335
1011510,Harry Schafer,Harry Schafer,BSN,Red Stockings,16,3B,223,,,1.5191205739974976,1.5191205739974976
1010827,Jack Remsen,Jack Remsen,HAR,Dark Blues,1033,CF,363,,,1.4364279508590698,1.4364279508590698
1000168,Doug Allison,Doug Allison,HAR,Dark Blues,1033,C,275,,,1.3995261192321777,1.3995261192321777
1003985,Bob Ferguson,Bob Ferguson,HAR,Dark Blues,1033,3B,369,2.0,-0.098480224609375,1.3604470491409302,1.2619668245315552
1008649,John McMullin,John McMullin,PWS,Whites,1065,CF/LF,227,12.6666,0.4162135720252991,0.7788125872612,1.195026159286499
1009343,Tim Murnane,Tim Murnane,PWS,Whites,1065,1B/CF,320,,,1.1873888969421387,1.1873888969421387
1007042,Lon Knight,Lon Knight,PHN,Athletics,1002,P,47,107.0,1.3493579626083374,-0.2366991490125656,1.1126588135957718
1001083,Joe Blong,Joe Blong,SLR,Red Stockings,1073,P,68,129.0,1.3057000637054443,-0.25817936658859253,1.0475206971168518
1007822,Henry Luff,Henry Luff,NHE,Elm Citys,1052,3B,166,69.6666,0.3986590802669525,0.6229134798049927,1.0215725600719452
1008956,Everett Mills,Everett Mills,HAR,Dark Blues,1033,1B,342,,,0.9121405482292175,0.9121405482292175
1013895,Warren White,Warren White,CHI,White Stockings,17,3B,287,,,0.8700063228607178,0.8700063228607178
1005199,Bill Hague,Bill Hague,STL,Brown Stockings,1070,3B,262,,,0.795068621635437,0.795068621635437
1005781,Nat Hicks,Nat Hicks,NYM,Mutuals,1053,C,271,,,0.7869433164596558,0.7869433164596558
1000706,Tommy Beals,Tommy Beals,BSN,Red Stockings,16,CF,158,,,0.7558785080909729,0.7558785080909729
1005945,Jim Holdsworth,Jim Holdsworth,NYM,Mutuals,1053,SS/CF,325,,,0.7448353171348572,0.7448353171348572
1002912,Ned Cuthbert,Ned Cuthbert,STL,Brown Stockings,1070,LF,322,,,0.7158845067024231,0.7158845067024231
1004593,Count Gedney,Count Gedney,NYM,Mutuals,1053,LF,267,11.0,0.1653081178665161,0.49556124210357666,0.6608693599700928
1000070,Bob Addy,Bob Addy,PWS,Whites,1065,RF,310,,,0.6399983167648315,0.6399983167648315
1009181,Pidgey Morgan,Pidgey Morgan,SLR,Red Stockings,1073,P/3B/CF,74,42.0,0.44400760531425476,0.1952483206987381,0.6392559260129929
1014295,Sam Wright,Sam Wright,NHE,Elm Citys,1052,SS,128,,,0.5938329100608826,0.5938329100608826
1005248,Jimmy Hallinan,Jimmy Hallinan,- - -,- - -,0,SS,255,,,0.579259917140007,0.579259917140007
1009498,Candy Nelson,Candy Nelson,NYM,Mutuals,1053,2B/3B,285,,,0.5545312166213989,0.5545312166213989
1004781,John Glenn,John Glenn,CHI,White Stockings,17,1B/LF,311,,,0.5523338317871094,0.5523338317871094
1004103,Wes Fisler,Wes Fisler,PHN,Athletics,1002,1B,272,,,0.538663923740387,0.538663923740387
1007373,Jumbo Latham,Juice Latham,- - -,- - -,0,1B,154,,,0.5372574329376221,0.5372574329376221
1012254,Pop Snyder,Pop Snyder,PWS,Whites,1065,C,267,,,0.532729983329773,0.532729983329773
1005794,Dick Higham,Dick Higham,- - -,- - -,0,C/2B,272,,,0.5238950401544571,0.5238950401544571
1005506,Charlie Hautz,Charlie Hautz,SLR,Red Stockings,1073,1B,83,,,0.5041388869285583,0.5041388869285583
1001198,Joe Borden,Joe Borden,PWS,Whites,1065,P,28,66.0,0.6996124386787415,-0.21017122268676758,0.4894412159919739
1010753,William Redmond,Billy Redmon,SLR,Red Stockings,1073,SS,84,,,0.42289993166923523,0.42289993166923523
1008530,Tim McGinley,Tim McGinley,- - -,- - -,0,C,183,,,0.4002634584903717,0.4002634584903717
1013166,Fred Treacey,Fred Treacey,- - -,- - -,0,LF,228,,,0.3787025362253189,0.3787025362253189
1004400,Charles Fulmer,Chick Fulmer,PWS,Whites,1065,SS,295,,,0.3777301609516144,0.3777301609516144
1004901,Charlie Gould,Charlie Gould,NHE,Elm Citys,1052,1B,110,,,0.34700819849967957,0.34700819849967957
1011765,George Seward,George Seward,STL,Brown Stockings,1070,C,97,,,0.3443046510219574,0.3443046510219574
1004469,Pud Galvin,Pud Galvin,STL,Brown Stockings,1070,P,46,62.0,0.42462557554244995,-0.10353003442287445,0.3210955411195755
1005338,William Harbridge,Bill Harbidge,HAR,Dark Blues,1033,C,217,,,0.3175406754016876,0.3175406754016876
1005484,Scott Hastings,Scott Hastings,CHI,White Stockings,17,C,296,,,0.3060748875141144,0.3060748875141144
1007038,George Knight,George Knight,NHE,Elm Citys,1052,P,4,9.0,0.3383250832557678,-0.046155769377946854,0.29216931387782097
1013705,Sam Weaver,Sam Weaver,PWS,Whites,1065,P,4,6.0,0.2552504539489746,0.034401439130306244,0.28965189307928085
1002148,Jack Chapman,Jack Chapman,STL,Brown Stockings,1070,RF,196,,,0.28855830430984497,0.28855830430984497
1001274,Bill Boyd,Bill Boyd,BKA,Atlantics,1010,2B/RF,152,1.6665999999999999,-0.006269550416618586,0.2738093137741089,0.2675397633574903
1010013,Bill Parks,Bill Parks,- - -,- - -,0,P/LF,118,111.9999,0.7275246791541576,-0.4640008080750704,0.26352387107908726
1002357,Jim Clinton,Jim Clinton,BKA,Atlantics,1010,P,81,123.0,0.7043226957321167,-0.4591798484325409,0.2451428472995758
1009931,Charlie Pabor,Charlie Pabor,- - -,- - -,0,LF,177,4.0,-0.0031475494615733624,0.21674362570047379,0.21359607623890042
1013495,Charlie Waitt,Charlie Waitt,STL,Brown Stockings,1070,RF,115,,,0.20022419095039368,0.20022419095039368
1005588,Frank Heifer,Frank Heifer,BSN,Red Stockings,16,1B,50,2.3333,0.002136539900675416,0.17056117951869965,0.17269771941937506
1001755,Doc Bushong,Doc Bushong,BKA,Atlantics,1010,C,5,,,0.1648871749639511,0.1648871749639511
1004201,Will Foley,Will Foley,CHI,White Stockings,17,3B,12,,,0.1398318111896515,0.1398318111896515
1011783,George Shafer,Orator Shaffer,PWS,Whites,1065,3B/CF,70,,,0.13211365044116974,0.13211365044116974
1002732,Fred Crane,Fred Crane,BKA,Atlantics,1010,1B,81,,,0.11018245667219162,0.11018245667219162
1004142,Frank Fleet,Frank Fleet,- - -,- - -,0,C/2B,128,42.3333,0.5134426653385162,-0.40517859160900116,0.10826407372951508
1000950,Oscar Bielaski,Oscar Bielaski,CHI,White Stockings,17,RF,203,,,0.10198163986206055,0.10198163986206055
1005491,John Hatfield,John Hatfield,NYM,Mutuals,1053,LF,4,,,0.08575841784477234,0.08575841784477234
1012679,(Unknown) Sullivan,,NHE,Elm Citys,1052,RF,8,,,0.08188626170158386,0.08188626170158386
1004808,Fred Goldsmith,Fred Goldsmith,NHE,Elm Citys,1052,2B,4,,,0.0693741887807846,0.0693741887807846
1004402,Washington Fulmer,Washington Fulmer,BKA,Atlantics,1010,CF,4,,,0.06502068042755127,0.06502068042755127
1003365,Lester Dole,Lester Dole,NHE,Elm Citys,1052,CF,4,,,0.06382244825363159,0.06382244825363159
1003856,(Unknown) Evans,,NHE,Elm Citys,1052,LF,4,,,0.06281303614377975,0.06281303614377975
1005252,Jim Hall,Jim Hall,KEO,Westerns,1084,LF,3,,,0.057958006858825684,0.057958006858825684
1004595,Billy Geer,Billy Geer,NHE,Elm Citys,1052,2B/CF,165,,,0.05444240942597389,0.05444240942597389
1010278,Nealy Phelps,Nealy Phelps,NYM,Mutuals,1053,RF,6,,,0.05406244844198227,0.05406244844198227
1013006,Frank Thompson,Frank Thompson,BKA,Atlantics,1010,RF,5,,,0.05122973769903183,0.05122973769903183
1001321,Michael Brady,Spike Brady,CHI,White Stockings,17,CF,4,,,0.0447378046810627,0.0447378046810627
1007777,Len Lovett,Len Lovett,PCN,Centennials,1019,RF,22,,,0.0425134152173996,0.0425134152173996
1003306,Packy Dillon,Packy Dillon,SLR,Red Stockings,1073,C,13,,,0.03817954659461975,0.03817954659461975
1011738,Frank Sellman,Frank Selman,WSO,Nationals,1088,1B,3,,,0.017670536413788795,0.017670536413788795
1004721,Barney Gilligan,Barney Gilligan,BKA,Atlantics,1010,C/RF,8,,,0.015408658422529697,0.015408658422529697
1005613,(Unknown) Hellings,,BKA,Atlantics,1010,2B,4,,,0.010480202734470367,0.010480202734470367
1003682,(Unknown) Edwards,,BKA,Atlantics,1010,P/CF,5,2.0,0.0124830212444067,-0.005834260489791632,0.0066487607546150684
1004030,Sam Field,Sam Field,- - -,- - -,0,C/RF,27,,,0.006202086806297302,0.006202086806297302
1004629,Joe Gerhardt,Joe Gerhardt,NYM,Mutuals,1053,3B,252,,,0.0049878559075295925,0.0049878559075295925
1014281,Harry Wright,Harry Wright,BSN,Red Stockings,16,RF,4,,,-0.00013663052232004702,-0.00013663052232004702
1014164,Charles Witherow,Charles Witherow,WSO,Nationals,1088,P,1,1.0,0.012352092191576958,-0.012598412111401558,-0.0002463199198246002
1012512,Robert Stevens,Robert Stevens,WSO,Nationals,1088,RF,4,,,-0.0015170697588473558,-0.0015170697588473558
1003305,John Dillon,John Dillon,SLR,Red Stockings,1073,SS,1,,,-0.00830577127635479,-0.00830577127635479
1006535,Charley Jones,Charley Jones,- - -,- - -,0,LF,51,,,-0.010976936668157578,-0.010976936668157578
1009811,Hugh O'Neil,J. O'Neill,BKA,Atlantics,1010,P,27,34.0,0.21652567386627197,-0.23110608756542206,-0.014580413699150085
1001190,(Unknown) Booth,,NHE,Elm Citys,1052,SS,2,,,-0.021115144714713097,-0.021115144714713097
1004736,Henry Gilroy,,PHN,Athletics,1002,C/RF,6,,,-0.02955661155283451,-0.02955661155283451
1001352,Mike Brannock,Mike Brannock,CHI,White Stockings,17,3B,9,,,-0.031106630340218544,-0.031106630340218544
1002590,William Coon,William Coon,PHN,Athletics,1002,C,12,,,-0.03367612883448601,-0.03367612883448601
1005959,Holly Hollingshead,Holly Hollingshead,WSO,Nationals,1088,CF,82,,,-0.03447378799319267,-0.03447378799319267
1000330,Harry Arundel,Harry Arundel,BKA,Atlantics,1010,P/RF,4,2.3333,0.014570689760148525,-0.0536496601998806,-0.039078970439732075
1008936,Tom Miller,Tom Miller,STL,Brown Stockings,1070,C,215,,,-0.03990986570715904,-0.03990986570715904
1012554,(Unknown) Stoddard,,BKA,Atlantics,1010,CF/LF,9,,,-0.040107373148202896,-0.040107373148202896
1012271,Ed Somerville,Ed Somerville,- - -,- - -,0,2B,195,,,-0.04592961072921753,-0.04592961072921753
1005429,Rit Harrison,Rit Harrison,NHE,Elm Citys,1052,C/SS,4,,,-0.04783773049712181,-0.04783773049712181
1001136,(Unknown) Boland,,BKA,Atlantics,1010,3B,4,,,-0.04860261455178261,-0.04860261455178261
1009323,Horatio Munn,Horatio Munn,BKA,Atlantics,1010,2B,4,,,-0.04961202293634415,-0.04961202293634415
1011870,(Unknown) Sheridan,,BKA,Atlantics,1010,LF,4,,,-0.0561731792986393,-0.0561731792986393
1011781,(Unknown) Shaffer,,BKA,Atlantics,1010,RF,4,,,-0.0561731792986393,-0.0561731792986393
1010857,William Rexter,William Rexter,BKA,Atlantics,1010,RF,4,,,-0.0561731792986393,-0.0561731792986393
1013663,Fred Waterman,Fred Waterman,CHI,White Stockings,17,3B,20,,,-0.056788187474012375,-0.056788187474012375
1010736,Al Reach,Al Reach,PHN,Athletics,1002,2B/RF,14,,,-0.05828172340989113,-0.05828172340989113
1013631,Fred Warner,Fred Warner,PCN,Centennials,1019,CF,58,,,-0.060422882437705994,-0.060422882437705994
1008803,Alfred Metcalfe,Al Metcalf,NYM,Mutuals,1053,3B/RF,32,,,-0.06546197831630707,-0.06546197831630707
1008038,Fergy Malone,Fergy Malone,PWS,Whites,1065,1B,124,,,-0.08210990577936172,-0.08210990577936172
1000004,John Abadie,John Abadie,- - -,- - -,0,1B,49,,,-0.08535718079656363,-0.08535718079656363
1004734,Jim Gilmore,Jim Gilmore,WSO,Nationals,1088,C/3B/RF,12,,,-0.08751744031906128,-0.08751744031906128
1013530,Oscar Walker,Oscar Walker,BKA,Atlantics,1010,1B/RF,3,,,-0.09344902634620667,-0.09344902634620667
1008692,Trick McSorley,Trick McSorley,SLR,Red Stockings,1073,3B/LF,52,,,-0.09515724331140518,-0.09515724331140518
1012164,John Smith,John Smith,NHE,Elm Citys,1052,SS,4,,,-0.09985823184251785,-0.09985823184251785
1012209,Tom Smith,Tom Smith,BKA,Atlantics,1010,2B,13,,,-0.10152538865804672,-0.10152538865804672
1001550,Oliver Brown,Oliver Brown,BKA,Atlantics,1010,1B/RF/CF,10,,,-0.13462883234024048,-0.13462883234024048
1001934,John Carbine,John Carbine,KEO,Westerns,1084,1B,36,,,-0.13670527935028076,-0.13670527935028076
1006757,George Keerl,George Keerl,CHI,White Stockings,17,2B,23,,,-0.14017941057682037,-0.14017941057682037
1010609,(Unknown) Quinn,,BKA,Atlantics,1010,SS/RF/CF,8,,,-0.14485180377960205,-0.14485180377960205
1000554,Tom Barlow,Tom Barlow,- - -,- - -,0,2B/SS,9,,,-0.1498782221460715,-0.1498782221460715
1003730,Joe Ellick,Joe Ellick,SLR,Red Stockings,1073,3B/CF,27,,,-0.15515898168087006,-0.15515898168087006
1010965,Billy Riley,Billy Riley,KEO,Westerns,1084,RF,34,,,-0.15683795511722565,-0.15683795511722565
1008150,Al Martin,Al Martin,BKA,Atlantics,1010,CF,26,,,-0.17626900970935822,-0.17626900970935822
1010633,John Radcliff,John Radcliff,PCN,Centennials,1019,SS,24,,,-0.213162362575531,-0.213162362575531
1006879,Henry Kessler,Henry Kessler,BKA,Atlantics,1010,SS,106,,,-0.22679199278354645,-0.22679199278354645
1004813,Wally Goldsmith,Wally Goldsmith,KEO,Westerns,1084,3B,51,,,-0.23903192579746246,-0.23903192579746246
1002052,John Cassidy,John Cassidy,- - -,- - -,0,P/1B,188,214.6666,0.37283334136009216,-0.6148871760815382,-0.24205383472144604
1009123,Molly Moore,Molly Moore,BKA,Atlantics,1010,1B/SS,86,,,-0.25297725200653076,-0.25297725200653076
1008589,John McKelvey,John McKelvey,NHE,Elm Citys,1052,RF,193,,,-0.2562676966190338,-0.2562676966190338
1003421,Herm Doscher,Herm Doscher,WSO,Nationals,1088,3B,81,,,-0.2764568328857422,-0.2764568328857422
1002783,Art Croft,Art Croft,SLR,Red Stockings,1073,CF/LF,75,,,-0.27878880500793457,-0.27878880500793457
1001192,Eddie Booth,Eddie Booth,NYM,Mutuals,1053,RF,281,,,-0.2807440459728241,-0.2807440459728241
1011484,Lou Say,Lou Say,WSO,Nationals,1088,SS,38,,,-0.29705220460891724,-0.29705220460891724
1006749,Jim Keenan,Jim Keenan,NHE,Elm Citys,1052,C/3B,13,,,-0.30365318059921265,-0.30365318059921265
1002826,Bill Crowley,Bill Crowley,PWS,Whites,1065,3B/CF,38,,,-0.3082542419433594,-0.3082542419433594
1000502,Studs Bancker,Stud Bancker,NHE,Elm Citys,1052,C,72,,,-0.3198603093624115,-0.3198603093624115
1000164,Art Allison,Art Allison,- - -,- - -,0,1B/RF,288,,,-0.3250335827469826,-0.3250335827469826
1008396,(Unknown) McCloskey,,WSO,Nationals,1088,C,41,,,-0.32734164595603943,-0.32734164595603943
1013177,George Trenwith,George Trenwith,- - -,- - -,0,3B,71,,,-0.32745422748848796,-0.32745422748848796
1012925,(Unknown) Terry,,WSO,Nationals,1088,1B/RF,22,,,-0.33684173226356506,-0.33684173226356506
1010058,Tom Patterson,Dan Patterson,BKA,Atlantics,1010,2B/RF,45,,,-0.3391841650009155,-0.3391841650009155
1009552,Al Nichols,Al Nichols,BKA,Atlantics,1010,3B,131,,,-0.34394600987434387,-0.34394600987434387
1009829,Tom Oran,Tom Oran,SLR,Red Stockings,1073,RF,82,,,-0.3505101501941681,-0.3505101501941681
1002250,Bobby Clack,Bobby Clack,BKA,Atlantics,1010,CF,59,,,-0.3593369722366333,-0.3593369722366333
1007796,John Lowry,John Lowry,WSO,Nationals,1088,CF,23,,,-0.36516496539115906,-0.36516496539115906
1010610,Paddy Quinn,Paddy Quinn,- - -,- - -,0,C/CF,118,,,-0.3673351872712374,-0.3673351872712374
1000581,Billy Barnie,Billy Barnie,- - -,- - -,0,C/RF,71,,,-0.3948913961648941,-0.3948913961648941
1008905,Joe Miller,Joe Miller,- - -,- - -,0,2B,104,,,-0.3964318037033081,-0.3964318037033081
1011982,Joe Simmons,Joe Simmons,KEO,Westerns,1084,CF,53,,,-0.4082006514072418,-0.4082006514072418
1011084,Adam Rocap,Adam Rocap,PHN,Athletics,1002,2B/RF/CF,70,,,-0.4112250506877899,-0.4112250506877899
1004162,Silver Flint,Silver Flint,SLR,Red Stockings,1073,C,62,,,-0.4179368019104004,-0.4179368019104004
1010844,Larry Ressler,Larry Ressler,WSO,Nationals,1088,2B/RF,108,,,-0.46322935819625854,-0.46322935819625854
1008215,Charlie Mason,Charlie Mason,- - -,- - -,0,RF/LF,80,2.0,-0.021366668865084648,-0.44427628070116043,-0.4656429495662451
1010927,John Richmond,John Richmond,PHN,Athletics,1002,2B,126,,,-0.5336580872535706,-0.5336580872535706
1007056,Jake Knowdell,Jake Knowdell,BKA,Atlantics,1010,C,164,,,-0.6132969260215759,-0.6132969260215759
1012769,Charlie Sweasy,Charlie Sweasy,SLR,Red Stockings,1073,2B,79,,,-0.6196320056915283,-0.6196320056915283
1001330,Steve Brady,Steve Brady,- - -,- - -,0,2B,95,,,-0.6605292819440365,-0.6605292819440365
1012999,Andrew Thompson,Andrew Thompson,WSO,Nationals,1088,C,41,,,-0.6725804805755615,-0.6725804805755615
1011342,Johnny Ryan,Johnny Ryan,NHE,Elm Citys,1052,LF,149,59.3333,0.2207718789577484,-0.9070053696632385,-0.6862334907054901
1008512,Pat McGee,Pat McGee,- - -,- - -,0,CF,161,,,-0.7116411775350571,-0.7116411775350571
1002929,John Dailey,John Dailey,- - -,- - -,0,SS,118,,,-0.8158879578113556,-0.8158879578113556
1013078,Jim Tipper,Jim Tipper,NHE,Elm Citys,1052,CF,160,,,-0.979108989238739,-0.979108989238739
