playerid,playerName,playerNameRoute,abbName,shortName,teamId,pos,PA,IP,pitWAR,batWAR,totalWAR
1014369,Cy Young,Cy Young,CLE,Spiders,1026,P,186.0,414.3333,8.333136558532715,0.6614803671836853,8.9946169257164
1006396,Hughie Jennings,Hughie Jennings,BAL,Orioles,1006,SS,602.0,,,8.7891263961792,8.7891263961792
1006776,Joe Kelley,Joe Kelley,BAL,Orioles,1006,LF,627.0,,,7.755685806274414,7.755685806274414
1003155,Ed Delahanty,Ed Delahanty,PHI,Phillies,26,LF,574.0,,,7.718023777008057,7.718023777008057
1002924,Bill Dahlen,Bill Dahlen,CHI,Colts,17,SS,573.0,,,7.411805152893066,7.411805152893066
1002186,Cupid Childs,Cupid Childs,CLE,Spiders,1026,2B,615.0,,,6.650343418121338,6.650343418121338
1006904,Frank Killen,Frank Killen,PIT,Pirates,27,P,204.0,432.3333,5.649068355560303,0.8240699172019958,6.473138272762299
1006633,Bill Joyce,Bill Joyce,- - -,- - -,0,2B/3B,600.0,,,6.2914206981658936,6.2914206981658936
1005038,Clark Griffith,Clark Griffith,CHI,Colts,17,P,146.0,317.6666,5.845545291900635,0.3377205729484558,6.183265864849091
1002884,Nig Cuppy,Nig Cuppy,CLE,Spiders,1026,P,166.0,358.0,5.888932228088379,0.2474365234375,6.136368751525879
1005270,Billy Hamilton,Billy Hamilton,BSN,Beaneaters,16,CF,641.0,,,6.027076721191406,6.027076721191406
1012134,Elmer Smith,Elmer Smith,PIT,Pirates,27,LF,572.0,,,5.980362892150879,5.980362892150879
1005899,Bill Hoffer,Bill Hoffer,BAL,Orioles,1006,P,143.0,309.0,4.697526454925537,1.1189892292022705,5.816515684127808
1001682,Jesse Burkett,Jesse Burkett,CLE,Spiders,1026,LF,647.0,,,5.743838787078857,5.743838787078857
1006747,Willie Keeler,Willie Keeler,BAL,Orioles,1006,RF,601.0,,,5.701742172241211,5.701742172241211
1013062,Mike Tiernan,Mike Tiernan,NYG,Giants,30,RF,605.0,,,5.678451061248779,5.678451061248779
1003607,Frank Dwyer,Frank Dwyer,CIN,Reds,18,P,125.0,288.6666,4.4066643714904785,0.48118075728416443,4.887845128774643
1003049,George Davis,George Davis,NYG,Giants,30,3B/SS,554.0,,,4.712250232696533,4.712250232696533
1007315,Bill Lange,Bill Lange,CHI,Colts,17,CF,545.0,,,4.709527492523193,4.709527492523193
1005517,Pink Hawley,Pink Hawley,PIT,Pirates,27,P,170.0,378.0,4.2400898933410645,0.1477579027414322,4.387847796082497
1013357,George Van Haltren,George Van Haltren,NYG,Giants,30,CF,623.0,8.0,-0.03543085977435112,4.365180015563965,4.329749155789614
1008724,Jouett Meekin,Jouett Meekin,NYG,Giants,30,P,156.0,334.3333,3.244544506072998,1.0713520050048828,4.315896511077881
1009564,Kid Nichols,Kid Nichols,BSN,Beaneaters,16,P,169.0,372.3333,5.11584997177124,-0.8412643671035767,4.274585604667664
1012547,Jack Stivetts,Jack Stivetts,BSN,Beaneaters,16,P,238.0,329.0,3.208571195602417,0.9956324696540833,4.2042036652565
1008778,Win Mercer,Win Mercer,WAS,Senators,1082,P,171.0,366.3333,4.510347366333008,-0.31817856431007385,4.192168802022934
1002273,Dad Clarke,Dad Clarke,NYG,Giants,30,P,161.0,351.0,4.350261688232422,-0.3273755609989166,4.022886127233505
1007731,Herman Long,Herman Long,BSN,Beaneaters,16,SS,544.0,,,4.006549835205078,4.006549835205078
1003708,Red Ehret,Red Ehret,CIN,Reds,18,P,117.0,276.6666,4.202122688293457,-0.22383925318717957,3.9782834351062775
1012485,Jake Stenzel,Jake Stenzel,PIT,Pirates,27,CF,525.0,,,3.748875379562378,3.748875379562378
1008431,Tom McCreery,Tom McCreery,LOU,Colonels,1044,RF,493.0,1.0,-0.20340514183044434,3.948666572570801,3.7452614307403564
1008675,Bid McPhee,Bid McPhee,CIN,Reds,18,2B,502.0,,,3.6390469074249268,3.6390469074249268
1008581,Ed McKean,Ed McKean,CLE,Spiders,1026,SS,630.0,,,3.5989959239959717,3.5989959239959717
1001383,Ted Breitenstein,Ted Breitenstein,STL,Browns,28,P,182.0,339.6666,3.5678582191467285,-0.17177720367908478,3.3960810154676437
1010430,Arlie Pond,Arlie Pond,BAL,Orioles,1006,P,94.0,214.3333,3.3625950813293457,0.027226164937019348,3.389821246266365
1003198,Gene DeMontreville,Gene DeMontreville,WAS,Senators,1082,SS,581.0,,,3.3551061153411865,3.3551061153411865
1011731,Kip Selbach,Kip Selbach,WAS,Senators,1082,LF,578.0,,,3.3393304347991943,3.3393304347991943
1005047,Mike Griffin,Mike Griffin,BRO,Bridegrooms,22,CF,556.0,,,3.2892231941223145,3.2892231941223145
1002280,Fred Clarke,Fred Clarke,LOU,Colonels,1044,LF,581.0,,,3.282954216003418,3.282954216003418
1006111,Dummy Hoy,Dummy Hoy,CIN,Reds,18,CF,554.0,,,3.1960442066192627,3.1960442066192627
1001678,Eddie Burke,Eddie Burke,CIN,Reds,18,LF,575.0,,,3.160648822784424,3.160648822784424
1012926,Adonis Terry,Adonis Terry,CHI,Colts,17,P,111.0,235.6666,3.127922296524048,-0.001770565751940012,3.126151730772108
1003461,Jack Doyle,Jack Doyle,BAL,Orioles,1006,1B,546.0,,,3.1185622215270996,3.1185622215270996
1006555,Fielder Jones,Fielder Jones,BRO,Bridegrooms,22,RF,451.0,,,2.8952887058258057,2.8952887058258057
1014114,Zeke Wilson,Zeke Wilson,CLE,Spiders,1026,P,108.0,240.0,2.659832000732422,0.18784789741039276,2.8476798981428146
1003385,Jim Donnelly,Jim Donnelly,BAL,Orioles,1006,3B,454.0,,,2.836411237716675,2.836411237716675
1008887,Dusty Miller,Dusty Miller,CIN,Reds,18,RF,559.0,,,2.772091865539551,2.772091865539551
1008576,James McJames,Doc McJames,WAS,Senators,1082,P,117.0,280.3333,3.390141725540161,-0.8579674363136292,2.532174289226532
1007880,Denny Lyons,Denny Lyons,PIT,Pirates,27,3B,519.0,,,2.5069081783294678,2.5069081783294678
1003399,Patsy Donovan,Patsy Donovan,PIT,Pirates,27,RF,624.0,,,2.4553680419921875,2.4553680419921875
1007786,Bobby Lowe,Bobby Lowe,BSN,Beaneaters,16,2B,335.0,,,2.3759899139404297,2.3759899139404297
1004229,Frank Foreman,Frank Foreman,CIN,Reds,18,P,83.0,185.6666,2.4393980503082275,-0.06945466250181198,2.3699433878064156
1002537,Roger Connor,Roger Connor,STL,Browns,28,1B,537.0,,,2.3369407653808594,2.3369407653808594
1003003,Dan Daub,Dan Daub,BRO,Bridegrooms,22,P,95.0,225.0,2.135713577270508,0.19561320543289185,2.3313267827033997
1012143,Germany Smith,Germany Smith,CIN,Reds,18,SS,492.0,,,2.295586585998535,2.295586585998535
1006943,Silver King,Silver King,WAS,Senators,1082,P,69.0,145.3333,1.8594990968704224,0.37345123291015625,2.2329503297805786
1004770,Kid Gleason,Kid Gleason,NYG,Giants,30,2B,595.0,,,2.206779718399048,2.206779718399048
1002622,Tommy Corcoran,Tommy Corcoran,BRO,Bridegrooms,22,SS,560.0,,,2.1227574348449707,2.1227574348449707
1013024,Sam Thompson,Sam Thompson,PHI,Phillies,26,RF,554.0,,,2.1120753288269043,2.1120753288269043
1002338,Jack Clements,Jack Clements,PHI,Phillies,26,C,212.0,,,2.0961692333221436,2.0961692333221436
1000272,Cap Anson,Cap Anson,CHI,Colts,17,1B,459.0,,,2.092223644256592,2.092223644256592
1002455,Jimmy Collins,Jimmy Collins,BSN,Beaneaters,16,3B,350.0,,,2.0836644172668457,2.0836644172668457
1008553,Deacon McGuire,Deacon McGuire,WAS,Senators,1082,C,431.0,,,2.0788862705230713,2.0788862705230713
1004356,Danny Friend,Danny Friend,CHI,Colts,17,P,133.0,290.6666,2.524939775466919,-0.48519188165664673,2.039747893810272
1003373,Red Donahue,Red Donahue,STL,Browns,28,P,114.0,267.0,3.146106004714966,-1.1162455081939697,2.029860496520996
1010094,Harley Payne,Harley Payne,BRO,Bridegrooms,22,P,111.0,241.6666,2.336139678955078,-0.30734875798225403,2.028790920972824
1000232,John Anderson,John Anderson,BRO,Bridegrooms,22,1B/LF,451.0,,,1.9985382556915283,1.9985382556915283
1001461,Steve Brodie,Steve Brodie,BAL,Orioles,1006,CF,573.0,,,1.9483968019485474,1.9483968019485474
1012878,Jack Taylor,Jack Taylor,PHI,Phillies,26,P,174.0,359.0,3.093944787979126,-1.1732326745986938,1.9207121133804321
1003533,Hugh Duffy,Hugh Duffy,BSN,Beaneaters,16,LF,601.0,,,1.9191313982009888,1.9191313982009888
1004917,Mike Grady,Mike Grady,PHI,Phillies,26,C,267.0,,,1.8620922565460205,1.8620922565460205
1003761,Bones Ely,Bones Ely,PIT,Pirates,27,SS,598.0,,,1.86006760597229,1.86006760597229
1001486,Dan Brouthers,Dan Brouthers,PHI,Phillies,26,1B,267.0,,,1.8503944873809814,1.8503944873809814
1012695,Jim Sullivan,Jim Sullivan,BSN,Beaneaters,16,P,93.0,225.3333,2.1034512519836426,-0.2567824423313141,1.8466688096523285
1010880,Billy Rhines,Billy Rhines,CIN,Reds,18,P,56.0,143.0,2.085034132003784,-0.24737857282161713,1.837655559182167
1005620,George Hemming,George Hemming,BAL,Orioles,1006,P,104.0,202.0,1.7031680345535278,0.10859907418489456,1.8117671087384224
1000754,Jake Beckley,Jake Beckley,- - -,- - -,0,1B,455.0,,,1.7907977104187012,1.7907977104187012
1009857,Al Orth,Al Orth,PHI,Phillies,26,P,85.0,196.0,1.4812637567520142,0.23753520846366882,1.718798965215683
1013542,Bobby Wallace,Bobby Wallace,CLE,Spiders,1026,P/RF,164.0,145.3333,2.1677708625793457,-0.4528341293334961,1.7149367332458496
1011078,Wilbert Robinson,Wilbert Robinson,BAL,Orioles,1006,C,264.0,,,1.7055554389953613,1.7055554389953613
1002008,Kid Carsey,Kid Carsey,PHI,Phillies,26,P,95.0,187.3333,1.4897671937942505,0.1697670817375183,1.6595342755317688
1007233,George Lachance,Candy LaChance,BRO,Bridegrooms,22,1B,380.0,,,1.658465027809143,1.658465027809143
1004081,Chauncey Fisher,Chauncey Fisher,CIN,Reds,18,P,67.0,159.6666,1.5095548629760742,0.09036286175251007,1.5999177247285843
1006278,Charlie Irwin,Charlie Irwin,CIN,Reds,18,3B,516.0,,,1.5658468008041382,1.5658468008041382
1005438,Bill Hart,Bill Hart,STL,Browns,28,P,169.0,336.0,2.675481081008911,-1.1101142168045044,1.5653668642044067
1010131,Heinie Peitz,Heinie Peitz,CIN,Reds,18,C,247.0,,,1.5552161931991577,1.5552161931991577
1010822,Henry Reitz,Heinie Reitz,BAL,Orioles,1006,2B,527.0,,,1.5534166097640991,1.5534166097640991
1011916,George Shoch,George Shoch,BRO,Bridegrooms,22,2B,293.0,,,1.5387983322143555,1.5387983322143555
1005257,Bill Hallman,Bill Hallman,PHI,Phillies,26,2B,534.0,2.0,-0.03756386786699295,1.5717586278915405,1.5341947600245476
1012916,Fred Tenney,Fred Tenney,BSN,Beaneaters,16,C/RF,406.0,,,1.531386137008667,1.531386137008667
1003881,Buck Ewing,Buck Ewing,CIN,Reds,18,1B,296.0,,,1.4990218877792358,1.4990218877792358
1003827,Duke Esper,Duke Esper,BAL,Orioles,1006,P,68.0,155.6666,1.7525932788848877,-0.2551845610141754,1.4974087178707123
1013213,Tommy Tucker,Tommy Tucker,BSN,Beaneaters,16,1B,526.0,,,1.4734193086624146,1.4734193086624146
1003872,Bill Everitt,Bill Everitt,CHI,Colts,17,3B,625.0,,,1.421142578125,1.421142578125
1011341,Jimmy Ryan,Jimmy Ryan,CHI,Colts,17,RF,549.0,,,1.3699886798858643,1.3699886798858643
1001424,Buttons Briggs,Buttons Briggs,CHI,Colts,17,P,85.0,194.0,1.845542073249817,-0.5548143982887268,1.29072767496109
1012708,Mike Sullivan,Mike Sullivan,NYG,Giants,30,P,81.0,185.3333,1.5647855997085571,-0.31734418869018555,1.2474414110183716
1001562,Tom Brown,Tom Brown,WAS,Senators,1082,CF,513.0,,,1.1985325813293457,1.1985325813293457
1008632,Sadie McMahon,Sadie McMahon,BAL,Orioles,1006,P,75.0,175.6666,1.8531198501586914,-0.668098509311676,1.1850213408470154
1002356,Billy Clingman,Billy Clingman,LOU,Colonels,1044,3B,487.0,,,1.1522774696350098,1.1522774696350098
1014441,Chief Zimmer,Chief Zimmer,CLE,Spiders,1026,C,381.0,,,1.1406805515289307,1.1406805515289307
1006753,Harry Keener,Harry Keener,PHI,Phillies,26,P,52.0,113.3333,0.8464352488517761,0.2583255171775818,1.104760766029358
1011900,Billy Shindle,Billy Shindle,BRO,Bridegrooms,22,3B,562.0,,,1.0978965759277344,1.0978965759277344
1005139,Ad Gumbert,Ad Gumbert,- - -,- - -,0,P,47.0,108.3333,0.9945572353899479,0.0938662001863122,1.08842343557626
1008322,Jimmy McAleer,Jimmy McAleer,CLE,Spiders,1026,CF,525.0,,,1.0825083255767822,1.0825083255767822
1008273,Al Maul,Al Maul,WAS,Senators,1082,P,31.0,62.0,1.0030436515808105,0.06199224293231964,1.0650358945131302
1012672,Joe Sugden,Joe Sugden,PIT,Pirates,27,C,338.0,,,1.0546461343765259,1.0546461343765259
1002876,Ellsworth Cunningham,Bert Cunningham,LOU,Colonels,1044,P,94.0,189.3333,0.9946050047874451,0.010319054126739502,1.0049240589141846
1006155,Jim Hughey,Jim Hughey,PIT,Pirates,27,P,70.0,155.0,1.0824968814849854,-0.11484485864639282,0.9676520228385925
1007014,Fred Klobedanz,Fred Klobedanz,BSN,Beaneaters,16,P,41.0,80.6666,0.7589835524559021,0.20614908635616302,0.9651326388120651
1002957,Tom Daly,Tom Daly,BRO,Bridegrooms,22,2B,262.0,,,0.9595086574554443,0.9595086574554443
1008501,Dan McGann,Dan McGann,BSN,Beaneaters,16,2B,188.0,,,0.9536701440811157,0.9536701440811157
1000006,Bert Abbey,Bert Abbey,BRO,Bridegrooms,22,P,73.0,164.3333,0.961115837097168,-0.05806567892432213,0.9030501581728458
1009696,John O'Brien,John O'Brien,- - -,- - -,0,2B,510.0,,,0.9016600847244263,0.9016600847244263
1013381,Farmer Vaughn,Farmer Vaughn,CIN,Reds,18,C/1B,457.0,,,0.8942117691040039,0.8942117691040039
1005808,Bill Hill,Bill Hill,LOU,Colonels,1044,P,125.0,319.6666,1.3215926885604858,-0.44261398911476135,0.8789786994457245
1002267,William Clarke,Boileryard Clarke,BAL,Orioles,1006,C,330.0,,,0.8363381624221802,0.8363381624221802
1001724,Frank Burrell,Buster Burrell,BRO,Bridegrooms,22,C,225.0,,,0.8082180023193359,0.8082180023193359
1008884,George Miller,Doggie Miller,LOU,Colonels,1044,C/2B,356.0,,,0.805698812007904,0.805698812007904
1007259,Nap Lajoie,Nap Lajoie,PHI,Phillies,26,1B,178.0,,,0.7814000248908997,0.7814000248908997
1009456,Billy Nash,Billy Nash,PHI,Phillies,26,3B,269.0,,,0.7603814005851746,0.7603814005851746
1003942,Duke Farrell,Duke Farrell,- - -,- - -,0,C,362.0,,,0.7559782862663269,0.7559782862663269
1000953,Lou Bierbauer,Lou Bierbauer,PIT,Pirates,27,2B,265.0,,,0.7410291433334351,0.7410291433334351
1005483,Charlie Hastings,Charlie Hastings,PIT,Pirates,27,P,41.0,104.0,0.7127212285995483,-0.01316328626126051,0.6995579423382878
1002610,Joe Corbett,Joe Corbett,BAL,Orioles,1006,P,22.0,41.0,0.708080530166626,-0.015433261170983315,0.6926472689956427
1006979,Bill Kissinger,Bill Kissinger,STL,Browns,28,P,75.0,136.0,0.8468363881111145,-0.20231738686561584,0.6445190012454987
1010025,Tom Parrott,Tom Parrott,STL,Browns,28,CF,499.0,42.0,-0.10146503150463104,0.7442009449005127,0.6427359133958817
1004636,Les German,Les German,- - -,- - -,0,P,78.0,169.33319999999998,0.8176478734239936,-0.17546188831329346,0.6421859851107001
1008542,John McGraw,John McGraw,BAL,Orioles,1006,3B,90.0,,,0.6343758702278137,0.6343758702278137
1010002,Harley Parker,Doc Parker,CHI,Colts,17,P,37.0,73.0,0.6714036464691162,-0.08713608235120773,0.5842675641179085
1004305,Chick Fraser,Chick Fraser,LOU,Colonels,1044,P,154.0,349.3333,1.838954210281372,-1.2896547317504883,0.5492994785308838
1009713,Jack O'Connor,Jack O'Connor,CLE,Spiders,1026,C/1B,281.0,,,0.5205935835838318,0.5205935835838318
1010315,Ollie Pickering,Ollie Pickering,LOU,Colonels,1044,CF,178.0,,,0.5066336393356323,0.5066336393356323
1002317,Willie Clark,Willie Clark,NYG,Giants,30,1B,272.0,,,0.49552905559539795,0.49552905559539795
1008522,Willie McGill,Willie McGill,PHI,Phillies,26,P,33.0,79.6666,0.5059213638305664,-0.019243929535150528,0.4866774342954159
1009624,Jerry Nops,Jerry Nops,- - -,- - -,0,P,14.0,29.0,0.631466418504715,-0.14915422350168228,0.4823121950030327
1002808,Lave Cross,Lave Cross,PHI,Phillies,26,3B/SS,453.0,,,0.47873741388320923,0.47873741388320923
1012149,Harvey Smith,Harvey Smith,WAS,Senators,1082,3B,149.0,,,0.4745784103870392,0.4745784103870392
1003053,Harry Davis,Harry Davis,- - -,- - -,0,1B/LF,461.0,,,0.4625261425971985,0.4625261425971985
1006836,Brickyard Kennedy,Brickyard Kennedy,BRO,Bridegrooms,22,P,128.0,305.6666,1.0969972610473633,-0.6400766968727112,0.4569205641746521
1013041,Walter Thornton,Walter Thornton,CHI,Colts,17,P/CF,27.0,23.6666,0.20617322623729706,0.2399291694164276,0.44610239565372467
1004582,Dale Gear,Dale Gear,CLE,Spiders,1026,P/1B,16.0,23.0,0.28248634934425354,0.15711016952991486,0.4395965188741684
1005477,Bill Hassamaer,Bill Hassamaer,LOU,Colonels,1044,1B,120.0,,,0.4233151972293854,0.4233151972293854
1003356,Ed Doheny,Ed Doheny,NYG,Giants,30,P,45.0,108.3333,0.556958794593811,-0.1483844369649887,0.4085743576288223
1009645,Effie Norton,Effie Norton,WAS,Senators,1082,P,19.0,44.0,0.43528497219085693,-0.05928577855229378,0.37599919363856316
1002274,Dad Clarkson,Dad Clarkson,BAL,Orioles,1006,P,21.0,47.0,0.32152268290519714,0.05049172788858414,0.3720144107937813
1004457,William Gallagher,William Gallagher,PHI,Phillies,26,SS,61.0,,,0.36633262038230896,0.36633262038230896
1007845,Billy Lush,Billy Lush,WAS,Senators,1082,RF,425.0,,,0.3608328700065613,0.3608328700065613
1008784,Bill Merritt,Bill Merritt,PIT,Pirates,27,C,311.0,,,0.33755940198898315,0.33755940198898315
1002511,Frank Connaughton,Frank Connaughton,NYG,Giants,30,SS/LF,347.0,,,0.32959985733032227,0.32959985733032227
1005067,John Grim,John Grim,BRO,Bridegrooms,22,C,309.0,,,0.29072925448417664,0.29072925448417664
1002797,Jack Crooks,Jack Crooks,- - -,- - -,0,2B,250.0,,,0.24467172846198082,0.24467172846198082
1004180,Carney Flynn,Carney Flynn,- - -,- - -,0,P,12.0,30.666600000000003,0.12660674937069416,0.10270548984408379,0.22931223921477795
1000244,Varney Anderson,Varney Anderson,WAS,Senators,1082,P,5.0,9.0,0.09504301100969315,0.12445427477359772,0.21949728578329086
1012168,Jud Smith,Jud Smith,PIT,Pirates,27,3B,39.0,,,0.1979874074459076,0.1979874074459076
1005957,Bug Holliday,Bug Holliday,CIN,Reds,18,LF,95.0,1.0,-0.04046294838190079,0.21678324043750763,0.17632029205560684
1001895,Sal Campfield,Sal Campfield,NYG,Giants,30,P,13.0,27.0,0.20843562483787537,-0.03485896438360214,0.17357666045427322
1002024,Ed Cartwright,Ed Cartwright,WAS,Senators,1082,1B,561.0,,,0.1677088886499405,0.1677088886499405
1010263,Fred Pfeffer,Fred Pfeffer,- - -,- - -,0,2B,404.0,,,0.16257384419441223,0.16257384419441223
1012900,Patsy Tebeau,Patsy Tebeau,CLE,Spiders,1026,1B,581.0,0.0,0.0,0.15436698496341705,0.15436698496341705
1005377,George Harper,George Harper,BRO,Bridegrooms,22,P,45.0,86.0,0.12236340343952179,0.025275342166423798,0.1476387456059456
1008001,Willard Mains,Willard Mains,BSN,Beaneaters,16,P,22.0,42.6666,0.16468486189842224,-0.018666934221982956,0.14601792767643929
1006173,Billy Hulen,Billy Hulen,PHI,Phillies,26,SS,403.0,,,0.13919386267662048,0.13919386267662048
1002579,Duff Cooley,Duff Cooley,- - -,- - -,0,CF/LF,492.0,,,0.11934872716665268,0.11934872716665268
1001278,Jake Boyd,Jake Boyd,WAS,Senators,1082,P,15.0,32.0,0.27573755383491516,-0.16170161962509155,0.11403593420982361
1008339,Algie McBride,Algie McBride,CHI,Colts,17,LF,36.0,,,0.11354362219572067,0.11354362219572067
1004645,Charlie Gettig,Charlie Gettig,NYG,Giants,30,P,9.0,14.0,0.05727002024650574,0.0525277704000473,0.10979779064655304
1002122,Ice Box Chamberlain,Elton Chamberlain,CLE,Spiders,1026,P,4.0,11.0,0.12806369364261627,-0.026059994474053383,0.10200369916856289
1001174,Frank Bonner,Frank Bonner,BRO,Bridegrooms,22,2B,38.0,,,0.07522238790988922,0.07522238790988922
1013835,George Wheeler,George Wheeler,PHI,Phillies,26,P,9.0,16.3333,0.17925503849983215,-0.10578393191099167,0.07347110658884048
1010796,Bill Reidy,Bill Reidy,NYG,Giants,30,P,5.0,13.0,0.16463537514209747,-0.09357444196939468,0.07106093317270279
1003125,George Decker,George Decker,CHI,Colts,17,1B/LF,452.0,,,0.06893987953662872,0.06893987953662872
1008502,Chippy McGarr,Chippy McGarr,CLE,Spiders,1026,3B,486.0,,,0.06864453852176666,0.06864453852176666
1007429,Dan Leahy,Dan Leahy,PHI,Phillies,26,SS,7.0,,,0.06572113186120987,0.06572113186120987
1006606,Charlie Jordan,Charlie Jordan,PHI,Phillies,26,P,2.0,4.6666,0.03790329769253731,0.026783091947436333,0.06468638963997364
1003360,Cozy Dolan,Cozy Dolan,BSN,Beaneaters,16,P,16.0,41.0,0.27698850631713867,-0.21277375519275665,0.06421475112438202
1013910,Bill Whitrock,Bill Whitrock,PHI,Phillies,26,P,4.0,9.0,0.08331859856843948,-0.021599872037768364,0.06171872653067112
1001247,Cy Bowen,Cy Bowen,NYG,Giants,30,P,6.0,12.0,-0.005037821363657713,0.06563549488782883,0.060597673524171114
1006265,Bert Inks,Bert Inks,- - -,- - -,0,P,14.0,30.3333,0.14975206553936005,-0.09974425658583641,0.050007808953523636
1012210,Tom Smith,Tom Smith,LOU,Colonels,1044,P/1B,43.0,55.0,0.1508336365222931,-0.10123647749423981,0.049597159028053284
1012552,Otis Stocksdale,Otis Stocksdale,BAL,Orioles,1006,P,3.0,1.6665999999999999,-0.021961865946650505,0.056406568735837936,0.03444470278918743
1000511,Bill Banks,Bill Banks,BSN,Beaneaters,16,P,12.0,23.0,0.019693979993462563,0.00959752406924963,0.029291504062712193
1005031,Bill Grey,Bill Gray,CIN,Reds,18,C/2B,146.0,,,0.02572423592209816,0.02572423592209816
1003087,Wiley Davis,Wiley Davis,CIN,Reds,18,P,2.0,4.3333,0.01014401763677597,0.015042085200548172,0.025186102837324142
1007121,Joe Kostal,Joe Kostal,LOU,Colonels,1044,P,,2.0,0.013929530046880245,0.0,0.013929530046880245
1001289,Jack Boyle,Jack Boyle,PHI,Phillies,26,C/1B,158.0,,,0.013627354055643082,0.013627354055643082
1004266,Dave Foutz,Dave Foutz,BRO,Bridegrooms,22,1B/RF,9.0,,,0.011862856335937977,0.011862856335937977
1008011,John Malarkey,John Malarkey,WAS,Senators,1082,P,2.0,7.0,-0.04712146148085594,0.053039997816085815,0.005918536335229874
1014298,Zeke Wrigley,Zeke Wrigley,WAS,Senators,1082,2B/SS,10.0,,,0.004506597761064768,0.004506597761064768
1014223,John Wood,John Wood,STL,Browns,28,P,,0.0,0.0,0.0,0.0
1004569,Hank Gastright,Hank Gastright,CIN,Reds,18,P,2.0,6.0,0.0369260348379612,-0.03911062330007553,-0.002184588462114334
1004357,Frank Freund,Lawrence Freund,LOU,Colonels,1044,C,6.0,,,-0.007491531781852245,-0.007491531781852245
1005690,Art Herman,Art Herman,LOU,Colonels,1044,P,36.0,94.3333,0.3377912938594818,-0.3488391041755676,-0.011047810316085815
1004559,Ned Garvin,Ned Garvin,PHI,Phillies,26,P,6.0,13.0,0.09412358701229095,-0.11362887918949127,-0.019505292177200317
1004256,Reddy Foster,Reddy Foster,NYG,Giants,30,PH/PR,1.0,,,-0.02158978581428528,-0.02158978581428528
1004228,Brownie Foreman,Brownie Foreman,- - -,- - -,0,P,38.0,84.6666,-0.04594242759048939,0.020839471369981766,-0.025102956220507622
1004737,John Gilroy,John Gilroy,WAS,Senators,1082,P,1.0,2.0,-0.007684755604714155,-0.01930150017142296,-0.026986255776137114
1003160,Tom Delahanty,Tom Delahanty,- - -,- - -,0,3B,69.0,,,-0.0280514694750309,-0.0280514694750309
1002810,Monte Cross,Monte Cross,STL,Browns,28,SS,502.0,,,-0.03514637053012848,-0.03514637053012848
1000519,Tom Bannon,Tom Bannon,NYG,Giants,30,CF/LF,8.0,,,-0.03792313113808632,-0.03792313113808632
1007811,Con Lucid,Con Lucid,PHI,Phillies,26,P,17.0,42.0,0.12441574782133102,-0.16804102063179016,-0.04362527281045914
1007589,Ted Lewis,Ted Lewis,BSN,Beaneaters,16,P,18.0,41.6666,0.15163689851760864,-0.19846686720848083,-0.04682996869087219
1014330,George Yeager,George Yeager,BSN,Beaneaters,16,1B,5.0,,,-0.048262108117341995,-0.048262108117341995
1002767,Lou Criger,Lou Criger,CLE,Spiders,1026,C,6.0,,,-0.06374689936637878,-0.06374689936637878
1003259,Charlie Dexter,Charlie Dexter,LOU,Colonels,1044,C/CF,427.0,,,-0.0653393417596817,-0.0653393417596817
1009225,Tom Morrison,Tom Morrison,LOU,Colonels,1044,3B/RF,31.0,,,-0.06627219915390015,-0.06627219915390015
1006035,Elmer Horton,Elmer Horton,PIT,Pirates,27,P,7.0,15.0,0.06240171194076538,-0.13077208399772644,-0.06837037205696106
1004184,George Flynn,George Flynn,CHI,Colts,17,LF,122.0,,,-0.07064521312713623,-0.07064521312713623
1006952,Tom Kinslow,Tom Kinslow,LOU,Colonels,1044,C,27.0,,,-0.09367131441831589,-0.09367131441831589
1002324,Fritz Clausen,Fritz Clausen,LOU,Colonels,1044,P,4.0,11.0,-0.021028943359851837,-0.07468178123235703,-0.09571072459220886
1012599,Sammy Strang,Sammy Strang,LOU,Colonels,1044,SS,52.0,,,-0.09715050458908081,-0.09715050458908081
1014285,Joe Wright,Joe Wright,- - -,- - -,0,CF,60.0,,,-0.11375776305794716,-0.11375776305794716
1006763,Bill Keister,Bill Keister,BAL,Orioles,1006,2B/3B,63.0,,,-0.1368548721075058,-0.1368548721075058
1011844,Timothy Sheehan,Biff Sheehan,STL,Browns,28,RF,23.0,,,-0.13774614036083221,-0.13774614036083221
1008387,Pat McCauley,Pat McCauley,WAS,Senators,1082,C,95.0,,,-0.15568192303180695,-0.15568192303180695
1012697,Joe Sullivan,Joe Sullivan,- - -,- - -,0,CF/LF,457.0,,,-0.15826551616191864,-0.15826551616191864
1013168,George Treadway,George Treadway,LOU,Colonels,1044,1B/RF,8.0,,,-0.16056005656719208,-0.16056005656719208
1003768,Charlie Emig,Charlie Emig,LOU,Colonels,1044,P,3.0,8.0,-0.1246408149600029,-0.05601133406162262,-0.18065214902162552
1003363,Joe Dolan,Joe Dolan,LOU,Colonels,1044,SS,175.0,,,-0.1807224601507187,-0.1807224601507187
1008447,Mike McDermott,Mike McDermott,LOU,Colonels,1044,P,30.0,65.0,-0.349985271692276,0.1394418627023697,-0.2105434089899063
1004485,Charlie Ganzel,Charlie Ganzel,BSN,Beaneaters,16,C,195.0,,,-0.2130831778049469,-0.2130831778049469
1008470,Dewey McDougal,Dewey McDougal,STL,Browns,28,P,3.0,10.0,-0.15608331561088562,-0.05793873593211174,-0.21402205154299736
1014426,Dave Zearfoss,Dave Zearfoss,NYG,Giants,30,C,66.0,,,-0.2140282839536667,-0.2140282839536667
1001286,Eddie Boyle,Eddie Boyle,- - -,- - -,0,C,16.0,,,-0.22804515063762665,-0.22804515063762665
1004790,Jot Goar,Jot Goar,PIT,Pirates,27,P,6.0,13.3333,-0.18619105219841003,-0.04743097350001335,-0.23362202569842339
1008494,Monte McFarland,Monte McFarland,CHI,Colts,17,P,13.0,25.0,0.011415626853704453,-0.25448551774024963,-0.24306989088654518
1009800,Eddie O'Meara,Tom O'Meara,CLE,Spiders,1026,C,38.0,,,-0.24566379189491272,-0.24566379189491272
1004397,Shorty Fuller,Shorty Fuller,NYG,Giants,30,SS,87.0,,,-0.2639380395412445,-0.2639380395412445
1013820,Gus Weyhing,Gus Weyhing,LOU,Colonels,1044,P,17.0,42.0,-0.2007979303598404,-0.06765025854110718,-0.26844818890094757
1003746,Ben Ellis,Ben Ellis,PHI,Phillies,26,3B/SS,19.0,,,-0.27842506766319275,-0.27842506766319275
1011133,Jim Rogers,Jim Rogers,- - -,- - -,0,1B/3B,473.0,,,-0.30029648542404175,-0.30029648542404175
1012377,James Stafford,General Stafford,NYG,Giants,30,LF,248.0,,,-0.30143073201179504,-0.30143073201179504
1004600,Phil Geier,Phil Geier,PHI,Phillies,26,RF,65.0,,,-0.32188600301742554,-0.32188600301742554
1013636,Jack Warner,John Warner,- - -,- - -,0,C,188.0,,,-0.33416346460580826,-0.33416346460580826
1008794,Sam Mertes,Sam Mertes,PHI,Phillies,26,CF,157.0,,,-0.3440801501274109,-0.3440801501274109
1008324,Sport McAllister,Sport McAllister,CLE,Spiders,1026,C/RF,29.0,4.0,-0.010720441117882729,-0.33478596806526184,-0.34550640918314457
1010805,Josh Reilly,Josh Reilly,CHI,Colts,17,2B,43.0,,,-0.3550395369529724,-0.3550395369529724
1007678,Abel Lizotte,Abel Lizotte,PIT,Pirates,27,1B,32.0,,,-0.36534300446510315,-0.36534300446510315
1010607,Joe Quinn,Joe Quinn,- - -,- - -,0,2B,298.0,,,-0.36609575152397156,-0.36609575152397156
1008491,Ed McFarland,Ed McFarland,STL,Browns,28,C,316.0,,,-0.3741243779659271,-0.3741243779659271
1009372,Morgan Murphy,Morgan Murphy,STL,Browns,28,C,189.0,,,-0.37751343846321106,-0.37751343846321106
1001253,Frank Bowerman,Frank Bowerman,BAL,Orioles,1006,C/1B,17.0,,,-0.383267343044281,-0.383267343044281
1013274,George Ulrich,George Ulrich,NYG,Giants,30,LF,50.0,,,-0.3916846811771393,-0.3916846811771393
1000518,Jimmy Bannon,Jimmy Bannon,BSN,Beaneaters,16,RF,384.0,,,-0.4053528606891632,-0.4053528606891632
1006983,Malachi Kittridge,Malachi Kittridge,CHI,Colts,17,C,235.0,1.6665999999999999,-0.008571970276534557,-0.40864482522010803,-0.4172167954966426
1013202,Harry Truby,Harry Truby,- - -,- - -,0,2B,153.0,,,-0.4442933537065983,-0.4442933537065983
1007371,Arlie Latham,Arlie Latham,STL,Browns,28,3B,39.0,,,-0.4518961012363434,-0.4518961012363434
1012464,Ed Stein,Ed Stein,BRO,Bridegrooms,22,P,42.0,90.3333,-0.49541938304901123,0.024240579456090927,-0.4711788035929203
1003443,Tommy Dowd,Tommy Dowd,STL,Browns,28,2B/CF,576.0,,,-0.4723956286907196,-0.4723956286907196
1011337,Jack Ryan,Jack Ryan,BSN,Beaneaters,16,C,32.0,,,-0.481780081987381,-0.481780081987381
1007914,Connie Mack,Connie Mack,PIT,Pirates,27,1B,126.0,,,-0.48775970935821533,-0.48775970935821533
1003375,Tim Donahue,Tim Donahue,CHI,Colts,17,C,207.0,,,-0.49105486273765564,-0.49105486273765564
1002932,Con Daily,Con Daily,CHI,Colts,17,C,29.0,,,-0.5242315530776978,-0.5242315530776978
1003434,Klondike Douglass,Klondike Douglass,STL,Browns,28,RF/LF,341.0,,,-0.5247478485107422,-0.5247478485107422
1006417,Abbie Johnson,Abbie Johnson,LOU,Colonels,1044,2B,93.0,,,-0.5252838730812073,-0.5252838730812073
1000873,Marty Bergen,Marty Bergen,BSN,Beaneaters,16,C,263.0,,,-0.5415133237838745,-0.5415133237838745
1009597,Tom Niland,Tom Niland,STL,Browns,28,SS/RF/LF,75.0,,,-0.5484375357627869,-0.5484375357627869
1005976,Ducky Holmes,Ducky Holmes,LOU,Colonels,1044,CF,165.0,12.0,0.018202217295765877,-0.5701279044151306,-0.5519256871193647
1013237,Tuck Turner,Tuck Turner,- - -,- - -,0,RF,259.0,,,-0.6097291260957718,-0.6097291260957718
1009942,Dick Padden,Dick Padden,PIT,Pirates,27,2B,239.0,,,-0.6351243853569031,-0.6351243853569031
1001036,Harry Blake,Harry Blake,CLE,Spiders,1026,RF,438.0,,,-0.6733521223068237,-0.6733521223068237
1008410,Barry McCormick,Barry McCormick,CHI,Colts,17,3B,185.0,,,-0.7089304327964783,-0.7089304327964783
1008379,Tommy McCarthy,Tommy McCarthy,BRO,Bridegrooms,22,LF,423.0,,,-0.72378009557724,-0.72378009557724
1011777,Cy Seymour,Cy Seymour,NYG,Giants,30,P,32.0,70.3333,-0.5139334797859192,-0.24224853515625,-0.7561820149421692
1011839,John Shearon,John Shearon,CLE,Spiders,1026,RF,68.0,,,-0.7875034809112549,-0.7875034809112549
1000007,Charlie Abbey,Charlie Abbey,WAS,Senators,1082,RF,342.0,2.0,0.019087087363004684,-0.8505510687828064,-0.8314639814198017
1008492,Herm McFarland,Herm McFarland,LOU,Colonels,1044,RF/CF,120.0,,,-0.8708745241165161,-0.8708745241165161
1003855,Frank Eustace,Frank Eustace,LOU,Colonels,1044,SS,107.0,,,-0.9736213088035583,-0.9736213088035583
1005419,Joe Harrington,Joe Harrington,BSN,Beaneaters,16,3B,221.0,,,-1.038224220275879,-1.038224220275879
1009417,Bert Myers,Bert Myers,STL,Browns,28,3B,505.0,,,-1.1316967010498047,-1.1316967010498047
1014100,Parke Wilson,Parke Wilson,NYG,Giants,30,C,277.0,,,-1.2102688550949097,-1.2102688550949097
1002054,Pete Cassidy,Pete Cassidy,LOU,Colonels,1044,1B,198.0,,,-1.3003078699111938,-1.3003078699111938
1011795,Frank Shannon,Frank Shannon,LOU,Colonels,1044,SS,133.0,,,-1.3591278791427612,-1.3591278791427612
