playerid,playerName,playerNameRoute,abbName,shortName,teamId,pos,PA,IP,pitWAR,batWAR,totalWAR
1013485,Honus Wagner,Honus Wagner,PIT,Pirates,27,SS,571,,,8.384186744689941,8.384186744689941
1008235,Christy Mathewson,Christy Mathewson,NYG,Giants,30,P,149,366.3333,7.498873710632324,0.544246256351471,8.043119966983795
1007259,Nap Lajoie,Nap Lajoie,CLE,Naps,5,2B,525,,,7.555179119110107,7.555179119110107
1011843,Jimmy Sheckard,Jimmy Sheckard,BRO,Superbas,22,LF,616,,,7.541187763214111,7.541187763214111
1013467,Rube Waddell,Rube Waddell,PHA,Athletics,10,P,124,324.0,8.028890609741211,-0.6294419765472412,7.39944863319397
1014369,Cy Young,Cy Young,BOS,Americans,3,P,146,341.6666,5.731478214263916,1.6678786277770996,7.399356842041016
1001304,Bill Bradley,Bill Bradley,CLE,Naps,5,3B,587,,,6.930624008178711,6.930624008178711
1005205,Noodles Hahn,Noodles Hahn,CIN,Reds,18,P,126,296.0,6.5707807540893555,-0.12911170721054077,6.441669046878815
1009992,Freddy Parent,Freddy Parent,BOS,Americans,3,SS,592,,,6.1704254150390625,6.1704254150390625
1002131,Frank Chance,Frank Chance,CHC,Cubs,17,1B,531,,,6.166191101074219,6.166191101074219
1008527,Joe McGinnity,Joe McGinnity,NYG,Giants,30,P,184,434.0,5.508808612823486,0.025826703757047653,5.534635316580534
1001396,Roger Bresnahan,Roger Bresnahan,NYG,Giants,30,CF,486,,,5.423838138580322,5.423838138580322
1010287,Deacon Phillippe,Deacon Phillippe,PIT,Pirates,27,P,130,289.3333,5.773020267486572,-0.43466055393218994,5.338359713554382
1002924,Bill Dahlen,Bill Dahlen,BRO,Superbas,22,SS,566,,,5.328919887542725,5.328919887542725
1012992,Roy Thomas,Roy Thomas,PHI,Phillies,26,CF,607,,,5.312063217163086,5.312063217163086
1002455,Jimmy Collins,Jimmy Collins,BOS,Americans,3,3B,579,,,5.290984153747559,5.290984153747559
1002748,Sam Crawford,Sam Crawford,DET,Tigers,6,RF/LF,602,,,5.22458553314209,5.22458553314209
1003380,Mike Donlin,Mike Donlin,CIN,Reds,18,RF/LF,563,,,5.158882141113281,5.158882141113281
1002280,Fred Clarke,Fred Clarke,PIT,Pirates,27,LF,486,,,5.012789726257324,5.012789726257324
1003430,Patsy Dougherty,Patsy Dougherty,BOS,Americans,3,LF,647,,,4.917970657348633,4.917970657348633
1010385,Eddie Plank,Eddie Plank,PHA,Athletics,10,P,138,336.0,4.826766490936279,0.08067630976438522,4.9074428007006645
1000596,Jimmy Barrett,Jimmy Barrett,DET,Tigers,6,CF,615,,,4.887354850769043,4.887354850769043
1000733,Ginger Beaumont,Ginger Beaumont,PIT,Pirates,27,CF,674,,,4.775445461273193,4.775445461273193
1010987,Claude Ritchey,Claude Ritchey,PIT,Pirates,27,2B,576,,,4.71120548248291,4.71120548248291
1002179,Jack Chesbro,Jack Chesbro,NYH,Highlanders,9,P,129,324.6666,4.559698104858398,-0.014998511411249638,4.544699593447149
1011777,Cy Seymour,Cy Seymour,CIN,Reds,18,CF,607,,,4.53015661239624,4.53015661239624
1008794,Sam Mertes,Sam Mertes,NYG,Giants,30,LF,592,,,4.4559855461120605,4.4559855461120605
1004158,Elmer Flick,Elmer Flick,CLE,Naps,5,RF,593,,,4.437427043914795,4.437427043914795
1003880,Bob Ewing,Bob Ewing,CIN,Reds,18,P,107,246.6666,4.3675312995910645,0.053948309272527695,4.421479608863592
1012822,Jesse Tannehill,Jesse Tannehill,NYH,Highlanders,9,P,121,239.6666,4.264627456665039,0.11831192672252655,4.382939383387566
1004988,Danny Green,Danny Green,CHW,White Sox,4,RF,568,,,4.351719856262207,4.351719856262207
1012466,Harry Steinfeldt,Harry Steinfeldt,CIN,Reds,18,3B,505,,,4.150619983673096,4.150619983673096
1003393,Bill Donovan,Bill Donovan,DET,Tigers,6,P,137,307.0,4.2082295417785645,-0.05833854526281357,4.149890996515751
1007428,Tommy Leach,Tommy Leach,PIT,Pirates,27,3B,561,,,4.06886625289917,4.06886625289917
1003722,Kid Elberfeld,Kid Elberfeld,- - -,- - -,0,SS,534,,,4.058290719985962,4.058290719985962
1004316,Buck Freeman,Buck Freeman,BOS,Americans,3,RF,611,,,3.9848573207855225,3.9848573207855225
1012048,Jimmy Slagle,Jimmy Slagle,CHC,Cubs,17,LF,643,,,3.9836487770080566,3.9836487770080566
1013075,Joe Tinker,Joe Tinker,CHC,Cubs,17,SS,511,,,3.9268722534179688,3.9268722534179688
1007845,Billy Lush,Billy Lush,DET,Tigers,6,LF,528,,,3.9183671474456787,3.9183671474456787
1012916,Fred Tenney,Fred Tenney,BSN,Beaneaters,16,1B,541,,,3.8998196125030518,3.8998196125030518
1012879,Jack Taylor,Jack Taylor,CHC,Cubs,17,P,136,312.3333,3.9994139671325684,-0.11056686192750931,3.888847105205059
1003317,Bill Dinneen,Bill Dineen,BOS,Americans,3,P,122,299.0,3.674734115600586,0.12847918272018433,3.8032132983207703
1006580,Oscar Jones,Oscar Jones,BRO,Superbas,22,P,131,324.3333,3.4109513759613037,0.3347126543521881,3.745664030313492
1007470,Sam Leever,Sam Leever,PIT,Pirates,27,P,123,284.3333,4.079104423522949,-0.36286216974258423,3.716242253780365
1014005,Jimmy Williams,Jimmy Williams,NYH,Highlanders,9,2B,554,,,3.7050628662109375,3.7050628662109375
1013542,Bobby Wallace,Bobby Wallace,SLB,Browns,2,SS,552,,,3.699765920639038,3.699765920639038
1007008,Johnny Kling,Johnny Kling,CHC,Cubs,17,C,524,,,3.6835567951202393,3.6835567951202393
1009302,George Mullin,George Mullin,DET,Tigers,6,P,133,320.6666,3.2500925064086914,0.4111121594905853,3.6612046658992767
1004559,Ned Garvin,Ned Garvin,BRO,Superbas,22,P,119,298.0,4.5150957107543945,-0.8988519906997681,3.6162437200546265
1013916,Bob Wicker,Bob Wicker,- - -,- - -,0,P,108,252.0,2.9628797164186835,0.6363971680402756,3.599276884458959
1012599,Sammy Strang,Sammy Strang,BRO,Superbas,22,3B,601,,,3.5511929988861084,3.5511929988861084
1005038,Clark Griffith,Clark Griffith,NYH,Highlanders,9,P,83,213.0,3.1604955196380615,0.3450654447078705,3.505560964345932
1010487,Jack Powell,Jack Powell,SLB,Browns,2,P,128,306.3333,3.109344720840454,0.3796265125274658,3.48897123336792
1006163,Tom Hughes,Tom Hughes,BOS,Americans,3,P,101,244.6666,2.526196241378784,0.9367075562477112,3.4629037976264954
1011775,Socks Seybold,Socks Seybold,PHA,Athletics,10,RF,569,,,3.4078495502471924,3.4078495502471924
1003461,Jack Doyle,Jack Doyle,BRO,Superbas,22,1B,592,,,3.388432264328003,3.388432264328003
1009103,Earl Moore,Earl Moore,CLE,Naps,5,P,99,247.6666,3.885908603668213,-0.5034140944480896,3.3824945092201233
1005464,Topsy Hartsel,Topsy Hartsel,PHA,Athletics,10,LF,428,,,3.381666421890259,3.381666421890259
1006630,Addie Joss,Addie Joss,CLE,Naps,5,P,116,283.6666,3.8589062690734863,-0.5307567119598389,3.3281495571136475
1001847,Jimmy Callahan,Nixey Callahan,CHW,White Sox,4,3B,471,28.0,0.34804102778434753,2.855103015899658,3.2031440436840057
1005773,Charlie Hickman,Charlie Hickman,CLE,Naps,5,1B,552,,,3.137377977371216,3.137377977371216
1000698,Harry Bay,Harry Bay,CLE,Naps,5,CF,636,,,3.1199254989624023,3.1199254989624023
1000232,John Anderson,John Anderson,SLB,Browns,2,1B,577,,,3.0997605323791504,3.0997605323791504
1006555,Fielder Jones,Fielder Jones,CHW,White Sox,4,CF,604,,,3.069531202316284,3.069531202316284
1003053,Harry Davis,Harry Davis,PHA,Athletics,10,1B,455,,,3.020155191421509,3.020155191421509
1000754,Jake Beckley,Jake Beckley,CIN,Reds,18,1B,512,,,2.985795736312866,2.985795736312866
1003373,Red Donahue,Red Donahue,- - -,- - -,0,P,108,267.6666,3.2316216230392456,-0.27672794461250305,2.9548936784267426
1009857,Al Orth,Al Orth,WAS,Senators,8,P,168,279.6666,2.0174083709716797,0.8954805135726929,2.9128888845443726
1004013,Hobe Ferris,Hobe Ferris,BOS,Americans,3,2B,566,,,2.813037633895874,2.813037633895874
1001682,Jesse Burkett,Jesse Burkett,SLB,Browns,2,LF,574,,,2.781557321548462,2.781557321548462
1013738,Jake Weimer,Jake Weimer,CHC,Cubs,17,P,118,282.0,2.504136323928833,0.2467467039823532,2.750883027911186
1012306,Tully Sparks,Tully Sparks,PHI,Phillies,26,P,100,248.0,3.306561231613159,-0.5645521879196167,2.7420090436935425
1004486,John Ganzel,John Ganzel,NYH,Highlanders,9,1B,533,,,2.730588436126709,2.730588436126709
1002810,Monte Cross,Monte Cross,PHA,Athletics,10,SS,537,,,2.6992321014404297,2.6992321014404297
1001519,George Browne,George Browne,NYG,Giants,30,RF,652,,,2.6350300312042236,2.6350300312042236
1002544,Wid Conroy,Wid Conroy,NYH,Highlanders,9,3B,548,,,2.6333281993865967,2.6333281993865967
1008489,Chappie McFarland,Chappie McFarland,STL,Cardinals,28,P,84,229.0,2.955104351043701,-0.32730379700660706,2.627800554037094
1010315,Ollie Pickering,Ollie Pickering,PHA,Athletics,10,CF,594,,,2.614105463027954,2.614105463027954
1006776,Joe Kelley,Joe Kelley,CIN,Reds,18,LF,445,,,2.5900840759277344,2.5900840759277344
1005028,Ed Gremminger,Ed Gremminger,BSN,Beaneaters,16,3B,555,,,2.441673517227173,2.441673517227173
1014202,Harry Wolverton,Harry Wolverton,PHI,Phillies,26,3B,543,,,2.4390430450439453,2.4390430450439453
1012744,Jack Sutthoff,Jack Sutthoff,CIN,Reds,18,P,88,224.6666,2.7478654384613037,-0.31947818398475647,2.4283872544765472
1014042,Vic Willis,Vic Willis,BSN,Beaneaters,16,P,135,278.0,3.3814384937286377,-0.9555783271789551,2.4258601665496826
1003947,John Farrell,John Farrell,STL,Cardinals,28,2B,573,,,2.4143989086151123,2.4143989086151123
1010305,Wiley Piatt,Wiley Piatt,BSN,Beaneaters,16,P,81,181.0,2.1473920345306396,0.259072482585907,2.4064645171165466
1000891,Bill Bernhard,Bill Bernhard,CLE,Naps,5,P,67,165.6666,2.3578805923461914,-0.002498694695532322,2.355381897650659
1000393,Charlie Babb,Charlie Babb,NYG,Giants,30,SS,502,,,2.338484287261963,2.338484287261963
1011710,Jimmy Sebring,Jimmy Sebring,PIT,Pirates,27,RF,546,,,2.294559955596924,2.294559955596924
1005587,Emmet Heidrick,Emmet Heidrick,SLB,Browns,2,CF,501,,,2.270620584487915,2.270620584487915
1009152,Pat Moran,Pat Moran,BSN,Beaneaters,16,C,436,,,2.2281243801116943,2.2281243801116943
1013864,Doc White,Doc White,CHW,White Sox,4,P,120,300.0,2.044053554534912,0.15471571683883667,2.198769271373749
1003399,Patsy Donovan,Patsy Donovan,STL,Cardinals,28,RF,452,,,2.1433486938476562,2.1433486938476562
1001985,Charlie Carr,Charlie Carr,DET,Tigers,6,1B,573,,,2.098505973815918,2.098505973815918
1006981,Frank Kitson,Frank Kitson,DET,Tigers,6,P,124,257.6666,2.760159730911255,-0.718744158744812,2.041415572166443
1003542,Bill Duggleby,Bill Duggleby,PHI,Phillies,26,P,109,264.3333,1.732270359992981,0.27722784876823425,2.009498208761215
1010282,Bill Phillips,Bill Phillips,CIN,Reds,18,P,62,118.3333,2.116415023803711,-0.12024287134408951,1.9961721524596214
1000827,Chief Bender,Chief Bender,PHA,Athletics,10,P,129,270.0,2.5708513259887695,-0.5935330390930176,1.977318286895752
1014085,Highball Wilson,Highball Wilson,WAS,Senators,8,P,93,242.3333,1.5416661500930786,0.3983641266822815,1.94003027677536
1012670,Willie Sudhoff,Willie Sudhoff,SLB,Browns,2,P,116,293.6666,2.4957435131073,-0.561506450176239,1.9342370629310608
1006544,Davy Jones,Davy Jones,CHC,Cubs,17,RF/CF,559,,,1.9141770601272583,1.9141770601272583
1010433,Ed Poole,Ed Poole,CIN,Reds,18,P,75,184.0,1.8443236351013184,0.06619591265916824,1.9105195477604866
1006747,Willie Keeler,Willie Keeler,NYH,Highlanders,9,RF,584,,,1.8832026720046997,1.8832026720046997
1003876,Johnny Evers,Johnny Evers,CHC,Cubs,17,2B,497,,,1.8778715133666992,1.8778715133666992
1008011,John Malarkey,John Malarkey,BSN,Beaneaters,16,P,98,253.0,1.7352900505065918,0.12304837256669998,1.8583384230732918
1010056,Casey Patten,Case Patten,WAS,Senators,8,P,114,300.0,2.379016399383545,-0.5214155316352844,1.8576008677482605
1006763,Bill Keister,Bill Keister,PHI,Phillies,26,RF,429,,,1.8554975986480713,1.8554975986480713
1011958,Ed Siever,Ed Siever,SLB,Browns,2,P,98,254.0,2.172886610031128,-0.332845538854599,1.840041071176529
1002579,Duff Cooley,Duff Cooley,BSN,Beaneaters,16,LF,600,,,1.8190181255340576,1.8190181255340576
1012220,Homer Smoot,Homer Smoot,STL,Cardinals,28,CF,553,,,1.8045519590377808,1.8045519590377808
1004670,Norwood Gibson,Norwood Gibson,BOS,Americans,3,P,75,183.3333,1.1364003419876099,0.6578433513641357,1.7942436933517456
1002808,Lave Cross,Lave Cross,PHA,Athletics,10,3B,577,,,1.7870455980300903,1.7870455980300903
1005976,Ducky Holmes,Ducky Holmes,- - -,- - -,0,LF,469,,,1.783917635679245,1.783917635679245
1007836,Carl Lundgren,Carl Lundgren,CHC,Cubs,17,P,75,193.0,1.8301293849945068,-0.06434152275323868,1.7657878622412682
1008501,Dan McGann,Dan McGann,NYG,Giants,30,1B,556,,,1.7503467798233032,1.7503467798233032
1001683,Jimmy Burke,Jimmy Burke,STL,Cardinals,28,3B,464,,,1.7159233093261719,1.7159233093261719
1012867,Dummy Taylor,Dummy Taylor,NYG,Giants,30,P,98,244.6666,1.8453713655471802,-0.13109630346298218,1.714275062084198
1006836,Brickyard Kennedy,Brickyard Kennedy,PIT,Pirates,27,P,62,125.3333,0.7684202194213867,0.9164354801177979,1.6848556995391846
1014185,Barney Wolfe,Barney Wolfe,NYH,Highlanders,9,P,56,148.3333,2.1342549324035645,-0.4790019392967224,1.655252993106842
1001547,Mordecai Brown,Mordecai Brown,STL,Cardinals,28,P,81,201.0,1.5869147777557373,0.049075398594141006,1.6359901763498783
1003356,Ed Doheny,Ed Doheny,PIT,Pirates,27,P,96,222.6666,1.4696555137634277,0.030699240043759346,1.500354753807187
1010796,Bill Reidy,Bill Reidy,- - -,- - -,0,P,55,147.0,1.5230079591274261,-0.05423650145530701,1.4687714576721191
1004305,Chick Fraser,Chick Fraser,PHI,Phillies,26,P,109,250.0,1.3275643587112427,0.09211782366037369,1.4196821823716164
1003340,John Dobbs,John Dobbs,- - -,- - -,0,CF,553,,,1.4180234596133232,1.4180234596133232
1013636,Jack Warner,John Warner,NYG,Giants,30,C,309,,,1.3713624477386475,1.3713624477386475
1000824,Harry Bemis,Harry Bemis,CLE,Naps,5,C,332,,,1.3671408891677856,1.3671408891677856
1006287,Fred Jacklitsch,Fred Jacklitsch,BRO,Superbas,22,C,212,,,1.3640284538269043,1.3640284538269043
1009352,Danny Murphy,Danny Murphy,PHA,Athletics,10,2B,541,,,1.3434462547302246,1.3434462547302246
1012381,Chick Stahl,Chick Stahl,BOS,Americans,3,CF,332,,,1.2639867067337036,1.2639867067337036
1008492,Herm McFarland,Herm McFarland,NYH,Highlanders,9,CF/LF,423,,,1.2639342546463013,1.2639342546463013
1004686,Billy Gilbert,Billy Gilbert,NYG,Giants,30,2B,500,,,1.2158554792404175,1.2158554792404175
1003155,Ed Delahanty,Ed Delahanty,WAS,Senators,8,RF/LF,171,,,1.194568395614624,1.194568395614624
1011583,Henry Schmidt,Henry Schmidt,BRO,Superbas,22,P,125,301.0,1.3780642747879028,-0.19081540405750275,1.1872488707304
1013085,John Titus,John Titus,PHI,Phillies,26,RF/LF,313,,,1.178652286529541,1.178652286529541
1003869,Roy Evans,Roy Evans,- - -,- - -,0,P,58,164.0,1.2143147587776184,-0.04340517334640026,1.1709095854312181
1010276,Ed Phelps,Ed Phelps,PIT,Pirates,27,C,304,,,1.1667282581329346,1.1667282581329346
1006097,Harry Howell,Harry Howell,NYH,Highlanders,9,P,115,155.6666,1.416913390159607,-0.30522918701171875,1.1116842031478882
1005380,Jack Harper,Jack Harper,CIN,Reds,18,P,58,135.0,0.836033284664154,0.27244195342063904,1.108475238084793
1011341,Jimmy Ryan,Jimmy Ryan,WAS,Senators,8,CF,474,,,1.0930510759353638,1.0930510759353638
1007471,Wyatt Lee,Watty Lee,WAS,Senators,8,P/RF,253,166.6666,1.3715662956237793,-0.28804242610931396,1.0835238695144653
1001356,Kitty Bransfield,Kitty Bransfield,PIT,Pirates,27,1B,553,,,1.070217251777649,1.070217251777649
1006283,Frank Isbell,Frank Isbell,CHW,White Sox,4,1B,586,,,1.066495656967163,1.066495656967163
1009916,Frank Owen,Frank Owen,CHW,White Sox,4,P,66,167.3333,1.132322072982788,-0.08577296882867813,1.04654910415411
1007177,Otto Krueger,Otto Krueger,PIT,Pirates,27,SS/LF,293,,,1.0456085205078125,1.0456085205078125
1007233,George Lachance,Candy LaChance,BOS,Americans,3,1B,579,,,1.0437531471252441,1.0437531471252441
1009816,Mike O'Neill,Mike O'Neill,STL,Cardinals,28,P/LF,122,145.0,1.042484164237976,-0.038673654198646545,1.0038105100393295
1014145,George Winter,George Winter,BOS,Americans,3,P,69,178.3333,1.4222255945205688,-0.4254743456840515,0.9967512488365173
1009146,Charles Moran,Charles Moran,WAS,Senators,8,SS,418,,,0.9572547078132629,0.9572547078132629
1006977,Rube Kisinger,Rube Kisinger,DET,Tigers,6,P,48,118.6666,1.1900204420089722,-0.24416686594486237,0.9458535760641098
1002038,James Casey,Doc Casey,CHC,Cubs,17,3B,477,,,0.9246659278869629,0.9246659278869629
1002677,Ernie Courtney,Ernie Courtney,- - -,- - -,0,3B/SS,174,,,0.9115554988384247,0.9115554988384247
1005652,Weldon Henley,Weldon Henley,PHA,Athletics,10,P,70,186.3333,1.2406740188598633,-0.3383485674858093,0.902325451374054
1011731,Kip Selbach,Kip Selbach,WAS,Senators,8,LF,586,,,0.8654976487159729,0.8654976487159729
1000619,John Barry,Shad Barry,PHI,Phillies,26,LF,600,,,0.8396807312965393,0.8396807312965393
1003942,Duke Farrell,Duke Farrell,BOS,Americans,3,C,62,,,0.8340644240379333,0.8340644240379333
1008432,Judge McCredie,Walt McCredie,BRO,Superbas,22,RF,242,,,0.8065654635429382,0.8065654635429382
1003502,Lew Drill,Lew Drill,WAS,Senators,8,C,174,,,0.7978010177612305,0.7978010177612305
1010071,Roy Patterson,Roy Patterson,CHW,White Sox,4,P,113,293.0,1.29470694065094,-0.5002975463867188,0.7944093942642212
1002957,Tom Daly,Tom Daly,- - -,- - -,0,2B,508,,,0.7933596111834049,0.7933596111834049
1014331,Joe Yeager,Joe Yeager,DET,Tigers,6,3B,438,9.0,0.13588055968284607,0.6483134031295776,0.7841939628124237
1008763,John Menefee,Jock Menefee,CHC,Cubs,17,P,69,147.0,1.056384563446045,-0.2774781584739685,0.7789064049720764
1008929,Roscoe Miller,Roscoe Miller,NYG,Giants,30,P,31,85.0,0.8660926222801208,-0.08783920109272003,0.7782534211874008
1008371,Jack McCarthy,Jack McCarthy,- - -,- - -,0,LF,563,,,0.7434986867010593,0.7434986867010593
1010881,Bob Rhoads,Bob Rhoads,- - -,- - -,0,P,69,170.0,1.3430642485618591,-0.6160164326429367,0.7270478159189224
1002794,Jack Cronin,Jack Cronin,NYG,Giants,30,P,51,115.6666,0.5706148743629456,0.09597218036651611,0.6665870547294617
1002356,Billy Clingman,Billy Clingman,CLE,Naps,5,2B/SS,78,,,0.6104090809822083,0.6104090809822083
1013947,Kaiser Wilhelm,Kaiser Wilhelm,PIT,Pirates,27,P,37,86.0,0.8324036002159119,-0.23245137929916382,0.599952220916748
1005258,Bill Hallman,Bill Hallman,CHW,White Sox,4,LF,243,,,0.5883328318595886,0.5883328318595886
1002301,Harry Clark,Pep Clark,CHW,White Sox,4,3B,68,,,0.5866541266441345,0.5866541266441345
1001253,Frank Bowerman,Frank Bowerman,NYG,Giants,30,C,223,,,0.5822563171386719,0.5822563171386719
1010376,Togie Pittinger,Togie Pittinger,BSN,Beaneaters,16,P,134,351.6666,1.4794286489486694,-0.9056175947189331,0.5738110542297363
1008553,Deacon McGuire,Deacon McGuire,DET,Tigers,6,C,269,,,0.5666582584381104,0.5666582584381104
1005367,Dick Harley,Dick Harley,CHC,Cubs,17,RF,457,,,0.5567812919616699,0.5567812919616699
1004129,Patsy Flaherty,Patsy Flaherty,CHW,White Sox,4,P,110,293.6666,0.6787527799606323,-0.1262141317129135,0.5525386482477188
1007380,Billy Lauder,Billy Lauder,NYG,Giants,30,3B,427,,,0.5513773560523987,0.5513773560523987
1003564,Davey Dunkle,Davey Dunkle,- - -,- - -,0,P,75,190.3333,0.663036335259676,-0.11224231123924255,0.5507940240204334
1004642,Doc Gessler,Doc Gessler,- - -,- - -,0,RF,306,,,0.5500866696238518,0.5500866696238518
1012823,Lee Tannehill,Lee Tannehill,CHW,White Sox,4,SS,547,,,0.5479803085327148,0.5479803085327148
1004770,Kid Gleason,Kid Gleason,PHI,Phillies,26,2B,458,,,0.5303709506988525,0.5303709506988525
1007786,Bobby Lowe,Bobby Lowe,CHC,Cubs,17,2B,116,,,0.5103670954704285,0.5103670954704285
1003573,Jack Dunn,Jack Dunn,NYG,Giants,30,2B/3B/SS,283,,,0.5041366219520569,0.5041366219520569
1011612,Ossee Schrecongost,Ossee Schreckengost,PHA,Athletics,10,C,321,,,0.49911803007125854,0.49911803007125854
1013010,Gus Thompson,Gus Thompson,PIT,Pirates,27,P,17,43.0,0.44478097558021545,0.053774259984493256,0.4985552355647087
1014278,Gene Wright,Gene Wright,- - -,- - -,0,P,67,162.66660000000002,0.2667345404624939,0.20751845836639404,0.47425299882888794
1010131,Heinie Peitz,Heinie Peitz,CIN,Reds,18,C,401,,,0.4440949559211731,0.4440949559211731
1003568,Jack Dunleavy,Jack Dunleavy,STL,Cardinals,28,P/RF,216,102.0,0.186237171292305,0.2230672538280487,0.4093044251203537
1001244,Benny Bowcock,Benny Bowcock,SLB,Browns,2,2B,55,,,0.3952946364879608,0.3952946364879608
1011242,Frank Roth,Frank Roth,PHI,Phillies,26,C,231,,,0.38863372802734375,0.38863372802734375
1003136,John Deering,John Deering,- - -,- - -,0,P,48,120.6666,0.37206800282001495,0.00890803337097168,0.38097603619098663
1008496,Jack McFetridge,Jack McFetridge,PHI,Phillies,26,P,39,103.0,0.3038928210735321,0.06907114386558533,0.37296396493911743
1002668,Bill Coughlin,Bill Coughlin,WAS,Senators,8,3B,490,,,0.3709619343280792,0.3709619343280792
1002767,Lou Criger,Lou Criger,BOS,Americans,3,C,358,,,0.3374359905719757,0.3374359905719757
1012382,Jake Stahl,Jake Stahl,BOS,Americans,3,C,98,,,0.3361395299434662,0.3361395299434662
1005555,Hughie Hearne,Hughie Hearne,BRO,Superbas,22,C,64,,,0.33052122592926025,0.33052122592926025
1000009,Fred Abbott,Fred Abbott,CLE,Naps,5,C,276,,,0.31727147102355957,0.31727147102355957
1002622,Tommy Corcoran,Tommy Corcoran,CIN,Reds,18,SS,473,,,0.31265756487846375,0.31265756487846375
1008431,Tom McCreery,Tom McCreery,- - -,- - -,0,RF/CF,257,,,0.30422497913241386,0.30422497913241386
1008324,Sport McAllister,Sport McAllister,DET,Tigers,6,SS,284,,,0.3031904399394989,0.3031904399394989
1001658,Fred Burchell,Fred Burchell,PHI,Phillies,26,P,16,44.0,0.3526467978954315,-0.05250384286046028,0.30014295503497124
1006908,Ed Killian,Ed Killian,CLE,Naps,5,P,28,61.6666,0.3403552770614624,-0.04049571231007576,0.29985956475138664
1012945,Grant Thatcher,Grant Thatcher,BRO,Superbas,22,P,12,28.0,0.2579692006111145,0.029747124761343002,0.2877163253724575
1010578,Ambrose Puttmann,Ambrose Puttmann,NYH,Highlanders,9,P,7,19.0,0.29507046937942505,-0.010768063366413116,0.28430240601301193
1008410,Barry McCormick,Barry McCormick,- - -,- - -,0,2B,459,,,0.2821177765727043,0.2821177765727043
1010107,Alex Pearson,Alex Pearson,CLE,Naps,5,P,13,30.3333,0.3410719037055969,-0.0694207102060318,0.2716511934995651
1010739,Rip Reagan,Rip Reagan,CIN,Reds,18,P,9,18.0,0.23613674938678741,0.03439740836620331,0.2705341577529907
1001951,Fred Carisch,Fred Carisch,PIT,Pirates,27,C,18,,,0.26875630021095276,0.26875630021095276
1010993,Lew Ritter,Lew Ritter,BRO,Superbas,22,C,288,,,0.2622797191143036,0.2622797191143036
1012756,Pinky Swander,Pinky Swander,SLB,Browns,2,RF,63,,,0.2576616108417511,0.2576616108417511
1006876,Dan Kerwin,Dan Kerwin,CIN,Reds,18,LF,9,,,0.2547256052494049,0.2547256052494049
1012042,John Skopec,John Skopec,DET,Tigers,6,P,16,39.3333,0.2753329277038574,-0.025048956274986267,0.25028397142887115
1003913,Cy Falkenberg,Cy Falkenberg,PIT,Pirates,27,P,24,56.0,0.23724330961704254,0.010488242842257023,0.24773155245929956
1012672,Joe Sugden,Joe Sugden,SLB,Browns,2,C,279,,,0.24007374048233032,0.24007374048233032
1014030,Pop Williams,Pop Williams,- - -,- - -,0,P,53,106.0,0.19487985968589783,0.041958718094974756,0.23683857778087258
1013651,Libe Washburn,Libe Washburn,PHI,Phillies,26,P,19,35.0,0.3842916190624237,-0.15243126451969147,0.23186035454273224
1003199,Lee DeMontreville,Lee DeMontreville,STL,Cardinals,28,SS,82,,,0.2224981188774109,0.2224981188774109
1001335,Dave Brain,Dave Brain,STL,Cardinals,28,3B/SS,496,,,0.21851810812950134,0.21851810812950134
1010136,Barney Pelty,Barney Pelty,SLB,Browns,2,P,20,48.6666,0.20177721977233887,0.006013248581439257,0.20779046835377812
1002890,Clarence Currie,Clarence Currie,- - -,- - -,0,P,65,181.3333,0.33123480528593063,-0.12400180101394653,0.2072330042719841
1009942,Dick Padden,Dick Padden,SLB,Browns,2,2B,109,,,0.20312662422657013,0.20312662422657013
1003360,Cozy Dolan,Cozy Dolan,- - -,- - -,0,RF,534,,,0.19336383789777756,0.19336383789777756
1004353,Bill Friel,Bill Friel,SLB,Browns,2,2B/3B,385,,,0.19235506653785706,0.19235506653785706
1014134,Lave Winham,Lave Winham,PIT,Pirates,27,P,14,36.0,0.34739211201667786,-0.1577455699443817,0.18964654207229614
1000191,Nick Altrock,Nick Altrock,- - -,- - -,0,P,37,79.0,-0.2589472196996212,0.441904753446579,0.18295753374695778
1004776,Martin Glendon,Martin Glendon,CLE,Naps,5,P,10,27.6666,0.2705013155937195,-0.08966202288866043,0.18083929270505905
1002902,Gene Curtis,Gene Curtis,PIT,Pirates,27,LF,20,,,0.17967486381530762,0.17967486381530762
1008491,Ed McFarland,Ed McFarland,CHW,White Sox,4,C,222,,,0.17863602936267853,0.17863602936267853
1014441,Chief Zimmer,Chief Zimmer,PHI,Phillies,26,C,133,,,0.17325279116630554,0.17325279116630554
1009812,Jack O'Neill,Jack O'Neill,STL,Cardinals,28,C,269,,,0.1725015938282013,0.1725015938282013
1005624,Charlie Hemphill,Charlie Hemphill,SLB,Browns,2,RF,415,,,0.1698860079050064,0.1698860079050064
1000210,Red Ames,Red Ames,NYG,Giants,30,P,6,14.0,0.2649241089820862,-0.09595043957233429,0.1689736694097519
1014117,Lewis Wiltse,Snake Wiltse,NYH,Highlanders,9,P,9,25.0,0.1408666968345642,0.025458700954914093,0.1663253977894783
1002372,Andy Coakley,Andy Coakley,PHA,Athletics,10,P,15,37.6666,0.17117545008659363,-0.02714184857904911,0.14403360150754452
1006687,Harry Kane,Harry Kane,DET,Tigers,6,P,8,18.0,0.14170871675014496,-0.0003411173529457301,0.14136759939719923
1010266,Jack Pfiester,Jack Pfiester,PIT,Pirates,27,P,6,19.0,0.23726536333560944,-0.09687788039445877,0.14038748294115067
1001710,Jack Burns,Jack Burns,DET,Tigers,6,2B,42,,,0.13446570932865143,0.13446570932865143
1005823,Hunter Hill,Hunter Hill,SLB,Browns,2,3B,341,,,0.11920299381017685,0.11920299381017685
1014340,Stan Yerkes,Stan Yerkes,STL,Cardinals,28,P,2,5.0,0.14828504621982574,-0.03169657289981842,0.11658847332000732
1010478,Bill Pounds,Bill Pounds,- - -,- - -,0,P,6,11.0,-0.06600520014762878,0.16733360290527344,0.10132840275764465
1008141,Joe Marshall,Joe Marshall,PIT,Pirates,27,SS/LF,23,,,0.07937978208065033,0.07937978208065033
1004193,Lee Fohl,Lee Fohl,CIN,Reds,18,C,15,,,0.06695446372032166,0.06695446372032166
1000914,Harry Berte,Harry Berte,STL,Cardinals,28,2B/SS,16,,,0.06325804442167282,0.06325804442167282
1003636,Mal Eason,Mal Eason,DET,Tigers,6,P,20,56.3333,0.22594031691551208,-0.1662585288286209,0.059681788086891174
1005348,Alex Hardy,Alex Hardy,CHC,Cubs,17,P,8,12.6666,0.008223201148211956,0.049314774572849274,0.05753797572106123
1001074,Elmer Bliss,Elmer Bliss,NYH,Highlanders,9,P,3,7.0,0.1133374571800232,-0.06376621127128601,0.04957124590873718
1014413,Jack Zalusky,Jack Zalusky,NYH,Highlanders,9,C,17,,,0.04840582609176636,0.04840582609176636
1013395,Bucky Veil,Bucky Veil,PIT,Pirates,27,P,29,70.6666,0.068364217877388,-0.025230826810002327,0.043133391067385674
1013357,George Van Haltren,George Van Haltren,NYG,Giants,30,CF,316,,,0.042190782725811005,0.042190782725811005
1006147,Ed Hug,Ed Hug,BRO,Superbas,22,C,1,,,0.034384433180093765,0.034384433180093765
1003147,Pat Deisel,Pat Deisel,CIN,Reds,18,C,1,,,0.03324073553085327,0.03324073553085327
1005032,Reddy Grey,Reddy Grey,PIT,Pirates,27,LF,4,,,0.030315598472952843,0.030315598472952843
1005978,Fred Holmes,Fred Holmes,NYH,Highlanders,9,1B,1,,,0.028099950402975082,0.028099950402975082
1008620,Warren McLaughlin,Warren McLaughlin,PHI,Phillies,26,P,10,23.0,0.018277417868375778,0.008918276987969875,0.027195694856345654
1008542,John McGraw,John McGraw,NYG,Giants,30,2B/LF,15,,,0.02418358623981476,0.02418358623981476
1012869,Ed Taylor,Ed Taylor,STL,Cardinals,28,P,1,3.0,0.03791534900665283,-0.01584828644990921,0.022067062556743622
1008969,Larry Milton,Larry Milton,STL,Cardinals,28,P,2,4.0,-0.014589447528123856,0.036606255918741226,0.02201680839061737
1013932,Jimmy Wiggs,Jimmy Wiggs,CIN,Reds,18,P,1,5.0,0.038938358426094055,-0.017189996317029,0.021748362109065056
1010359,Ed Pinnance,Ed Pinnance,PHA,Athletics,10,P,3,7.0,0.06116052344441414,-0.04641006141901016,0.014750462025403976
1010611,Tad Quinn,Tad Quinn,PHA,Athletics,10,P,3,9.0,-0.10924162715673447,0.12339090555906296,0.014149278402328491
1006269,Happy Iott,Happy Iott,CLE,Naps,5,CF,12,,,0.013892735354602337,0.013892735354602337
1009166,Lew Moren,Lew Moren,PIT,Pirates,27,P,2,6.0,0.040860407054424286,-0.032292626798152924,0.008567780256271362
1002953,Bert Daly,Bert Daly,PHA,Athletics,10,2B/3B,22,,,0.00776180112734437,0.00776180112734437
1001632,Fritz Buelow,Fritz Buelow,DET,Tigers,6,C,213,,,0.0054881377145648,0.0054881377145648
1003285,Ernie Diehl,Ernie Diehl,PIT,Pirates,27,LF,3,,,-0.0008224437478929758,-0.0008224437478929758
1009147,Charlie Moran,Charlie Moran,STL,Cardinals,28,P/SS,14,24.0,-0.14917896687984467,0.14157895743846893,-0.007600009441375732
1004933,Peaches Graham,Peaches Graham,CHC,Cubs,17,P,2,5.0,0.028362328186631203,-0.04206977039575577,-0.013707442209124565
1003114,Charles DeArmond,Charlie DeArmond,CIN,Reds,18,3B,44,,,-0.013827623799443245,-0.013827623799443245
1005008,Paddy Greene,Paddy Greene,- - -,- - -,0,3B/SS,16,,,-0.015263542532920837,-0.015263542532920837
1009174,Cy Morgan,Cy Morgan,SLB,Browns,2,P,4,13.0,-0.02607562579214573,0.009740750305354595,-0.016334875486791134
1010595,Eddie Quick,Eddie Quick,NYH,Highlanders,9,P,1,2.0,-0.0006481820018962026,-0.01603803038597107,-0.016686212387867272
1004903,Claude Gouzzie,Claude Gouzzie,SLB,Browns,2,2B,1,,,-0.019857892766594887,-0.019857892766594887
1005824,Hugh Hill,Hugh Hill,CLE,Naps,5,PH/PR,1,,,-0.020046131685376167,-0.020046131685376167
1011286,John Rudolph,Dutch Rudolph,PHI,Phillies,26,PH/PR,1,,,-0.021305644884705544,-0.021305644884705544
1009001,Fred Mitchell,Fred Mitchell,PHI,Phillies,26,P,97,227.0,0.5832287073135376,-0.6051711440086365,-0.021942436695098877
1012087,Aleck Smith,Aleck Smith,BOS,Americans,3,C,33,,,-0.02224835194647312,-0.02224835194647312
1006396,Hughie Jennings,Hughie Jennings,BRO,Superbas,22,RF/LF,19,,,-0.02299475483596325,-0.02299475483596325
1011798,Owen Shannon,Owen Shannon,SLB,Browns,2,C,29,,,-0.025144973769783974,-0.025144973769783974
1011075,Clyde Robinson,Rabbit Robinson,WAS,Senators,8,2B,411,,,-0.03640810400247574,-0.03640810400247574
1011490,Doc Scanlan,Doc Scanlan,PIT,Pirates,27,P,3,9.0,-0.04055289924144745,0.004062791354954243,-0.036490107886493206
1012564,George Stone,George Stone,BOS,Americans,3,PH/PR,2,,,-0.04060216248035431,-0.04060216248035431
1001460,Matt Broderick,Matt Broderick,BRO,Superbas,22,2B,2,,,-0.042527347803115845,-0.042527347803115845
1009571,Simon Nicholls,Simon Nicholls,DET,Tigers,6,SS,8,,,-0.04539070650935173,-0.04539070650935173
1014218,Harry Wood,Harry Wood,CIN,Reds,18,RF/LF,4,,,-0.0471961572766304,-0.0471961572766304
1005813,Ed Hilley,Ed Hilley,PHA,Athletics,10,3B,5,,,-0.047978632152080536,-0.047978632152080536
1008622,Larry McLean,Larry McLean,CHC,Cubs,17,C,5,,,-0.049526315182447433,-0.049526315182447433
1005917,Solly Hofman,Solly Hofman,PIT,Pirates,27,CF/LF,2,,,-0.0502786785364151,-0.0502786785364151
1007776,John Lovett,John Lovett,STL,Cardinals,28,P,3,5.0,-0.07272263616323471,0.020757969468832016,-0.051964666694402695
1013145,Happy Townsend,Happy Townsend,WAS,Senators,8,P,47,126.6666,0.3723832666873932,-0.42460715770721436,-0.05222389101982117
1005998,Buck Hooker,Buck Hooker,CIN,Reds,18,P,1,2.3333,-0.037330176681280136,-0.017189996317029,-0.054520172998309135
1003259,Charlie Dexter,Charlie Dexter,BSN,Beaneaters,16,CF,536,,,-0.06418471783399582,-0.06418471783399582
1008508,Connie McGeehan,Conny McGeehan,PHA,Athletics,10,P/LF,6,10.0,0.05964723229408264,-0.12915857136249542,-0.06951133906841278
1005902,Danny Hoffman,Danny Hoffman,PHA,Athletics,10,RF/LF,259,3.0,-0.05442791059613228,-0.017926950007677078,-0.07235486060380936
1013576,John Walsh,John Walsh,PHI,Phillies,26,3B,4,,,-0.08207620680332184,-0.08207620680332184
1000627,Bill Bartley,Bill Bartley,NYG,Giants,30,P,1,3.0,-0.06932554394006729,-0.01599174179136753,-0.08531728573143482
1013302,Lon Ury,Lon Ury,STL,Cardinals,28,1B,7,,,-0.08544953912496567,-0.08544953912496567
1004767,Harry Gleason,Harry Gleason,BOS,Americans,3,3B,13,,,-0.08782032132148743,-0.08782032132148743
1003049,George Davis,George Davis,NYG,Giants,30,SS,16,,,-0.08846183866262436,-0.08846183866262436
1004640,Lou Gertenrich,Lou Gertenrich,PIT,Pirates,27,RF,4,,,-0.09048895537853241,-0.09048895537853241
1009877,Champ Osteen,Champ Osteen,WAS,Senators,8,SS,43,,,-0.09105418622493744,-0.09105418622493744
1000932,Harry Betts,Harry Betts,STL,Cardinals,28,P,3,9.0,-0.043933283537626266,-0.047544851899147034,-0.0914781354367733
1006251,Pat Hynes,Pat Hynes,STL,Cardinals,28,P,3,9.0,-0.03473034128546715,-0.06319697946310043,-0.09792732074856758
1006675,John Kalahan,John Kalahan,PHA,Athletics,10,C,5,,,-0.10029060393571854,-0.10029060393571854
1009190,George Moriarty,George Moriarty,CHC,Cubs,17,3B,5,,,-0.10202805697917938,-0.10202805697917938
1006523,Alex Jones,Alex Jones,DET,Tigers,6,P,4,8.6666,-0.047831833362579346,-0.06057283654808998,-0.10840466991066933
1012585,Jesse Stovall,Jesse Stovall,CLE,Naps,5,P,23,57.0,0.09061571955680847,-0.1998683512210846,-0.10925263166427612
1003198,Gene DeMontreville,Gene DeMontreville,WAS,Senators,8,2B,45,,,-0.10986818373203278,-0.10986818373203278
1005351,Jack Hardy,Jack Hardy,CLE,Naps,5,RF,20,,,-0.11509959399700165,-0.11509959399700165
1009367,John Murphy,John Murphy,DET,Tigers,6,SS,23,,,-0.11613926291465759,-0.11613926291465759
1007684,Hans Lobert,Hans Lobert,PIT,Pirates,27,3B,15,,,-0.11914847046136856,-0.11914847046136856
1013514,Ed Walker,Ed Walker,CLE,Naps,5,P,4,12.0,-0.11407145112752914,-0.006813295651227236,-0.12088474677875638
1003903,Jim Fairbank,Jim Fairbank,PHA,Athletics,10,P,11,24.0,-0.07959898561239243,-0.04936567693948746,-0.12896466255187988
1008787,George Merritt,George Merritt,PIT,Pirates,27,RF,31,4.0,0.035657741129398346,-0.1661517173051834,-0.13049397617578506
1012414,Joe Stanley,Joe Stanley,BSN,Beaneaters,16,RF/CF,337,4.0,-0.053452081978321075,-0.0780661329627037,-0.13151821494102478
1005313,Bill Hanlon,Bill Hanlon,CHC,Cubs,17,1B,30,,,-0.13171115517616272,-0.13171115517616272
1000074,Doc Adkins,Doc Adkins,NYH,Highlanders,9,P,3,7.0,-0.0874863937497139,-0.04811408743262291,-0.1356004811823368
1002572,Jim Cook,Jim Cook,CHC,Cubs,17,2B/CF,29,,,-0.13889466226100922,-0.13889466226100922
1008634,Frank McManus,Frank McManus,BRO,Superbas,22,C,7,,,-0.1425529569387436,-0.1425529569387436
1002683,Jack Coveney,Jack Coveney,STL,Cardinals,28,C,14,,,-0.14572808146476746,-0.14572808146476746
1013693,Art Weaver,Art Weaver,- - -,- - -,0,C,104,,,-0.14921030774712563,-0.14921030774712563
1005175,Emil Haberer,Emil Haberer,CIN,Reds,18,C,16,,,-0.16054989397525787,-0.16054989397525787
1011424,War Sanders,War Sanders,STL,Cardinals,28,P,15,40.0,0.00396323949098587,-0.16942143440246582,-0.16545819491147995
1012928,John Terry,John Terry,SLB,Browns,2,P,9,17.6666,-0.06492094695568085,-0.13176466524600983,-0.19668561220169067
1013422,Rube Vickers,Rube Vickers,BRO,Superbas,22,P,10,14.0,-0.052869152277708054,-0.14685101807117462,-0.19972017034888268
1006619,Tim Jordan,Tim Jordan,NYH,Highlanders,9,1B,8,,,-0.20803317427635193,-0.20803317427635193
1012683,Billy Sullivan,Billy Sullivan,CHW,White Sox,4,C,118,,,-0.20952461659908295,-0.20952461659908295
1006056,Ed Householder,Ed Householder,BRO,Superbas,22,CF,46,,,-0.21080715954303741,-0.21080715954303741
1012954,Henry Thielman,Henry Thielman,BRO,Superbas,22,P/CF,28,29.0,-0.253301203250885,0.02988584153354168,-0.22341536171734333
1003414,Gus Dorner,Gus Dorner,CLE,Naps,5,P,30,73.6666,-0.06069700047373772,-0.17241525650024414,-0.23311225697398186
1004404,Dave Fultz,Dave Fultz,NYH,Highlanders,9,CF,335,,,-0.2636820375919342,-0.2636820375919342
1002759,Pete Cregan,Pete Cregan,CIN,Reds,18,LF,22,,,-0.26688551902770996,-0.26688551902770996
1001975,Pat Carney,Pat Carney,BSN,Beaneaters,16,RF,429,78.0,0.455932080745697,-0.7272776365280151,-0.2713455557823181
1011337,Jack Ryan,Jack Ryan,STL,Cardinals,28,C/1B,245,,,-0.2836918532848358,-0.2836918532848358
1010714,Tommy Raub,Tommy Raub,CHC,Cubs,17,C,92,,,-0.28944429755210876,-0.28944429755210876
1012157,George Smith,Heinie Smith,DET,Tigers,6,2B,375,,,-0.32044434547424316,-0.32044434547424316
1003422,Jack Doscher,Jack Doscher,- - -,- - -,0,P,4,10.0,-0.26554612815380096,-0.06395640410482883,-0.3295025322586298
1006983,Malachi Kittridge,Malachi Kittridge,- - -,- - -,0,C,324,,,-0.38441093638539314,-0.38441093638539314
1005257,Bill Hallman,Bill Hallman,PHI,Phillies,26,2B/3B,227,,,-0.39044642448425293,-0.39044642448425293
1004791,John Gochnaur,John Gochnauer,CLE,Naps,5,SS,512,,,-0.40244942903518677,-0.40244942903518677
1009360,Ed Murphy,Ed Murphy,STL,Cardinals,28,P/1B,67,106.0,0.1339215487241745,-0.5369676947593689,-0.4030461460351944
1008387,Pat McCauley,Pat McCauley,NYH,Highlanders,9,C,19,,,-0.41667163372039795,-0.41667163372039795
1006668,Mike Kahoe,Mike Kahoe,SLB,Browns,2,C,262,,,-0.4522296190261841,-0.4522296190261841
1007972,George Magoon,George Magoon,- - -,- - -,0,2B,541,,,-0.46750111877918243,-0.46750111877918243
1009693,Jack O'Brien,Jack O'Brien,BOS,Americans,3,CF,376,,,-0.47272175550460815,-0.47272175550460815
1013034,Jack Thoney,Jack Thoney,CLE,Naps,5,CF,124,,,-0.4893565773963928,-0.4893565773963928
1010497,Doc Powers,Doc Powers,PHA,Athletics,10,C,262,,,-0.516557514667511,-0.516557514667511
1006177,Rudy Hulswitt,Rudy Hulswitt,PHI,Phillies,26,SS,560,,,-0.5200939774513245,-0.5200939774513245
1001174,Frank Bonner,Frank Bonner,BSN,Beaneaters,16,2B/SS,187,,,-0.5263152718544006,-0.5263152718544006
1009713,Jack O'Connor,Jack O'Connor,NYH,Highlanders,9,C,224,,,-0.5283836126327515,-0.5283836126327515
1009210,Jack Morrissey,Jack Morrissey,CIN,Reds,18,2B,106,,,-0.5969826579093933,-0.5969826579093933
1000941,Monte Beville,Monte Beville,NYH,Highlanders,9,C,283,,,-0.6138350963592529,-0.6138350963592529
1001362,Roy Brashear,Roy Brashear,PHI,Phillies,26,2B,83,,,-0.6179424524307251,-0.6179424524307251
1008175,Joe Martin,Joe Martin,- - -,- - -,0,2B/RF,317,,,-0.6414669156074524,-0.6414669156074524
1014028,Otto Williams,Otto Williams,- - -,- - -,0,SS,337,,,-0.7222008518874645,-0.7222008518874645
1002267,William Clarke,Boileryard Clarke,WAS,Senators,8,C/1B,494,,,-0.7228482365608215,-0.7228482365608215
1003434,Klondike Douglass,Klondike Douglass,PHI,Phillies,26,1B,417,,,-0.7373256683349609,-0.7373256683349609
1009553,Art Nichols,Art Nichols,STL,Cardinals,28,1B,137,,,-0.740146815776825,-0.740146815776825
1000867,Bill Bergen,Bill Bergen,CIN,Reds,18,C,218,,,-0.7556051015853882,-0.7556051015853882
1000005,Ed Abbaticchio,Ed Abbaticchio,BSN,Beaneaters,16,2B,562,,,-0.7658968567848206,-0.7658968567848206
1003401,Red Dooin,Red Dooin,PHI,Phillies,26,C,201,,,-0.771032989025116,-0.771032989025116
1006607,Dutch Jordan,Dutch Jordan,BRO,Superbas,22,2B,293,,,-0.8071326017379761,-0.8071326017379761
1005644,Jack Hendricks,Jack Hendricks,WAS,Senators,8,RF,133,,,-0.8139843940734863,-0.8139843940734863
1004166,Tim Flood,Tim Flood,BRO,Superbas,22,2B,340,,,-0.823093056678772,-0.823093056678772
1005178,Jim Hackett,Jim Hackett,STL,Cardinals,28,1B,374,48.3333,0.46150532364845276,-1.2872620820999146,-0.8257567584514618
1003066,Lefty Davis,Lefty Davis,NYH,Highlanders,9,LF,435,,,-0.826375424861908,-0.826375424861908
1007731,Herman Long,Herman Long,- - -,- - -,0,2B/SS,344,,,-0.8859519958496094,-0.8859519958496094
1012055,Jack Slattery,Jack Slattery,- - -,- - -,0,C,228,,,-0.9982809126377106,-0.9982809126377106
1001947,Scoops Carey,Scoops Carey,WAS,Senators,8,1B,190,,,-1.198264718055725,-1.198264718055725
1012150,Harry Smith,Harry Smith,PIT,Pirates,27,C,234,,,-1.1992422342300415,-1.1992422342300415
1000535,George Barclay,George Barclay,STL,Cardinals,28,LF,440,,,-1.2606801986694336,-1.2606801986694336
1000359,Harry Aubrey,Harry Aubrey,BSN,Beaneaters,16,SS,357,,,-1.6690092086791992,-1.6690092086791992
