playerid,playerName,playerNameRoute,abbName,shortName,teamId,pos,PA,IP,pitWAR,batWAR,totalWAR
1013485,Honus Wagner,Honus Wagner,PIT,Pirates,27,SS,616.0,,,10.781245231628418,10.781245231628418
1011777,Cy Seymour,Cy Seymour,CIN,Reds,18,CF,643.0,,,8.651132583618164,8.651132583618164
1008235,Christy Mathewson,Christy Mathewson,NYG,Giants,30,P,141.0,338.6666,7.433286666870117,0.9861938953399658,8.419480562210083
1014369,Cy Young,Cy Young,BOS,Americans,3,P,126.0,320.6666,7.962997913360596,-0.06154868006706238,7.901449233293533
1003380,Mike Donlin,Mike Donlin,NYG,Giants,30,CF,676.0,,,7.398179531097412,7.398179531097412
1013467,Rube Waddell,Rube Waddell,PHA,Athletics,10,P,126.0,328.6666,6.975447177886963,-0.026207324117422104,6.949239853769541
1003049,George Davis,George Davis,CHW,White Sox,4,SS,654.0,,,6.855692386627197,6.855692386627197
1002131,Frank Chance,Frank Chance,CHC,Cubs,17,1B,502.0,,,6.319784641265869,6.319784641265869
1010385,Eddie Plank,Eddie Plank,PHA,Athletics,10,P,136.0,346.6666,5.723570823669434,0.5457231998443604,6.269294023513794
1012992,Roy Thomas,Roy Thomas,PHI,Phillies,26,CF,675.0,,,5.7816481590271,5.7816481590271
1004158,Elmer Flick,Elmer Flick,CLE,Naps,5,RF,573.0,,,5.666508674621582,5.666508674621582
1002924,Bill Dahlen,Bill Dahlen,NYG,Giants,30,SS,601.0,,,5.662529468536377,5.662529468536377
1003053,Harry Davis,Harry Davis,PHA,Athletics,10,1B,657.0,,,5.627865791320801,5.627865791320801
1007965,Sherry Magee,Sherry Magee,PHI,Phillies,26,LF,669.0,,,5.492279052734375,5.492279052734375
1013085,John Titus,John Titus,PHI,Phillies,26,RF,635.0,,,5.470494747161865,5.470494747161865
1003880,Bob Ewing,Bob Ewing,CIN,Reds,18,P,134.0,311.6666,5.500730037689209,-0.07681318372488022,5.423916853964329
1008501,Dan McGann,Dan McGann,NYG,Giants,30,1B,584.0,,,5.343192100524902,5.343192100524902
1002179,Jack Chesbro,Jack Chesbro,NYH,Highlanders,9,P,116.0,303.3333,5.088108539581299,0.22916695475578308,5.317275494337082
1010287,Deacon Phillippe,Deacon Phillippe,PIT,Pirates,27,P,109.0,279.0,5.606725692749023,-0.5846006870269775,5.022125005722046
1002748,Sam Crawford,Sam Crawford,DET,Tigers,6,1B/RF,631.0,,,4.936325550079346,4.936325550079346
1012564,George Stone,George Stone,SLB,Browns,2,LF,694.0,,,4.926871299743652,4.926871299743652
1005464,Topsy Hartsel,Topsy Hartsel,PHA,Athletics,10,LF,674.0,,,4.840230464935303,4.840230464935303
1009352,Danny Murphy,Danny Murphy,PHA,Athletics,10,2B,608.0,,,4.833604335784912,4.833604335784912
1001304,Bill Bradley,Bill Bradley,CLE,Naps,5,3B,604.0,,,4.682106971740723,4.682106971740723
1003370,Jiggs Donahue,Jiggs Donahue,CHW,White Sox,4,1B,608.0,,,4.67099142074585,4.67099142074585
1014380,Irv Young,Irv Young,BSN,Beaneaters,16,P,138.0,378.0,5.645596504211426,-1.0167146921157837,4.628881812095642
1013075,Joe Tinker,Joe Tinker,CHC,Cubs,17,SS,611.0,,,4.5680670738220215,4.5680670738220215
1006148,Miller Huggins,Miller Huggins,CIN,Reds,18,2B,683.0,,,4.521833419799805,4.521833419799805
1008527,Joe McGinnity,Joe McGinnity,NYG,Giants,30,P,128.0,320.3333,3.8549187183380127,0.6574825644493103,4.512401282787323
1006555,Fielder Jones,Fielder Jones,CHW,White Sox,4,CF,661.0,,,4.480785369873047,4.480785369873047
1000210,Red Ames,Red Ames,NYG,Giants,30,P,107.0,262.6666,4.6821794509887695,-0.25136858224868774,4.430810868740082
1013542,Bobby Wallace,Bobby Wallace,SLB,Browns,2,SS,641.0,,,4.40373420715332,4.40373420715332
1003248,Art Devlin,Art Devlin,NYG,Giants,30,3B,616.0,,,4.382739543914795,4.382739543914795
1011843,Jimmy Sheckard,Jimmy Sheckard,BRO,Superbas,22,LF,563.0,,,4.120980739593506,4.120980739593506
1002280,Fred Clarke,Fred Clarke,PIT,Pirates,27,LF,604.0,,,4.082460403442383,4.082460403442383
1000698,Harry Bay,Harry Bay,CLE,Naps,5,CF,623.0,,,4.059272289276123,4.059272289276123
1014145,George Winter,George Winter,BOS,Americans,3,P,98.0,264.3333,3.4598255157470703,0.5916240811347961,4.0514495968818665
1006630,Addie Joss,Addie Joss,CLE,Naps,5,P,116.0,286.0,3.839677095413208,0.19011609256267548,4.0297931879758835
1008794,Sam Mertes,Sam Mertes,NYG,Giants,30,LF,627.0,,,4.015763282775879,4.015763282775879
1002455,Jimmy Collins,Jimmy Collins,BOS,Americans,3,3B,558.0,,,4.008193016052246,4.008193016052246
1012916,Fred Tenney,Fred Tenney,BSN,Beaneaters,16,1B,632.0,2.0,-0.026462791487574577,3.8952434062957764,3.868780614808202
1006163,Tom Hughes,Tom Hughes,WAS,Senators,8,P,111.0,291.3333,3.156348466873169,0.6574302911758423,3.8137787580490112
1011775,Socks Seybold,Socks Seybold,PHA,Athletics,10,RF,559.0,,,3.808250904083252,3.808250904083252
1012048,Jimmy Slagle,Jimmy Slagle,CHC,Cubs,17,CF,681.0,,,3.7899796962738037,3.7899796962738037
1012220,Homer Smoot,Homer Smoot,STL,Cardinals,28,CF,587.0,,,3.7706546783447266,3.7706546783447266
1012139,Frank Smith,Frank Smith,CHW,White Sox,4,P,118.0,291.6666,2.808659553527832,0.9234110116958618,3.732070565223694
1006283,Frank Isbell,Frank Isbell,CHW,White Sox,4,2B/RF,389.0,,,3.731250524520874,3.731250524520874
1010850,Ed Reulbach,Ed Reulbach,CHC,Cubs,17,P,113.0,291.6666,4.417238712310791,-0.7414772510528564,3.6757614612579346
1006097,Harry Howell,Harry Howell,SLB,Browns,2,P,140.0,323.0,3.827622652053833,-0.21263375878334045,3.6149888932704926
1009302,George Mullin,George Mullin,DET,Tigers,6,P,150.0,347.6666,2.416297435760498,1.1347541809082031,3.551051616668701
1012822,Jesse Tannehill,Jesse Tannehill,BOS,Americans,3,P,111.0,271.6666,2.6563587188720703,0.8698358535766602,3.5261945724487305
1001396,Roger Bresnahan,Roger Bresnahan,NYG,Giants,30,C,399.0,,,3.5076425075531006,3.5076425075531006
1008034,Billy Maloney,Billy Maloney,CHC,Cubs,17,RF,627.0,,,3.4733052253723145,3.4733052253723145
1014116,Hooks Wiltse,Hooks Wiltse,NYG,Giants,30,P,87.0,197.0,2.6002376079559326,0.851561963558197,3.4517995715141296
1006908,Ed Killian,Ed Killian,DET,Tigers,6,P,127.0,313.3333,2.3913991451263428,1.0245656967163086,3.4159648418426514
1002372,Andy Coakley,Andy Coakley,PHA,Athletics,10,P,101.0,255.0,3.6757614612579346,-0.2833116054534912,3.3924498558044434
1001547,Mordecai Brown,Mordecai Brown,CHC,Cubs,17,P,104.0,249.0,3.5842199325561523,-0.19539713859558105,3.3888227939605713
1009857,Al Orth,Al Orth,NYH,Highlanders,9,P,139.0,305.3333,4.065584659576416,-0.6777152419090271,3.387869417667389
1013233,Terry Turner,Terry Turner,CLE,Naps,5,SS,621.0,,,3.2727911472320557,3.2727911472320557
1005773,Charlie Hickman,Charlie Hickman,- - -,- - -,0,2B/RF,615.0,,,3.253779724240303,3.253779724240303
1009910,Orval Overall,Orval Overall,CIN,Reds,18,P,129.0,318.0,3.4788103103637695,-0.24229441583156586,3.2365158945322037
1004917,Mike Grady,Mike Grady,STL,Cardinals,28,C,351.0,,,3.0974056720733643,3.0974056720733643
1000733,Ginger Beaumont,Ginger Beaumont,PIT,Pirates,27,CF,420.0,,,3.092914581298828,3.092914581298828
1007259,Nap Lajoie,Nap Lajoie,CLE,Naps,5,2B,271.0,,,2.921995162963867,2.921995162963867
1012382,Jake Stahl,Jake Stahl,WAS,Senators,8,1B,560.0,,,2.913914203643799,2.913914203643799
1010987,Claude Ritchey,Claude Ritchey,PIT,Pirates,27,2B,596.0,,,2.9115524291992188,2.9115524291992188
1009916,Frank Owen,Frank Owen,CHW,White Sox,4,P,137.0,334.0,3.0519800186157227,-0.22718115150928497,2.8247988671064377
1012599,Sammy Strang,Sammy Strang,NYG,Giants,30,2B/RF,369.0,,,2.814311981201172,2.814311981201172
1002171,Charlie Chech,Charlie Chech,CIN,Reds,18,P,106.0,267.6666,2.71160626411438,0.09441695362329483,2.8060232177376747
1014042,Vic Willis,Vic Willis,BSN,Beaneaters,16,P,136.0,342.0,3.227853298187256,-0.4428870379924774,2.7849662601947784
1013738,Jake Weimer,Jake Weimer,CHC,Cubs,17,P,97.0,250.3333,2.6610615253448486,0.12101036310195923,2.782071888446808
1003402,Michael Doolin,Mickey Doolan,PHI,Phillies,26,SS,524.0,,,2.6725521087646484,2.6725521087646484
1010487,Jack Powell,Jack Powell,- - -,- - -,0,P,80.0,231.0,2.5654075145721436,0.06269076094031334,2.628098275512457
1012955,Jake Thielman,Jake Thielman,STL,Cardinals,28,P,106.0,242.0,2.2135162353515625,0.38931894302368164,2.602835178375244
1008489,Chappie McFarland,Chappie McFarland,STL,Cardinals,28,P,92.0,250.3333,2.553302526473999,-0.007638673763722181,2.545663852710277
1006747,Willie Keeler,Willie Keeler,NYH,Highlanders,9,RF,650.0,,,2.5427091121673584,2.5427091121673584
1010376,Togie Pittinger,Togie Pittinger,PHI,Phillies,26,P,138.0,337.3333,2.9846749305725098,-0.45395705103874207,2.5307178795337677
1004753,Fred Glade,Fred Glade,SLB,Browns,2,P,104.0,275.0,3.026272773742676,-0.4969639480113983,2.5293088257312775
1007830,Harry Lumley,Harry Lumley,BRO,Superbas,22,RF,557.0,,,2.5271034240722656,2.5271034240722656
1000005,Ed Abbaticchio,Ed Abbaticchio,BSN,Beaneaters,16,SS,658.0,,,2.5138275623321533,2.5138275623321533
1013864,Doc White,Doc White,CHW,White Sox,4,P,98.0,260.3333,2.79797625541687,-0.2936013340950012,2.504374921321869
1001519,George Browne,George Browne,NYG,Giants,30,RF,569.0,,,2.482647657394409,2.482647657394409
1008573,Matty McIntyre,Matty McIntyre,DET,Tigers,6,LF,551.0,,,2.4764275550842285,2.4764275550842285
1005749,Otto Hess,Otto Hess,CLE,Naps,5,P/LF,185.0,213.6666,1.9921073913574219,0.46021005511283875,2.4523174464702606
1000232,John Anderson,John Anderson,- - -,- - -,0,RF,536.0,,,2.450701519846916,2.450701519846916
1011731,Kip Selbach,Kip Selbach,BOS,Americans,3,RF,499.0,,,2.4381227493286133,2.4381227493286133
1012823,Lee Tannehill,Lee Tannehill,CHW,White Sox,4,3B,549.0,,,2.4205987453460693,2.4205987453460693
1002544,Wid Conroy,Wid Conroy,NYH,Highlanders,9,3B,424.0,,,2.402817726135254,2.402817726135254
1002622,Tommy Corcoran,Tommy Corcoran,CIN,Reds,18,SS,647.0,,,2.3843162059783936,2.3843162059783936
1014331,Joe Yeager,Joe Yeager,NYH,Highlanders,9,3B,449.0,,,2.3034777641296387,2.3034777641296387
1001682,Jesse Burkett,Jesse Burkett,BOS,Americans,3,LF,654.0,,,2.2982232570648193,2.2982232570648193
1003393,Bill Donovan,Bill Donovan,DET,Tigers,6,P,156.0,280.6666,2.4212958812713623,-0.13048586249351501,2.2908100187778473
1002038,James Casey,Doc Casey,CHC,Cubs,17,3B,594.0,,,2.277301788330078,2.277301788330078
1003317,Bill Dinneen,Bill Dineen,BOS,Americans,3,P,94.0,243.6666,2.480804920196533,-0.20641091465950012,2.274394005537033
1012867,Dummy Taylor,Dummy Taylor,NYG,Giants,30,P,83.0,213.3333,2.535485029220581,-0.2625228762626648,2.2729621529579163
1004642,Doc Gessler,Doc Gessler,BRO,Superbas,22,1B,486.0,,,2.25924015045166,2.25924015045166
1008491,Ed McFarland,Ed McFarland,CHW,White Sox,4,C,281.0,,,2.242250919342041,2.242250919342041
1002640,Frank Corridon,Frank Corridon,PHI,Phillies,26,P,82.0,212.0,1.747438907623291,0.48098132014274597,2.228420227766037
1000827,Chief Bender,Chief Bender,PHA,Athletics,10,P,97.0,229.0,1.7655595541000366,0.440053254365921,2.2056128084659576
1013916,Bob Wicker,Bob Wicker,CHC,Cubs,17,P,79.0,178.0,2.4657042026519775,-0.2837603986263275,2.18194380402565
1012306,Tully Sparks,Tully Sparks,PHI,Phillies,26,P,101.0,259.6666,2.5392351150512695,-0.362361341714859,2.1768737733364105
1007470,Sam Leever,Sam Leever,PIT,Pirates,27,P,94.0,229.6666,2.6865901947021484,-0.5232824683189392,2.1633077263832092
1006142,Frank Huelsman,Frank Huelsman,WAS,Senators,8,LF,465.0,,,2.150169610977173,2.150169610977173
1001847,Jimmy Callahan,Nixey Callahan,CHW,White Sox,4,LF,388.0,,,2.1260557174682617,2.1260557174682617
1010056,Casey Patten,Case Patten,WAS,Senators,8,P,115.0,309.6666,2.1778130531311035,-0.08208739012479782,2.0957256630063057
1003876,Johnny Evers,Johnny Evers,CHC,Cubs,17,2B,389.0,,,2.0764219760894775,2.0764219760894775
1002668,Bill Coughlin,Bill Coughlin,DET,Tigers,6,3B,550.0,,,2.048858642578125,2.048858642578125
1004013,Hobe Ferris,Hobe Ferris,BOS,Americans,3,2B,558.0,,,2.0106852054595947,2.0106852054595947
1009564,Kid Nichols,Kid Nichols,- - -,- - -,0,P,77.0,190.33319999999998,2.1413347125053406,-0.13464488834142685,2.0066898241639137
1007428,Tommy Leach,Tommy Leach,PIT,Pirates,27,3B/CF,554.0,,,1.9957269430160522,1.9957269430160522
1002808,Lave Cross,Lave Cross,PHA,Athletics,10,3B,630.0,,,1.9899649620056152,1.9899649620056152
1002677,Ernie Courtney,Ernie Courtney,PHI,Phillies,26,3B,681.0,,,1.9811533689498901,1.9811533689498901
1011631,Frank Schulte,Frank Schulte,CHC,Cubs,17,LF,549.0,,,1.964745044708252,1.964745044708252
1004686,Billy Gilbert,Billy Gilbert,NYG,Giants,30,2B,437.0,,,1.964314341545105,1.964314341545105
1000824,Harry Bemis,Harry Bemis,CLE,Naps,5,C,249.0,,,1.9611060619354248,1.9611060619354248
1001335,Dave Brain,Dave Brain,- - -,- - -,0,3B/SS,503.0,,,1.939415842294693,1.939415842294693
1009992,Freddy Parent,Freddy Parent,BOS,Americans,3,SS,690.0,,,1.9285963773727417,1.9285963773727417
1008571,Harry McIntire,Harry McIntire,BRO,Superbas,22,P,145.0,308.6666,2.004889726638794,-0.0835900828242302,1.9212996438145638
1005380,Jack Harper,Jack Harper,CIN,Reds,18,P,71.0,179.3333,1.8231120109558105,0.08195213228464127,1.9050641432404518
1010881,Bob Rhoads,Bob Rhoads,CLE,Naps,5,P,102.0,235.0,1.138081669807434,0.7450065612792969,1.883088231086731
1003502,Lew Drill,Lew Drill,DET,Tigers,6,C,255.0,,,1.8764219284057617,1.8764219284057617
1005902,Danny Hoffman,Danny Hoffman,PHA,Athletics,10,CF,511.0,,,1.8732627630233765,1.8732627630233765
1002810,Monte Cross,Monte Cross,PHA,Athletics,10,SS,301.0,,,1.8555145263671875,1.8555145263671875
1012584,George Stovall,George Stovall,CLE,Naps,5,1B/2B,445.0,,,1.8111984729766846,1.8111984729766846
1003722,Kid Elberfeld,Kid Elberfeld,NYH,Highlanders,9,SS,449.0,,,1.7998178005218506,1.7998178005218506
1011612,Ossee Schrecongost,Ossee Schreckengost,PHA,Athletics,10,C,429.0,,,1.7853550910949707,1.7853550910949707
1000191,Nick Altrock,Nick Altrock,CHW,White Sox,4,P,126.0,315.6666,2.637284755706787,-0.8739701509475708,1.7633146047592163
1010136,Barney Pelty,Barney Pelty,SLB,Browns,2,P,105.0,258.6666,1.9857174158096313,-0.2585551142692566,1.7271623015403748
1005038,Clark Griffith,Clark Griffith,NYH,Highlanders,9,P,37.0,101.6666,1.68082594871521,0.01847578026354313,1.699301728978753
1000619,John Barry,Shad Barry,- - -,- - -,0,1B,667.0,,,1.6932137161493301,1.6932137161493301
1006981,Frank Kitson,Frank Kitson,DET,Tigers,6,P,90.0,225.6666,1.6865407228469849,0.0013021787162870169,1.6878429015632719
1012614,Elmer Stricklett,Elmer Stricklett,BRO,Superbas,22,P,96.0,237.3333,1.8986550569534302,-0.21370907127857208,1.684945985674858
1012466,Harry Steinfeldt,Harry Steinfeldt,CIN,Reds,18,3B,429.0,,,1.676723837852478,1.676723837852478
1013145,Happy Townsend,Happy Townsend,WAS,Senators,8,P,94.0,263.0,1.319477915763855,0.3145187795162201,1.633996695280075
1004366,Emil Frisk,Emil Frisk,SLB,Browns,2,RF,493.0,,,1.6220091581344604,1.6220091581344604
1011490,Doc Scanlan,Doc Scanlan,BRO,Superbas,22,P,102.0,249.6666,1.8527207374572754,-0.23472513258457184,1.6179956048727036
1012879,Jack Taylor,Jack Taylor,STL,Cardinals,28,P,132.0,309.0,1.7974507808685303,-0.20770572125911713,1.5897450596094131
1013570,Ed Walsh,Ed Walsh,CHW,White Sox,4,P,64.0,136.6666,1.820737600326538,-0.2763659358024597,1.5443716645240784
1006076,Del Howard,Del Howard,PIT,Pirates,27,1B,484.0,6.0,-0.16859975457191467,1.6447843313217163,1.4761845767498016
1002370,Otis Clymer,Otis Clymer,PIT,Pirates,27,RF,389.0,,,1.434033989906311,1.434033989906311
1004129,Patsy Flaherty,Patsy Flaherty,PIT,Pirates,27,P,80.0,187.6666,1.618664264678955,-0.19481579959392548,1.4238484650850296
1000754,Jake Beckley,Jake Beckley,STL,Cardinals,28,1B,558.0,,,1.4129503965377808,1.4129503965377808
1007836,Carl Lundgren,Carl Lundgren,CHC,Cubs,17,P,68.0,169.3333,1.318468689918518,0.09207595884799957,1.4105446487665176
1001614,Jim Buchanan,Jim Buchanan,SLB,Browns,2,P,52.0,141.3333,1.3134969472885132,0.07548433542251587,1.388981282711029
1014185,Barney Wolfe,Barney Wolfe,WAS,Senators,8,P,65.0,182.0,1.4567840099334717,-0.07314707338809967,1.383636936545372
1011800,Spike Shannon,Spike Shannon,STL,Cardinals,28,LF,612.0,,,1.374447226524353,1.374447226524353
1006317,Beany Jacobson,Beany Jacobson,WAS,Senators,8,P,52.0,144.3333,1.1594370603561401,0.20548033714294434,1.3649173974990845
1014005,Jimmy Williams,Jimmy Williams,NYH,Highlanders,9,2B,533.0,,,1.3551234006881714,1.3551234006881714
1001253,Frank Bowerman,Frank Bowerman,NYG,Giants,30,C,327.0,,,1.3316938877105713,1.3316938877105713
1004988,Danny Green,Danny Green,CHW,White Sox,4,RF,454.0,,,1.3302860260009766,1.3302860260009766
1005917,Solly Hofman,Solly Hofman,CHC,Cubs,17,2B,316.0,,,1.3264203071594238,1.3264203071594238
1006300,Jim Jackson,Jim Jackson,CLE,Naps,5,LF,470.0,,,1.3233577013015747,1.3233577013015747
1012381,Chick Stahl,Chick Stahl,BOS,Americans,3,CF,568.0,,,1.2954015731811523,1.2954015731811523
1001424,Buttons Briggs,Buttons Briggs,CHC,Cubs,17,P,64.0,168.0,1.8104963302612305,-0.5734800100326538,1.2370163202285767
1005205,Noodles Hahn,Noodles Hahn,CIN,Reds,18,P,27.0,77.0,1.326816201210022,-0.09363363683223724,1.2331825643777847
1005203,Ed Hahn,Ed Hahn,NYH,Highlanders,9,RF/LF,194.0,,,1.2276967763900757,1.2276967763900757
1002032,Charlie Case,Charlie Case,PIT,Pirates,27,P,78.0,217.0,1.4705549478530884,-0.24690623581409454,1.2236487120389938
1011506,Germany Schaefer,Germany Schaefer,DET,Tigers,6,2B,629.0,,,1.1899938583374023,1.1899938583374023
1005927,Bill Hogg,Bill Hogg,NYH,Highlanders,9,P,73.0,205.0,1.7866904735565186,-0.6099803447723389,1.1767101287841797
1002579,Duff Cooley,Duff Cooley,DET,Tigers,6,CF,420.0,,,1.1360492706298828,1.1360492706298828
1010071,Roy Patterson,Roy Patterson,CHW,White Sox,4,P,32.0,88.6666,0.85047847032547,0.2476847618818283,1.0981632322072983
1004305,Chick Fraser,Chick Fraser,BSN,Beaneaters,16,P,164.0,334.3333,1.471803903579712,-0.3862455487251282,1.0855583548545837
1002053,Joe Cassidy,Joe Cassidy,WAS,Senators,8,SS,626.0,,,1.079026222229004,1.079026222229004
1002767,Lou Criger,Lou Criger,BOS,Americans,3,C,377.0,,,1.0779762268066406,1.0779762268066406
1010262,Big Jeff Pfeffer,Big Jeff Pfeffer,CHC,Cubs,17,P,41.0,101.0,0.9783695340156555,0.08039242774248123,1.0587619617581367
1011080,Chick Robitaille,Chick Robitaille,PIT,Pirates,27,P,46.0,120.3333,1.31429922580719,-0.29432523250579834,1.0199739933013916
1006599,Tom Jones,Tom Jones,SLB,Browns,2,1B,561.0,,,1.005368947982788,1.005368947982788
1004770,Kid Gleason,Kid Gleason,PHI,Phillies,26,2B,699.0,,,0.9979046583175659,0.9979046583175659
1004316,Buck Freeman,Buck Freeman,BOS,Americans,3,1B/RF,515.0,,,0.9835065603256226,0.9835065603256226
1006791,Win Kellum,Win Kellum,STL,Cardinals,28,P,29.0,74.0,0.8993248343467712,0.06662774831056595,0.9659525826573372
1007073,Ben Koehler,Ben Koehler,SLB,Browns,2,CF,585.0,,,0.9638065099716187,0.9638065099716187
1001985,Charlie Carr,Charlie Carr,CLE,Naps,5,1B,334.0,,,0.9560030102729797,0.9560030102729797
1009103,Earl Moore,Earl Moore,CLE,Naps,5,P,106.0,269.0,1.2920738458633423,-0.3391302525997162,0.9529435932636261
1013947,Kaiser Wilhelm,Kaiser Wilhelm,BSN,Beaneaters,16,P,104.0,242.3333,1.3229659795761108,-0.3777647912502289,0.945201188325882
1001356,Kitty Bransfield,Kitty Bransfield,PHI,Phillies,26,1B,627.0,,,0.9369358420372009,0.9369358420372009
1005652,Weldon Henley,Weldon Henley,PHA,Athletics,10,P,69.0,183.6666,0.8929942846298218,-0.0029816448222845793,0.8900126398075372
1007867,Mike Lynch,Mike Lynch,PIT,Pirates,27,P,89.0,206.3333,1.1412893533706665,-0.2672581374645233,0.8740312159061432
1013535,Tom Walker,Tom Walker,CIN,Reds,18,P,57.0,144.6666,1.0111461877822876,-0.13986700773239136,0.8712791800498962
1002294,Josh Clarke,Josh Clarke,STL,Cardinals,28,2B/RF,196.0,,,0.8576558232307434,0.8576558232307434
1007494,Lefty Leifield,Lefty Leifield,PIT,Pirates,27,P,22.0,56.0,0.4653252959251404,0.340921014547348,0.8062463104724884
1009735,Fred Odwell,Fred Odwell,CIN,Reds,18,RF/LF,521.0,,,0.7870149612426758,0.7870149612426758
1003360,Cozy Dolan,Cozy Dolan,- - -,- - -,0,RF,559.0,4.0,-0.2793388366699219,1.0574564933776855,0.7781176567077637
1004767,Harry Gleason,Harry Gleason,SLB,Browns,2,3B,591.0,,,0.7757650017738342,0.7757650017738342
1010578,Ambrose Puttmann,Ambrose Puttmann,NYH,Highlanders,9,P,32.0,86.3333,0.393710732460022,0.36047273874282837,0.7541834712028503
1005815,Homer Hillebrand,Homer Hillebrand,PIT,Pirates,27,P/1B,121.0,60.6666,1.042109489440918,-0.30258986353874207,0.7395196259021759
1003373,Red Donahue,Red Donahue,CLE,Naps,5,P,56.0,137.6666,1.2066082954406738,-0.489400178194046,0.7172081172466278
1000891,Bill Bernhard,Bill Bernhard,CLE,Naps,5,P,70.0,174.3333,1.243923306465149,-0.5354680418968201,0.7084552645683289
1003401,Red Dooin,Red Dooin,PHI,Phillies,26,C,400.0,,,0.6654133796691895,0.6654133796691895
1014202,Harry Wolverton,Harry Wolverton,BSN,Beaneaters,16,3B,505.0,,,0.6565030217170715,0.6565030217170715
1003703,Wish Egan,Wish Egan,STL,Cardinals,28,P,64.0,171.3333,1.0340964794158936,-0.39503899216651917,0.6390574872493744
1002314,Walter Clarkson,Walter Clarkson,NYH,Highlanders,9,P,19.0,46.0,0.8025983572006226,-0.23205684125423431,0.5705415159463882
1003559,Gus Dundon,Gus Dundon,CHW,White Sox,4,2B,406.0,,,0.5693449974060059,0.5693449974060059
1011091,Ike Rockenfield,Ike Rockenfield,SLB,Browns,2,2B,405.0,,,0.5539097785949707,0.5539097785949707
1009152,Pat Moran,Pat Moran,BSN,Beaneaters,16,C,279.0,,,0.5472692251205444,0.5472692251205444
1003568,Jack Dunleavy,Jack Dunleavy,STL,Cardinals,28,RF,501.0,,,0.5348794460296631,0.5348794460296631
1013636,Jack Warner,John Warner,- - -,- - -,0,C,276.0,,,0.515701012685895,0.515701012685895
1007628,Chris Lindsay,Chris Lindsay,DET,Tigers,6,1B,362.0,,,0.5003017783164978,0.5003017783164978
1009764,Rube Oldring,Rube Oldring,NYH,Highlanders,9,SS,33.0,,,0.4985174536705017,0.4985174536705017
1006180,John Hummel,John Hummel,BRO,Superbas,22,2B,121.0,,,0.49692589044570923,0.49692589044570923
1007340,Frank LaPorte,Frank LaPorte,NYH,Highlanders,9,2B,41.0,,,0.48663774132728577,0.48663774132728577
1003542,Bill Duggleby,Bill Duggleby,PHI,Phillies,26,P,109.0,289.3333,0.7620895504951477,-0.28323179483413696,0.47885775566101074
1004478,Bob Ganley,Bob Ganley,PIT,Pirates,27,RF,143.0,,,0.47774672508239746,0.47774672508239746
1008371,Jack McCarthy,Jack McCarthy,CHC,Cubs,17,CF/LF,186.0,,,0.4729882478713989,0.4729882478713989
1011710,Jimmy Sebring,Jimmy Sebring,CIN,Reds,18,RF,240.0,,,0.4516344666481018,0.4516344666481018
1006537,Charlie Jones,Charlie Jones,WAS,Senators,8,CF,588.0,,,0.45133909583091736,0.45133909583091736
1011955,Johnny Siegle,Johnny Siegle,CIN,Reds,18,RF,67.0,,,0.439208060503006,0.439208060503006
1005069,Myron Grimshaw,Myron Grimshaw,BOS,Americans,3,1B,313.0,,,0.43591558933258057,0.43591558933258057
1006776,Joe Kelley,Joe Kelley,CIN,Reds,18,LF,366.0,,,0.4267464876174927,0.4267464876174927
1011145,George Rohe,George Rohe,CHW,White Sox,4,2B/3B,133.0,,,0.39991435408592224,0.39991435408592224
1006950,Ed Kinsella,Ed Kinsella,PIT,Pirates,27,P,4.0,17.0,0.38729754090309143,-0.012324064038693905,0.3749734768643975
1003340,John Dobbs,John Dobbs,BRO,Superbas,22,CF,507.0,,,0.36403688788414,0.36403688788414
1012683,Billy Sullivan,Billy Sullivan,CHW,White Sox,4,C,349.0,,,0.3605896234512329,0.3605896234512329
1000650,Emil Batch,Emil Batch,BRO,Superbas,22,3B,603.0,,,0.35244643688201904,0.35244643688201904
1003430,Patsy Dougherty,Patsy Dougherty,NYH,Highlanders,9,LF,459.0,,,0.3518797755241394,0.3518797755241394
1004134,Steamer Flanagan,Steamer Flanagan,PIT,Pirates,27,CF,26.0,,,0.34882158041000366,0.34882158041000366
1008472,Sandy McDougal,Sandy McDougal,STL,Cardinals,28,P,16.0,44.6666,0.4479515850543976,-0.10397050529718399,0.3439810797572136
1012414,Joe Stanley,Joe Stanley,WAS,Senators,8,CF/LF,102.0,,,0.33322659134864807,0.33322659134864807
1005823,Hunter Hill,Hunter Hill,WAS,Senators,8,3B,446.0,,,0.3331947326660156,0.3331947326660156
1001831,Ralph Caldwell,Ralph Caldwell,PHI,Phillies,26,P,15.0,34.0,0.5630377531051636,-0.23593540489673615,0.32710234820842743
1007008,Johnny Kling,Johnny Kling,CHC,Cubs,17,C,425.0,,,0.32211896777153015,0.32211896777153015
1006995,Red Kleinow,Red Kleinow,NYH,Highlanders,9,C,278.0,,,0.3145272135734558,0.3145272135734558
1013932,Jimmy Wiggs,Jimmy Wiggs,DET,Tigers,6,P,15.0,41.3333,0.3255360424518585,-0.011851922608911991,0.31368411984294653
1005420,Joe Harris,Joe Harris,BOS,Americans,3,P,9.0,23.0,0.37065640091896057,-0.06728141009807587,0.3033749908208847
1004795,John Godwin,John Godwin,BOS,Americans,3,2B/LF,51.0,,,0.3010072410106659,0.3010072410106659
1003157,Jim Delahanty,Jim Delahanty,BSN,Beaneaters,16,LF,506.0,2.0,-0.11472535878419876,0.4143120050430298,0.299586646258831
1008553,Deacon McGuire,Deacon McGuire,NYH,Highlanders,9,C,254.0,,,0.2942900061607361,0.2942900061607361
1005839,Bill Hinchman,Bill Hinchman,CIN,Reds,18,LF,66.0,,,0.2891702950000763,0.2891702950000763
1006153,Ed Hughes,Ed Hughes,BOS,Americans,3,P,14.0,33.3333,0.292634516954422,-0.003682330483570695,0.2889521864708513
1004404,Dave Fultz,Dave Fultz,NYH,Highlanders,9,CF,482.0,,,0.2811674475669861,0.2811674475669861
1013459,Rip Vowinkel,Rip Vowinkel,CIN,Reds,18,P,19.0,45.3333,0.29874759912490845,-0.04109921678900719,0.25764838233590126
1003616,Jimmy Dygert,Jimmy Dygert,PHA,Athletics,10,P,15.0,35.3333,0.19730611145496368,0.053109388798475266,0.25041550025343895
1002236,Eddie Cicotte,Eddie Cicotte,DET,Tigers,6,P,7.0,18.0,0.1401134729385376,0.10489457100629807,0.24500804394483566
1005350,Harry Hardy,Harry Hardy,WAS,Senators,8,P,9.0,24.0,0.28204938769340515,-0.062159936875104904,0.21988945081830025
1009812,Jack O'Neill,Jack O'Neill,CHC,Cubs,17,C,197.0,,,0.21777769923210144,0.21777769923210144
1006687,Harry Kane,Harry Kane,PHI,Phillies,26,P,7.0,17.0,0.24012254178524017,-0.028067708015441895,0.21205483376979828
1003850,John Eubank,John Eubank,DET,Tigers,6,P/1B,14.0,17.3333,0.080373115837574,0.13072234392166138,0.21109545975923538
1003323,George Disch,George Disch,DET,Tigers,6,P,20.0,47.6666,0.29919880628585815,-0.10435638576745987,0.19484242051839828
1009174,Cy Morgan,Cy Morgan,SLB,Browns,2,P,33.0,77.3333,-0.0633796826004982,0.2463018000125885,0.1829221174120903
1007847,Johnny Lush,Johnny Lush,PHI,Phillies,26,P/CF,19.0,17.0,0.10247635096311569,0.08039357513189316,0.18286992609500885
1010131,Heinie Peitz,Heinie Peitz,PIT,Pirates,27,C,320.0,,,0.18208885192871094,0.18208885192871094
1000306,Charlie Armbruster,Charlie Armbruster,BOS,Americans,3,C,111.0,,,0.17734625935554504,0.17734625935554504
1007554,Louis LeRoy,Louis Leroy,NYH,Highlanders,9,P,10.0,24.0,0.19831636548042297,-0.022244982421398163,0.1760713830590248
1001328,King Brady,King Brady,PHI,Phillies,26,P,5.0,13.0,0.1833263635635376,-0.00873752310872078,0.17458884045481682
1012331,Tubby Spencer,Tubby Spencer,SLB,Browns,2,C,125.0,,,0.16235139966011047,0.16235139966011047
1001499,Buster Brown,Buster Brown,STL,Cardinals,28,P,66.0,178.6666,0.5328863859176636,-0.3734275698661804,0.15945881605148315
1005761,Mike Heydon,Mike Heydon,WAS,Senators,8,C,272.0,,,0.15812095999717712,0.15812095999717712
1003533,Hugh Duffy,Hugh Duffy,PHI,Phillies,26,RF/CF,41.0,,,0.14824546873569489,0.14824546873569489
1011566,Admiral Schlei,Admiral Schlei,CIN,Reds,18,C,349.0,,,0.1402488797903061,0.1402488797903061
1003636,Mal Eason,Mal Eason,BRO,Superbas,22,P,85.0,207.0,0.7663449048995972,-0.6264905333518982,0.13985437154769897
1007024,Otto Knabe,Otto Knabe,PIT,Pirates,27,3B,13.0,,,0.13933902978897095,0.13933902978897095
1006488,Ollie Johns,Ollie Johns,CIN,Reds,18,P,6.0,18.0,0.15179167687892914,-0.01632051356136799,0.13547116331756115
1006668,Mike Kahoe,Mike Kahoe,PHI,Phillies,26,C,53.0,,,0.13436047732830048,0.13436047732830048
1002499,Bunk Congalton,Bunk Congalton,CLE,Naps,5,RF,49.0,,,0.13198214769363403,0.13198214769363403
1002163,Hal Chase,Hal Chase,NYH,Highlanders,9,1B,501.0,,,0.12391669303178787,0.12391669303178787
1002378,Ty Cobb,Ty Cobb,DET,Tigers,6,CF,164.0,,,0.12007253617048264,0.12007253617048264
1012835,Hughie Tate,Hughie Tate,WAS,Senators,8,LF,13.0,,,0.09736407548189163,0.09736407548189163
1010276,Ed Phelps,Ed Phelps,CIN,Reds,18,C,176.0,,,0.09305012226104736,0.09305012226104736
1003942,Duke Farrell,Duke Farrell,BOS,Americans,3,C,22.0,,,0.0889236256480217,0.0889236256480217
1009550,Doc Newton,Doc Newton,NYH,Highlanders,9,P,23.0,59.6666,0.19020883738994598,-0.1032773032784462,0.08693153411149979
1006580,Oscar Jones,Oscar Jones,BRO,Superbas,22,P,67.0,174.0,0.4937967360019684,-0.40751901268959045,0.08627772331237793
1005230,John Halla,John Halla,CLE,Naps,5,P,5.0,12.6666,0.08801424503326416,-0.003654161002486944,0.08436008403077722
1003143,Edward DeGroff,Rube DeGroff,STL,Cardinals,28,RF/CF,62.0,,,0.0782523900270462,0.0782523900270462
1010993,Lew Ritter,Lew Ritter,BRO,Superbas,22,C,334.0,,,0.07602930068969727,0.07602930068969727
1004219,Gene Ford,Gene Ford,DET,Tigers,6,P,13.0,35.0,0.15410806238651276,-0.08037688583135605,0.07373117655515671
1003422,Jack Doscher,Jack Doscher,BRO,Superbas,22,P,25.0,71.0,0.3097683787345886,-0.24529777467250824,0.06447060406208038
1004946,Eddie Grant,Eddie Grant,CLE,Naps,5,2B,8.0,,,0.05260462686419487,0.05260462686419487
1012974,Frosty Thomas,Frosty Thomas,DET,Tigers,6,P,3.0,6.0,0.04122809320688248,0.010411303490400314,0.05163939669728279
1003913,Cy Falkenberg,Cy Falkenberg,WAS,Senators,8,P,32.0,75.3333,0.19760969281196594,-0.15346065163612366,0.044149041175842285
1013804,Hi West,Hi West,CLE,Naps,5,P,13.0,33.0,0.1645868867635727,-0.12135297805070877,0.04323390871286392
1009787,Hank Olmsted,Hank Olmsted,BOS,Americans,3,P,9.0,25.0,0.05758800357580185,-0.014745635911822319,0.04284236766397953
1000529,Jap Barbeau,Jap Barbeau,CLE,Naps,5,2B,40.0,,,0.03800749033689499,0.03800749033689499
1002901,Fred Curtis,Fred Curtis,NYH,Highlanders,9,1B,10.0,,,0.03612750396132469,0.03612750396132469
1009108,Frank Moore,George Moore,PIT,Pirates,27,P,1.0,3.0,0.04302079975605011,-0.016214963048696518,0.026805836707353592
1011830,Gerry Shea,Gerry Shea,STL,Cardinals,28,C,6.0,,,0.022110968828201294,0.022110968828201294
1008087,Moxie Manuel,Moxie Manuel,WAS,Senators,8,P,4.0,10.0,0.009997871704399586,0.011210920289158821,0.021208791993558407
1008542,John McGraw,John McGraw,NYG,Giants,30,LF,,,,0.016880614683032036,0.016880614683032036
1007430,Tom Leahy,Tom Leahy,STL,Cardinals,28,C,107.0,,,0.016070125624537468,0.016070125624537468
1009425,Joseph Myers,Joseph Myers,PHA,Athletics,10,P,2.0,5.0,0.041209690272808075,-0.030202804133296013,0.011006886139512062
1011242,Frank Roth,Frank Roth,SLB,Browns,2,C,115.0,,,0.006272126454859972,0.006272126454859972
1003916,Charlie Fallon,Charlie Fallon,NYH,Highlanders,9,PH/PR,,,,0.0,0.0
1013283,Bob Unglaub,Bob Unglaub,BOS,Americans,3,3B,134.0,,,-0.001038991380482912,-0.001038991380482912
1007684,Hans Lobert,Hans Lobert,CHC,Cubs,17,3B,56.0,,,-0.0035178030375391245,-0.0035178030375391245
1001873,Billy Campbell,Billy Campbell,STL,Cardinals,28,P,8.0,17.0,0.0418221540749073,-0.04644108563661575,-0.00461893156170845
1005739,Frank Hershey,Frank Hershey,BSN,Beaneaters,16,P,1.0,4.0,0.011231274344027042,-0.015961656346917152,-0.00473038200289011
1004931,Moonlight Graham,Moonlight Graham,NYG,Giants,30,RF,,,,-0.00553462840616703,-0.00553462840616703
1000061,Rick Adams,Rick Adams,WAS,Senators,8,P,27.0,62.6666,-0.10172819346189499,0.09357096254825592,-0.008157230913639069
1004668,George Gibson,George Gibson,PIT,Pirates,27,C,156.0,,,-0.015929754823446274,-0.015929754823446274
1001575,Andy Bruckmiller,Andy Bruckmiller,DET,Tigers,6,P,1.0,1.0,-0.009827003814280033,-0.014975462108850479,-0.024802465923130512
1006287,Fred Jacklitsch,Fred Jacklitsch,NYH,Highlanders,9,C,4.0,,,-0.027286212891340256,-0.027286212891340256
1004865,Wilbur Good,Wilbur Good,NYH,Highlanders,9,P,8.0,19.0,-0.07146091014146805,0.04316052421927452,-0.028300385922193527
1011812,Shag Shaughnessy,Shag Shaughnessy,WAS,Senators,8,RF,4.0,,,-0.02860330231487751,-0.02860330231487751
1005236,Bob Hall,Bob Hall,- - -,- - -,0,LF,224.0,,,-0.03185400948859751,-0.03185400948859751
1012670,Willie Sudhoff,Willie Sudhoff,SLB,Browns,2,P,93.0,244.0,-0.37700507044792175,0.34080708026885986,-0.03619799017906189
1002531,Joe Connor,Joe Connor,NYH,Highlanders,9,C/1B,27.0,,,-0.03717653453350067,-0.03717653453350067
1008374,Joe McCarthy,Joe McCarthy,NYH,Highlanders,9,C,2.0,,,-0.03818143159151077,-0.03818143159151077
1001422,Al Bridwell,Al Bridwell,CIN,Reds,18,3B,290.0,,,-0.04905075579881668,-0.04905075579881668
1009600,George Nill,Rabbit Nill,WAS,Senators,8,2B/3B,373.0,,,-0.05175626277923584,-0.05175626277923584
1010934,Branch Rickey,Branch Rickey,SLB,Browns,2,C,3.0,,,-0.0546802319586277,-0.0546802319586277
1004664,Charlie Gibson,Charlie Gibson,SLB,Browns,2,C,3.0,,,-0.0546802319586277,-0.0546802319586277
1000614,Ed Barry,Ed Barry,BOS,Americans,3,P,14.0,40.6666,-0.0321258082985878,-0.024306120350956917,-0.056431928649544716
1012150,Harry Smith,Harry Smith,PIT,Pirates,27,C,4.0,,,-0.05869515240192413,-0.05869515240192413
1002589,Phil Cooney,Phil Cooney,NYH,Highlanders,9,3B,3.0,,,-0.05900171399116516,-0.05900171399116516
1013551,Jim Wallace,Jim Wallace,PIT,Pirates,27,RF,34.0,,,-0.05944184586405754,-0.05944184586405754
1003735,Claud Elliott,Claude Elliott,NYG,Giants,30,P,16.0,38.0,-0.03370847553014755,-0.02588285133242607,-0.059591326862573624
1001683,Jimmy Burke,Jimmy Burke,STL,Cardinals,28,3B,468.0,,,-0.06374187767505646,-0.06374187767505646
1004861,Art Goodwin,Art Goodwin,NYH,Highlanders,9,P,,0.3333,-0.06508660316467285,0.0,-0.06508660316467285
1010819,Doc Reisling,Doc Reisling,BRO,Superbas,22,P,2.0,3.0,-0.0869825929403305,0.02124164067208767,-0.06574095226824284
1007440,Emil Leber,Emil Leber,CLE,Naps,5,3B,7.0,,,-0.07802433520555496,-0.07802433520555496
1006666,Nick Kahl,Nick Kahl,CLE,Naps,5,2B,142.0,,,-0.08269976079463959,-0.08269976079463959
1000023,Harry Ables,Harry Ables,SLB,Browns,2,P,10.0,30.6666,0.05491316318511963,-0.1445237249135971,-0.08961056172847748
1009271,Mike Mowrey,Mike Mowrey,CIN,Reds,18,3B,31.0,,,-0.10096167773008347,-0.10096167773008347
1008526,Jim McGinley,Jim McGinley,STL,Cardinals,28,P,1.0,3.0,-0.160553976893425,0.05406460538506508,-0.10648937150835991
1008342,George McBride,George McBride,- - -,- - -,0,SS,403.0,,,-0.11922049522399902,-0.11922049522399902
1002299,Nig Clarke,Nig Clarke,- - -,- - -,0,C,144.0,,,-0.12167058885097504,-0.12167058885097504
1005446,Hub Hart,Hub Hart,CHW,White Sox,4,C,23.0,,,-0.12218358367681503,-0.12218358367681503
1000596,Jimmy Barrett,Jimmy Barrett,DET,Tigers,6,CF,75.0,,,-0.12461473792791367,-0.12461473792791367
1007759,Bris Lord,Bris Lord,PHA,Athletics,10,RF/CF,264.0,,,-0.12944066524505615,-0.12944066524505615
1007906,Ed McGamwell,Ed McGamwell,BRO,Superbas,22,1B,17.0,,,-0.1314367949962616,-0.1314367949962616
1000009,Fred Abbott,Fred Abbott,PHI,Phillies,26,C,143.0,,,-0.13583244383335114,-0.13583244383335114
1009920,Yip Owens,Frank Owens,BOS,Americans,3,C,2.0,,,-0.13688214123249054,-0.13688214123249054
1012432,Charlie Starr,Charlie Starr,SLB,Browns,2,2B/3B,109.0,,,-0.13712890446186066,-0.13712890446186066
1012607,Gabby Street,Gabby Street,- - -,- - -,0,C,114.0,,,-0.145478256046772,-0.145478256046772
1000451,Ernie Baker,Ernie Baker,CIN,Reds,18,P,2.0,4.0,-0.11754635721445084,-0.03359384834766388,-0.15114020556211472
1000315,Harry Arndt,Harry Arndt,STL,Cardinals,28,2B,451.0,,,-0.15714676678180695,-0.15714676678180695
1009942,Dick Padden,Dick Padden,SLB,Browns,2,2B,62.0,,,-0.15814073383808136,-0.15814073383808136
1008366,Bill McCarthy,Bill McCarthy,BSN,Beaneaters,16,C,3.0,,,-0.15920808911323547,-0.15920808911323547
1004015,Cy Ferry,Cy Ferry,CLE,Naps,5,P,1.0,2.0,-0.14673472940921783,-0.014712353236973286,-0.16144708264619112
1003461,Jack Doyle,Jack Doyle,NYH,Highlanders,9,1B,3.0,,,-0.16592000424861908,-0.16592000424861908
1006291,Herbert Jackson,Charlie Jackson,DET,Tigers,6,P,4.0,11.0,-0.17843733727931976,0.010005750693380833,-0.16843158658593893
1011827,Danny Shay,Danny Shay,STL,Cardinals,28,2B/SS,324.0,,,-0.17086081206798553,-0.17086081206798553
1013653,Buck Washer,Buck Washer,PHI,Phillies,26,P,1.0,3.0,-0.15538504719734192,-0.01572902500629425,-0.17111407220363617
1014318,Ad Yale,Ad Yale,BRO,Superbas,22,1B,14.0,,,-0.17943613231182098,-0.17943613231182098
1009479,Tom Needham,Tom Needham,BSN,Beaneaters,16,C,301.0,,,-0.17955633997917175,-0.17955633997917175
1009353,Dave Murphy,Dave Murphy,BSN,Beaneaters,16,3B/SS,12.0,,,-0.1803276091814041,-0.1803276091814041
1011243,Claude Rothgeb,Claude Rothgeb,WAS,Senators,8,RF,17.0,,,-0.18403922021389008,-0.18403922021389008
1007586,Phil Lewis,Phil Lewis,BRO,Superbas,22,SS,464.0,,,-0.19121815264225006,-0.19121815264225006
1012689,Denny Sullivan,Denny Sullivan,WAS,Senators,8,RF,12.0,,,-0.19928720593452454,-0.19928720593452454
1013450,Jake Volz,Jake Volz,BSN,Beaneaters,16,P,2.0,8.6666,-0.16918493807315826,-0.031923312693834305,-0.20110825076699257
1003947,John Farrell,John Farrell,STL,Cardinals,28,2B,28.0,,,-0.20263996720314026,-0.20263996720314026
1003156,Frank Delahanty,Frank Delahanty,NYH,Highlanders,9,1B/LF,29.0,,,-0.2104519009590149,-0.2104519009590149
1001951,Fred Carisch,Fred Carisch,PIT,Pirates,27,C,115.0,,,-0.21741937100887299,-0.21741937100887299
1005894,Art Hoelskoetter,Art Hoelskoetter,STL,Cardinals,28,3B,88.0,6.0,-0.1296413242816925,-0.09997215867042542,-0.22961348295211792
1007233,George Lachance,Candy LaChance,BOS,Americans,3,1B,51.0,,,-0.23076368868350983,-0.23076368868350983
1006655,Walt Justis,Walt Justis,DET,Tigers,6,P,,3.3333,-0.23390242457389832,0.0,-0.23390242457389832
1012698,John Sullivan,John Sullivan,DET,Tigers,6,C,42.0,,,-0.23716072738170624,-0.23716072738170624
1010985,Pop Rising,Pop Rising,BOS,Americans,3,RF,32.0,,,-0.24342826008796692,-0.24342826008796692
1001914,Wirt Cannell,Rip Cannell,BSN,Beaneaters,16,CF,630.0,,,-0.24346046149730682,-0.24346046149730682
1014426,Dave Zearfoss,Dave Zearfoss,STL,Cardinals,28,C,57.0,,,-0.2504941523075104,-0.2504941523075104
1003408,Tom Doran,Tom Doran,- - -,- - -,0,C,114.0,,,-0.26295315101742744,-0.26295315101742744
1009476,Offa Neal,Offa Neal,NYG,Giants,30,2B/3B,13.0,,,-0.26332104206085205,-0.26332104206085205
1013499,Howard Wakefield,Howard Wakefield,CLE,Naps,5,C,27.0,,,-0.2676326334476471,-0.2676326334476471
1012625,Allie Strobel,Allie Strobel,BSN,Beaneaters,16,3B,21.0,,,-0.27523407340049744,-0.27523407340049744
1002267,William Clarke,Boileryard Clarke,NYG,Giants,30,C/1B,56.0,,,-0.2809027135372162,-0.2809027135372162
1009146,Charles Moran,Charles Moran,SLB,Browns,2,2B,100.0,,,-0.281497985124588,-0.281497985124588
1007177,Otto Krueger,Otto Krueger,PHI,Phillies,26,SS,132.0,,,-0.2818502187728882,-0.2818502187728882
1000632,Harry Barton,Harry Barton,PHA,Athletics,10,C,65.0,,,-0.2886783182621002,-0.2886783182621002
1002385,Jim Cockman,Jim Cockman,NYH,Highlanders,9,3B,42.0,,,-0.29487907886505127,-0.29487907886505127
1012744,Jack Sutthoff,Jack Sutthoff,PHI,Phillies,26,P,29.0,77.6666,-0.1936141550540924,-0.10990305244922638,-0.3035172075033188
1008013,Charlie Malay,Charlie Malay,BRO,Superbas,22,2B,387.0,,,-0.31310245394706726,-0.31310245394706726
1009339,Simmy Murch,Simmy Murch,STL,Cardinals,28,2B/SS,10.0,,,-0.3227930963039398,-0.3227930963039398
1007786,Bobby Lowe,Bobby Lowe,DET,Tigers,6,3B/LF,206.0,,,-0.3365441858768463,-0.3365441858768463
1014211,Bob Wood,Bob Wood,DET,Tigers,6,C,25.0,,,-0.34452471137046814,-0.34452471137046814
1007048,Punch Knoll,Punch Knoll,WAS,Senators,8,RF,266.0,,,-0.3498130440711975,-0.3498130440711975
1002049,Harry Cassady,Harry Cassady,WAS,Senators,8,RF,31.0,,,-0.36812829971313477,-0.36812829971313477
1009333,Red Munson,Red Munson,PHI,Phillies,26,C,27.0,,,-0.37415629625320435,-0.37415629625320435
1009001,Fred Mitchell,Fred Mitchell,BRO,Superbas,22,P/1B,85.0,96.3333,0.4522525370121002,-0.8274062275886536,-0.37515369057655334
1008537,Art McGovern,Art McGovern,BOS,Americans,3,C,50.0,,,-0.39132270216941833,-0.39132270216941833
1004670,Norwood Gibson,Norwood Gibson,BOS,Americans,3,P,48.0,134.0,-0.1862742304801941,-0.21961209177970886,-0.40588632225990295
1009305,James Mullen,Jim Mullin,WAS,Senators,8,2B,174.0,,,-0.4211554527282715,-0.4211554527282715
1005976,Ducky Holmes,Ducky Holmes,CHW,White Sox,4,LF,382.0,,,-0.42805734276771545,-0.42805734276771545
1000393,Charlie Babb,Charlie Babb,BRO,Superbas,22,1B/SS,279.0,,,-0.4675094783306122,-0.4675094783306122
1005368,Dick Harley,Dick Harley,BSN,Beaneaters,16,P,23.0,65.6666,-0.17508217692375183,-0.2939029335975647,-0.46898511052131653
1005838,Jack Himes,Jack Himes,STL,Cardinals,28,RF,45.0,,,-0.49396035075187683,-0.49396035075187683
1002253,Bill Clancy,Bill Clancy,PIT,Pirates,27,1B,240.0,,,-0.5192006230354309,-0.5192006230354309
1013433,Rube Vinson,Rube Vinson,CLE,Naps,5,CF/LF,148.0,,,-0.5296118855476379,-0.5296118855476379
1012672,Joe Sugden,Joe Sugden,SLB,Browns,2,C,302.0,,,-0.5488218665122986,-0.5488218665122986
1001046,Cliff Blankenship,Cliff Blankenship,CIN,Reds,18,1B,61.0,,,-0.5536459684371948,-0.5536459684371948
1006983,Malachi Kittridge,Malachi Kittridge,WAS,Senators,8,C,263.0,,,-0.6079702973365784,-0.6079702973365784
1013693,Art Weaver,Art Weaver,SLB,Browns,2,C,95.0,,,-0.6617720723152161,-0.6617720723152161
1009765,Charley O'Leary,Charley O'Leary,DET,Tigers,6,SS,573.0,,,-0.6940760016441345,-0.6940760016441345
1009925,Red Owens,Red Owens,BRO,Superbas,22,2B,179.0,,,-0.8684526681900024,-0.8684526681900024
1007041,John Knight,John Knight,PHA,Athletics,10,SS,346.0,,,-0.9004828333854675,-0.9004828333854675
1013365,Ike Van Zandt,Ike Van Zandt,SLB,Browns,2,RF/CF,339.0,6.6666,-0.03460661321878433,-0.9757282733917236,-1.010334886610508
1000867,Bill Bergen,Bill Bergen,BRO,Superbas,22,C,265.0,,,-1.2285373210906982,-1.2285373210906982
1001632,Fritz Buelow,Fritz Buelow,CLE,Naps,5,C,254.0,,,-1.2507578134536743,-1.2507578134536743
1000535,George Barclay,George Barclay,BSN,Beaneaters,16,LF,112.0,,,-1.2692419290542603,-1.2692419290542603
1011808,Bud Sharpe,Bud Sharpe,BSN,Beaneaters,16,RF,180.0,,,-1.4590694904327393,-1.4590694904327393
1010497,Doc Powers,Doc Powers,- - -,- - -,0,C,165.0,,,-1.461734190583229,-1.461734190583229
1007384,Bill Lauterborn,Bill Lauterborn,BSN,Beaneaters,16,2B/3B,219.0,,,-1.5224103927612305,-1.5224103927612305
1010730,Fred Raymer,Fred Raymer,BSN,Beaneaters,16,2B,522.0,,,-2.3636186122894287,-2.3636186122894287
