playerid,playerName,playerNameRoute,abbName,shortName,teamId,pos,PA,IP,pitWAR,batWAR,totalWAR
1013485,Honus Wagner,Honus Wagner,PIT,Pirates,27,SS,590.0,,,9.608470916748047,9.608470916748047
1007259,Nap Lajoie,Nap Lajoie,CLE,Naps,5,2B,655.0,,,9.424986839294434,9.424986839294434
1012564,George Stone,George Stone,SLB,Browns,2,LF,658.0,,,8.919901847839355,8.919901847839355
1013233,Terry Turner,Terry Turner,CLE,Naps,5,SS,643.0,,,8.561721801757812,8.561721801757812
1003248,Art Devlin,Art Devlin,NYG,Giants,30,3B,591.0,,,7.9454522132873535,7.9454522132873535
1002131,Frank Chance,Frank Chance,CHC,Cubs,17,1B,574.0,,,7.692079544067383,7.692079544067383
1012466,Harry Steinfeldt,Harry Steinfeldt,CHC,Cubs,17,3B,625.0,,,7.499198913574219,7.499198913574219
1004158,Elmer Flick,Elmer Flick,CLE,Naps,5,RF/CF,700.0,,,6.743730068206787,6.743730068206787
1007830,Harry Lumley,Harry Lumley,BRO,Superbas,22,RF,554.0,,,6.406514644622803,6.406514644622803
1009857,Al Orth,Al Orth,NYH,Highlanders,9,P,144.0,338.6666,6.03250789642334,0.32491737604141235,6.357425272464752
1003049,George Davis,George Davis,CHW,White Sox,4,SS,541.0,,,6.100808143615723,6.100808143615723
1007965,Sherry Magee,Sherry Magee,PHI,Phillies,26,LF,630.0,,,5.742702960968018,5.742702960968018
1002179,Jack Chesbro,Jack Chesbro,NYH,Highlanders,9,P,126.0,325.0,5.577732086181641,0.04697310924530029,5.624705195426941
1014369,Cy Young,Cy Young,BOS,Americans,3,P,109.0,287.6666,5.75358772277832,-0.15560489892959595,5.597982823848724
1013542,Bobby Wallace,Bobby Wallace,SLB,Browns,2,SS,551.0,,,5.513596057891846,5.513596057891846
1001547,Mordecai Brown,Mordecai Brown,CHC,Cubs,17,P,109.0,277.3333,5.296801567077637,0.09928086400032043,5.396082431077957
1003880,Bob Ewing,Bob Ewing,CIN,Reds,18,P,105.0,287.6666,5.748927116394043,-0.47894221544265747,5.2699849009513855
1013738,Jake Weimer,Jake Weimer,CIN,Reds,18,P,119.0,304.6666,4.608495235443115,0.6487469673156738,5.257242202758789
1003053,Harry Davis,Harry Davis,PHA,Athletics,10,1B,614.0,,,5.120072364807129,5.120072364807129
1000827,Chief Bender,Chief Bender,PHA,Athletics,10,P,113.0,238.3333,4.380979061126709,0.6802498698234558,5.061228930950165
1013467,Rube Waddell,Rube Waddell,PHA,Athletics,10,P,100.0,272.6666,4.702850818634033,0.1020871102809906,4.804937928915024
1014042,Vic Willis,Vic Willis,PIT,Pirates,27,P,125.0,322.0,4.849750518798828,-0.1388038843870163,4.710946634411812
1001396,Roger Bresnahan,Roger Bresnahan,NYG,Giants,30,C/CF,506.0,,,4.654414653778076,4.654414653778076
1013570,Ed Walsh,Ed Walsh,CHW,White Sox,4,P,106.0,278.3333,4.7350873947143555,-0.11160155385732651,4.623485840857029
1008235,Christy Mathewson,Christy Mathewson,NYG,Giants,30,P,103.0,266.6666,3.745396852493286,0.8079738616943359,4.553370714187622
1006148,Miller Huggins,Miller Huggins,CIN,Reds,18,2B,640.0,,,4.531684875488281,4.531684875488281
1012599,Sammy Strang,Sammy Strang,NYG,Giants,30,2B,376.0,,,4.513497829437256,4.513497829437256
1005624,Charlie Hemphill,Charlie Hemphill,SLB,Browns,2,RF/CF,646.0,,,4.462735176086426,4.462735176086426
1010287,Deacon Phillippe,Deacon Phillippe,PIT,Pirates,27,P,86.0,218.6666,3.9308083057403564,0.3230651617050171,4.2538734674453735
1010987,Claude Ritchey,Claude Ritchey,PIT,Pirates,27,2B,586.0,,,4.215731143951416,4.215731143951416
1014116,Hooks Wiltse,Hooks Wiltse,NYG,Giants,30,P,106.0,249.3333,3.998081922531128,0.20567744970321655,4.2037593722343445
1013075,Joe Tinker,Joe Tinker,CHC,Cubs,17,SS,603.0,,,4.163435459136963,4.163435459136963
1008527,Joe McGinnity,Joe McGinnity,NYG,Giants,30,P,132.0,339.6666,4.586517810821533,-0.5452163815498352,4.041301429271698
1006555,Fielder Jones,Fielder Jones,CHW,White Sox,4,CF,614.0,,,4.017254829406738,4.017254829406738
1011777,Cy Seymour,Cy Seymour,- - -,- - -,0,CF,632.0,,,4.007956504821777,4.007956504821777
1011843,Jimmy Sheckard,Jimmy Sheckard,CHC,Cubs,17,LF,662.0,,,3.9490621089935303,3.9490621089935303
1010487,Jack Powell,Jack Powell,SLB,Browns,2,P,97.0,244.0,3.515850782394409,0.4310664236545563,3.9469172060489655
1012992,Roy Thomas,Roy Thomas,PHI,Phillies,26,CF,620.0,,,3.931591272354126,3.931591272354126
1014380,Irv Young,Irv Young,BSN,Beaneaters,16,P,133.0,358.3333,4.855401515960693,-0.9395968317985535,3.91580468416214
1012306,Tully Sparks,Tully Sparks,PHI,Phillies,26,P,114.0,316.6666,3.9353854656219482,-0.041916538029909134,3.893468927592039
1002280,Fred Clarke,Fred Clarke,PIT,Pirates,27,LF,478.0,,,3.8915817737579346,3.8915817737579346
1011631,Frank Schulte,Frank Schulte,CHC,Cubs,17,RF,630.0,,,3.8829240798950195,3.8829240798950195
1006630,Addie Joss,Addie Joss,CLE,Naps,5,P,118.0,282.0,4.002415180206299,-0.139653742313385,3.862761437892914
1003876,Johnny Evers,Johnny Evers,CHC,Cubs,17,2B,595.0,,,3.7568416595458984,3.7568416595458984
1006097,Harry Howell,Harry Howell,SLB,Browns,2,P,112.0,276.6666,3.9698710441589355,-0.2261883020401001,3.7436827421188354
1012381,Chick Stahl,Chick Stahl,BOS,Americans,3,CF,667.0,,,3.6955785751342773,3.6955785751342773
1007008,Johnny Kling,Johnny Kling,CHC,Cubs,17,C,375.0,,,3.6631019115448,3.6631019115448
1006283,Frank Isbell,Frank Isbell,CHW,White Sox,4,2B,617.0,2.0,0.059497736394405365,3.592670202255249,3.6521679386496544
1000891,Bill Bernhard,Bill Bernhard,CLE,Naps,5,P,108.0,255.3333,3.2288854122161865,0.30645909905433655,3.535344511270523
1003913,Cy Falkenberg,Cy Falkenberg,WAS,Senators,8,P,116.0,298.6666,3.2467098236083984,0.2534570097923279,3.5001668334007263
1003722,Kid Elberfeld,Kid Elberfeld,NYH,Highlanders,9,SS,393.0,,,3.461028814315796,3.461028814315796
1010266,Jack Pfiester,Jack Pfiester,CHC,Cubs,17,P,90.0,250.6666,4.351064682006836,-0.946692943572998,3.404371738433838
1007470,Sam Leever,Sam Leever,PIT,Pirates,27,P,102.0,260.3333,3.1576898097991943,0.22130994498729706,3.3789997547864914
1000191,Nick Altrock,Nick Altrock,CHW,White Sox,4,P,110.0,287.6666,3.8142571449279785,-0.4644238352775574,3.349833309650421
1009352,Danny Murphy,Danny Murphy,PHA,Athletics,10,2B,486.0,,,3.3346240520477295,3.3346240520477295
1002924,Bill Dahlen,Bill Dahlen,NYG,Giants,30,SS,565.0,,,3.3261940479278564,3.3261940479278564
1010385,Eddie Plank,Eddie Plank,PHA,Athletics,10,P,82.0,211.6666,3.0397732257843018,0.2700953781604767,3.3098686039447784
1006619,Tim Jordan,Tim Jordan,BRO,Superbas,22,1B,522.0,,,3.3055074214935303,3.3055074214935303
1002748,Sam Crawford,Sam Crawford,DET,Tigers,6,RF,610.0,,,3.2688071727752686,3.2688071727752686
1013085,John Titus,John Titus,PHI,Phillies,26,RF,587.0,,,3.199962854385376,3.199962854385376
1012916,Fred Tenney,Fred Tenney,BSN,Beaneaters,16,1B,624.0,,,3.1669533252716064,3.1669533252716064
1014005,Jimmy Williams,Jimmy Williams,NYH,Highlanders,9,2B,571.0,,,3.1626996994018555,3.1626996994018555
1002499,Bunk Congalton,Bunk Congalton,CLE,Naps,5,RF,470.0,,,3.122293710708618,3.122293710708618
1013916,Bob Wicker,Bob Wicker,- - -,- - -,0,P,78.0,222.3333,3.0170151591300964,0.1006641611456871,3.1176793202757835
1005464,Topsy Hartsel,Topsy Hartsel,PHA,Athletics,10,LF,632.0,,,3.064523220062256,3.064523220062256
1002163,Hal Chase,Hal Chase,NYH,Highlanders,9,1B,637.0,,,3.0422840118408203,3.0422840118408203
1006699,Ed Karger,Ed Karger,- - -,- - -,0,P,85.0,219.6666,2.6974201649427414,0.31608055531978607,3.0135007202625275
1013864,Doc White,Doc White,CHW,White Sox,4,P,85.0,219.3333,2.7608466148376465,0.18795154988765717,2.9487981647253036
1012614,Elmer Stricklett,Elmer Stricklett,BRO,Superbas,22,P,110.0,291.6666,2.3631529808044434,0.5687588453292847,2.931911826133728
1007612,Vive Lindaman,Vive Lindaman,BSN,Beaneaters,16,P,118.0,307.3333,3.1629397869110107,-0.23889881372451782,2.924040973186493
1011775,Socks Seybold,Socks Seybold,PHA,Athletics,10,RF,459.0,,,2.9096245765686035,2.9096245765686035
1010262,Big Jeff Pfeffer,Big Jeff Pfeffer,BSN,Beaneaters,16,P,172.0,302.3333,3.1052892208099365,-0.22318342328071594,2.8821057975292206
1005749,Otto Hess,Otto Hess,CLE,Naps,5,P,157.0,333.6666,3.4869918823242188,-0.6146239042282104,2.8723679780960083
1003370,Jiggs Donahue,Jiggs Donahue,CHW,White Sox,4,1B,643.0,,,2.854651927947998,2.854651927947998
1002299,Nig Clarke,Nig Clarke,CLE,Naps,5,C,195.0,,,2.823979139328003,2.823979139328003
1009477,Joe Nealon,Jim Nealon,PIT,Pirates,27,1B,636.0,,,2.815617084503174,2.815617084503174
1007428,Tommy Leach,Tommy Leach,PIT,Pirates,27,3B/CF,526.0,,,2.809260368347168,2.809260368347168
1001304,Bill Bradley,Bill Bradley,CLE,Naps,5,3B,340.0,,,2.7792305946350098,2.7792305946350098
1007847,Johnny Lush,Johnny Lush,PHI,Phillies,26,P/RF,226.0,281.0,2.3100764751434326,0.45327767729759216,2.763354152441025
1000210,Red Ames,Red Ames,NYG,Giants,30,P,70.0,203.3333,3.178462505340576,-0.41664159297943115,2.761820912361145
1002378,Ty Cobb,Ty Cobb,DET,Tigers,6,RF/CF,394.0,,,2.6830062866210938,2.6830062866210938
1000767,Fred Beebe,Fred Beebe,- - -,- - -,0,P,93.0,230.6666,2.8402892351150513,-0.18850332964211702,2.6517859054729342
1000846,Pug Bennett,Pug Bennett,STL,Cardinals,28,2B,680.0,,,2.6093757152557373,2.6093757152557373
1008501,Dan McGann,Dan McGann,NYG,Giants,30,1B,545.0,,,2.548774480819702,2.548774480819702
1007494,Lefty Leifield,Lefty Leifield,PIT,Pirates,27,P,98.0,255.6666,2.9289848804473877,-0.41065582633018494,2.5183290541172028
1006599,Tom Jones,Tom Jones,SLB,Browns,2,1B,608.0,,,2.5132572650909424,2.5132572650909424
1003157,Jim Delahanty,Jim Delahanty,CIN,Reds,18,3B,446.0,,,2.5031633377075195,2.5031633377075195
1009302,George Mullin,George Mullin,DET,Tigers,6,P,147.0,330.0,2.3868215084075928,0.041479699313640594,2.4283012077212334
1011565,Larry Schlafly,Larry Schlafly,WAS,Senators,8,2B,511.0,,,2.419797897338867,2.419797897338867
1012867,Dummy Taylor,Dummy Taylor,NYG,Giants,30,P,80.0,213.0,2.431950330734253,-0.0169096440076828,2.41504068672657
1008573,Matty McIntyre,Matty McIntyre,DET,Tigers,6,LF,559.0,,,2.410898447036743,2.410898447036743
1007684,Hans Lobert,Hans Lobert,CIN,Reds,18,3B/SS,305.0,,,2.401810884475708,2.401810884475708
1009910,Orval Overall,Orval Overall,- - -,- - -,0,P,89.0,226.3333,2.481406807899475,-0.10560118407011032,2.3758056238293648
1005773,Charlie Hickman,Charlie Hickman,WAS,Senators,8,RF,477.0,,,2.354069471359253,2.354069471359253
1004917,Mike Grady,Mike Grady,STL,Cardinals,28,C/1B,339.0,,,2.187225580215454,2.187225580215454
1006747,Willie Keeler,Willie Keeler,NYH,Highlanders,9,RF,672.0,,,2.1838772296905518,2.1838772296905518
1012584,George Stovall,George Stovall,CLE,Naps,5,1B/3B,469.0,,,2.103985548019409,2.103985548019409
1000315,Harry Arndt,Harry Arndt,STL,Cardinals,28,3B,279.0,,,2.088240623474121,2.088240623474121
1012822,Jesse Tannehill,Jesse Tannehill,BOS,Americans,3,P,86.0,196.3333,1.287854552268982,0.7753123044967651,2.063166856765747
1012879,Jack Taylor,Jack Taylor,- - -,- - -,0,P,122.0,302.3333,1.5344595909118652,0.5262169390916824,2.0606765300035477
1002544,Wid Conroy,Wid Conroy,NYH,Highlanders,9,SS/CF/LF,632.0,,,2.0528218746185303,2.0528218746185303
1012048,Jimmy Slagle,Jimmy Slagle,CHC,Cubs,17,CF,571.0,,,2.0255308151245117,2.0255308151245117
1002583,Jack Coombs,Jack Coombs,PHA,Athletics,10,P,70.0,173.0,1.7545039653778076,0.25949355959892273,2.0139975249767303
1000824,Harry Bemis,Harry Bemis,CLE,Naps,5,C,318.0,,,1.997474193572998,1.997474193572998
1001335,Dave Brain,Dave Brain,BSN,Beaneaters,16,3B,574.0,,,1.9873907566070557,1.9873907566070557
1003373,Red Donahue,Red Donahue,DET,Tigers,6,P,89.0,241.0,2.8206796646118164,-0.833505392074585,1.9871742725372314
1006981,Frank Kitson,Frank Kitson,WAS,Senators,8,P,98.0,197.0,0.9169283509254456,1.029378890991211,1.9463072419166565
1010136,Barney Pelty,Barney Pelty,SLB,Browns,2,P,97.0,260.6666,2.131469249725342,-0.24128447473049164,1.8901847749948502
1011234,Claude Rossman,Claude Rossman,CLE,Naps,5,1B,431.0,,,1.8574684858322144,1.8574684858322144
1004305,Chick Fraser,Chick Fraser,CIN,Reds,18,P,88.0,236.0,2.062431573867798,-0.20834341645240784,1.85408815741539
1003542,Bill Duggleby,Bill Duggleby,PHI,Phillies,26,P,100.0,280.3333,2.0728280544281006,-0.23921966552734375,1.8336083889007568
1002810,Monte Cross,Monte Cross,PHA,Athletics,10,SS,525.0,,,1.8186085224151611,1.8186085224151611
1004753,Fred Glade,Fred Glade,SLB,Browns,2,P,99.0,266.6666,2.16670823097229,-0.36864227056503296,1.798065960407257
1010934,Branch Rickey,Branch Rickey,SLB,Browns,2,C,223.0,,,1.791703224182129,1.791703224182129
1007340,Frank LaPorte,Frank LaPorte,NYH,Highlanders,9,3B,483.0,,,1.7892651557922363,1.7892651557922363
1005069,Myron Grimshaw,Myron Grimshaw,BOS,Americans,3,1B,463.0,,,1.7715742588043213,1.7715742588043213
1002038,James Casey,Doc Casey,BRO,Superbas,22,3B,648.0,,,1.7670575380325317,1.7670575380325317
1002808,Lave Cross,Lave Cross,WAS,Senators,8,3B,538.0,,,1.7616113424301147,1.7616113424301147
1007836,Carl Lundgren,Carl Lundgren,CHC,Cubs,17,P,82.0,207.6666,1.5277165174484253,0.2326023280620575,1.7603188455104828
1011612,Ossee Schrecongost,Ossee Schreckengost,PHA,Athletics,10,C,351.0,,,1.7574392557144165,1.7574392557144165
1014145,George Winter,George Winter,BOS,Americans,3,P,74.0,207.6666,1.466956377029419,0.2899397313594818,1.7568961083889008
1012110,Charlie Smith,Charlie Smith,WAS,Senators,8,P,89.0,235.3333,1.7331680059432983,0.010733682662248611,1.743901688605547
1000232,John Anderson,John Anderson,WAS,Senators,8,LF,607.0,,,1.7352114915847778,1.7352114915847778
1010056,Casey Patten,Case Patten,WAS,Senators,8,P,99.0,282.6666,2.0926170349121094,-0.396151602268219,1.6964654326438904
1008571,Harry McIntire,Harry McIntire,BRO,Superbas,22,P,111.0,276.0,2.163717746734619,-0.47206351161003113,1.691654235124588
1000188,Dave Altizer,Dave Altizer,WAS,Senators,8,SS,493.0,,,1.6627053022384644,1.6627053022384644
1005420,Joe Harris,Joe Harris,BOS,Americans,3,P,85.0,235.0,1.8395593166351318,-0.18037644028663635,1.6591828763484955
1009916,Frank Owen,Frank Owen,CHW,White Sox,4,P,117.0,293.0,1.7405452728271484,-0.08581016957759857,1.6547351032495499
1000619,John Barry,Shad Barry,- - -,- - -,0,1B/RF,578.0,,,1.6481923311948776,1.6481923311948776
1003317,Bill Dinneen,Bill Dineen,BOS,Americans,3,P,75.0,218.6666,1.6947802305221558,-0.0559908002614975,1.6387894302606583
1005927,Bill Hogg,Bill Hogg,NYH,Highlanders,9,P,78.0,206.0,2.0624916553497314,-0.5036349296569824,1.558856725692749
1002372,Andy Coakley,Andy Coakley,PHA,Athletics,10,P,55.0,149.0,1.691603660583496,-0.15022966265678406,1.541373997926712
1003616,Jimmy Dygert,Jimmy Dygert,PHA,Athletics,10,P,77.0,213.6666,1.5009055137634277,0.03185863420367241,1.5327641479671001
1011566,Admiral Schlei,Admiral Schlei,CIN,Reds,18,C,429.0,,,1.511806607246399,1.511806607246399
1001356,Kitty Bransfield,Kitty Bransfield,PHI,Phillies,26,1B,556.0,,,1.493804693222046,1.493804693222046
1011145,George Rohe,George Rohe,CHW,White Sox,4,3B,253.0,,,1.4847917556762695,1.4847917556762695
1011958,Ed Siever,Ed Siever,DET,Tigers,6,P,86.0,222.6666,1.794505000114441,-0.32636362314224243,1.4681413769721985
1000698,Harry Bay,Harry Bay,CLE,Naps,5,CF,321.0,,,1.4316105842590332,1.4316105842590332
1008371,Jack McCarthy,Jack McCarthy,BRO,Superbas,22,LF,353.0,,,1.4266189336776733,1.4266189336776733
1004686,Billy Gilbert,Billy Gilbert,NYG,Giants,30,2B,372.0,,,1.4039978981018066,1.4039978981018066
1006544,Davy Jones,Davy Jones,DET,Tigers,6,CF,368.0,,,1.3945931196212769,1.3945931196212769
1012823,Lee Tannehill,Lee Tannehill,CHW,White Sox,4,3B,428.0,,,1.3735833168029785,1.3735833168029785
1011800,Spike Shannon,Spike Shannon,- - -,- - -,0,LF,684.0,,,1.3649035096168518,1.3649035096168518
1009600,George Nill,Rabbit Nill,WAS,Senators,8,2B/SS,375.0,,,1.363473653793335,1.363473653793335
1003513,Carl Druhot,Carl Druhot,- - -,- - -,0,P,67.0,155.3333,1.250225454568863,0.09951243922114372,1.3497378937900066
1009599,Harry Niles,Harry Niles,SLB,Browns,2,RF,608.0,,,1.2928407192230225,1.2928407192230225
1000308,Harry Armbruster,Harry Armbruster,PHA,Athletics,10,RF/CF,330.0,,,1.2853376865386963,1.2853376865386963
1010881,Bob Rhoads,Bob Rhoads,CLE,Naps,5,P,129.0,315.0,1.5788910388946533,-0.29622703790664673,1.2826640009880066
1012683,Billy Sullivan,Billy Sullivan,CHW,White Sox,4,C,432.0,,,1.2676079273223877,1.2676079273223877
1009550,Doc Newton,Doc Newton,NYH,Highlanders,9,P,43.0,125.0,1.2803245782852173,-0.012823947705328465,1.2675006305798888
1014331,Joe Yeager,Joe Yeager,NYH,Highlanders,9,2B/SS,152.0,,,1.2255851030349731,1.2255851030349731
1005917,Solly Hofman,Solly Hofman,CHC,Cubs,17,1B/CF,221.0,,,1.2201728820800781,1.2201728820800781
1010071,Roy Patterson,Roy Patterson,CHW,White Sox,4,P,53.0,142.0,1.6632602214813232,-0.4720316231250763,1.191228598356247
1013636,Jack Warner,John Warner,- - -,- - -,0,C,281.0,,,1.1435824930667877,1.1435824930667877
1006537,Charlie Jones,Charlie Jones,WAS,Senators,8,CF,546.0,,,1.1194087266921997,1.1194087266921997
1008794,Sam Mertes,Sam Mertes,- - -,- - -,0,LF,507.0,,,1.107505738735199,1.107505738735199
1009992,Freddy Parent,Freddy Parent,BOS,Americans,3,SS,653.0,,,1.0908405780792236,1.0908405780792236
1003402,Michael Doolin,Mickey Doolan,PHI,Phillies,26,SS,586.0,,,1.0749074220657349,1.0749074220657349
1010092,Fred Payne,Fred Payne,DET,Tigers,6,C,244.0,,,1.0683141946792603,1.0683141946792603
1007586,Phil Lewis,Phil Lewis,BRO,Superbas,22,SS,513.0,,,1.0682164430618286,1.0682164430618286
1003414,Gus Dorner,Gus Dorner,- - -,- - -,0,P,112.0,288.3333,1.7117222100496292,-0.6470552384853363,1.064666971564293
1007867,Mike Lynch,Mike Lynch,PIT,Pirates,27,P,44.0,119.0,1.0707435607910156,-0.024218007922172546,1.046525552868843
1013499,Howard Wakefield,Howard Wakefield,WAS,Senators,8,C,220.0,,,1.0462262630462646,1.0462262630462646
1001499,Buster Brown,Buster Brown,STL,Cardinals,28,P,95.0,238.3333,1.0015062093734741,0.025597749277949333,1.0271039586514235
1008553,Deacon McGuire,Deacon McGuire,NYH,Highlanders,9,C,159.0,,,1.0044370889663696,1.0044370889663696
1012139,Frank Smith,Frank Smith,CHW,White Sox,4,P,47.0,122.0,0.38031384348869324,0.623451292514801,1.0037651360034943
1000180,Whitey Alperman,Whitey Alperman,BRO,Superbas,22,2B,487.0,,,0.9936202764511108,0.9936202764511108
1005205,Noodles Hahn,Noodles Hahn,NYH,Highlanders,9,P,15.0,42.0,0.7884443402290344,0.19051773846149445,0.9789620786905289
1011490,Doc Scanlan,Doc Scanlan,BRO,Superbas,22,P,111.0,288.0,0.6941349506378174,0.284075528383255,0.9782104790210724
1008034,Billy Maloney,Billy Maloney,BRO,Superbas,22,CF,635.0,,,0.9451449513435364,0.9451449513435364
1002668,Bill Coughlin,Bill Coughlin,DET,Tigers,6,3B,575.0,,,0.9215280413627625,0.9215280413627625
1000662,Johnny Bates,Johnny Bates,BSN,Beaneaters,16,CF,559.0,,,0.9182960391044617,0.9182960391044617
1013618,Joe Ward,Joe Ward,PHI,Phillies,26,3B,136.0,,,0.9140000343322754,0.9140000343322754
1004013,Hobe Ferris,Hobe Ferris,BOS,Americans,3,2B,518.0,,,0.9096110463142395,0.9096110463142395
1006163,Tom Hughes,Tom Hughes,WAS,Senators,8,P,71.0,204.0,0.5114617943763733,0.38340508937835693,0.8948668837547302
1005203,Ed Hahn,Ed Hahn,- - -,- - -,0,RF/LF,605.0,,,0.8903128057718277,0.8903128057718277
1012220,Homer Smoot,Homer Smoot,- - -,- - -,0,CF,612.0,,,0.8760600797832012,0.8760600797832012
1000650,Emil Batch,Emil Batch,BRO,Superbas,22,LF,226.0,,,0.8467352986335754,0.8467352986335754
1009397,Red Murray,Red Murray,STL,Cardinals,28,RF/CF,154.0,,,0.8379833102226257,0.8379833102226257
1006317,Beany Jacobson,Beany Jacobson,SLB,Browns,2,P,57.0,155.0,1.2547599077224731,-0.4301895499229431,0.82457035779953
1011847,Tommy Sheehan,Tommy Sheehan,PIT,Pirates,27,3B,351.0,,,0.8142589330673218,0.8142589330673218
1006908,Ed Killian,Ed Killian,DET,Tigers,6,P,58.0,149.6666,0.8734104037284851,-0.060457661747932434,0.8129527419805527
1004316,Buck Freeman,Buck Freeman,BOS,Americans,3,1B/RF,436.0,,,0.7991538643836975,0.7991538643836975
1003380,Mike Donlin,Mike Donlin,NYG,Giants,30,CF,137.0,,,0.7873978018760681,0.7873978018760681
1008489,Chappie McFarland,Chappie McFarland,- - -,- - -,0,P,31.0,81.6666,0.7849370688199997,0.0018827728927135468,0.7868198417127132
1001656,Al Burch,Al Burch,STL,Cardinals,28,RF/CF,381.0,,,0.7669395804405212,0.7669395804405212
1002677,Ernie Courtney,Ernie Courtney,PHI,Phillies,26,3B,449.0,,,0.7648199200630188,0.7648199200630188
1002455,Jimmy Collins,Jimmy Collins,BOS,Americans,3,3B,148.0,,,0.7524389028549194,0.7524389028549194
1005902,Danny Hoffman,Danny Hoffman,- - -,- - -,0,CF,388.0,,,0.7333455523476005,0.7333455523476005
1003401,Red Dooin,Red Dooin,PHI,Phillies,26,C,374.0,,,0.7287487983703613,0.7287487983703613
1013010,Gus Thompson,Gus Thompson,STL,Cardinals,28,P,35.0,103.0,0.7986689805984497,-0.07493571192026138,0.7237332686781883
1009152,Pat Moran,Pat Moran,CHC,Cubs,17,C,243.0,,,0.7082061767578125,0.7082061767578125
1003850,John Eubank,John Eubank,DET,Tigers,6,P,66.0,135.0,0.9188700914382935,-0.21893367171287537,0.6999364197254181
1003469,Slow Joe Doyle,Slow Joe Doyle,NYH,Highlanders,9,P,14.0,45.3333,0.720154881477356,-0.02200833521783352,0.6981465462595224
1004478,Bob Ganley,Bob Ganley,PIT,Pirates,27,RF,589.0,,,0.697339653968811,0.697339653968811
1010276,Ed Phelps,Ed Phelps,- - -,- - -,0,C,177.0,,,0.6627883017063141,0.6627883017063141
1010714,Tommy Raub,Tommy Raub,STL,Cardinals,28,C,83.0,,,0.618058443069458,0.618058443069458
1007554,Louis LeRoy,Louis Leroy,NYH,Highlanders,9,P,15.0,44.6666,0.7047369480133057,-0.09917045384645462,0.605566494166851
1001519,George Browne,George Browne,NYG,Giants,30,RF,529.0,,,0.6013418436050415,0.6013418436050415
1009699,Pete O'Brien,Pete O'Brien,SLB,Browns,2,2B,586.0,,,0.5797927379608154,0.5797927379608154
1002314,Walter Clarkson,Walter Clarkson,NYH,Highlanders,9,P,54.0,151.0,0.638711154460907,-0.07499857246875763,0.5637125819921494
1003156,Frank Delahanty,Frank Delahanty,NYH,Highlanders,9,LF,341.0,,,0.5613595843315125,0.5613595843315125
1009190,George Moriarty,George Moriarty,NYH,Highlanders,9,3B,229.0,,,0.5603930354118347,0.5603930354118347
1005815,Homer Hillebrand,Homer Hillebrand,PIT,Pirates,27,P,22.0,53.0,0.5624172687530518,-0.007860090583562851,0.5545571781694889
1008536,Stoney McGlynn,Stoney McGlynn,STL,Cardinals,28,P,18.0,48.0,0.7093405723571777,-0.16241857409477234,0.5469219982624054
1005258,Bill Hallman,Bill Hallman,PIT,Pirates,27,CF/LF,105.0,,,0.5392573475837708,0.5392573475837708
1010049,Jim Pastorius,Jim Pastorius,BRO,Superbas,22,P,80.0,211.6666,0.6423928141593933,-0.10610201954841614,0.5362907946109772
1010131,Heinie Peitz,Heinie Peitz,PIT,Pirates,27,C,143.0,,,0.5161899328231812,0.5161899328231812
1004642,Doc Gessler,Doc Gessler,- - -,- - -,0,1B/CF,136.0,,,0.4995969980955124,0.4995969980955124
1001253,Frank Bowerman,Frank Bowerman,NYG,Giants,30,C,310.0,,,0.48662397265434265,0.48662397265434265
1005838,Jack Himes,Jack Himes,STL,Cardinals,28,CF,167.0,,,0.48048797249794006,0.48048797249794006
1004762,Ralph Glaze,Ralph Glaze,BOS,Americans,3,P,59.0,123.0,0.7379328608512878,-0.2611311376094818,0.47680172324180603
1001328,King Brady,King Brady,PIT,Pirates,27,P,10.0,23.0,0.5562918186187744,-0.0902942568063736,0.4659975618124008
1009271,Mike Mowrey,Mike Mowrey,CIN,Reds,18,3B,58.0,,,0.4603922665119171,0.4603922665119171
1006995,Red Kleinow,Red Kleinow,NYH,Highlanders,9,C,306.0,,,0.4598086476325989,0.4598086476325989
1010850,Ed Reulbach,Ed Reulbach,CHC,Cubs,17,P,91.0,218.0,1.2209935188293457,-0.7839143872261047,0.43707913160324097
1000754,Jake Beckley,Jake Beckley,STL,Cardinals,28,1B,349.0,,,0.434407502412796,0.434407502412796
1009804,Bill O'Neill,Bill O'Neill,CHW,White Sox,4,RF,367.0,,,0.4204319417476654,0.4204319417476654
1003393,Bill Donovan,Bill Donovan,DET,Tigers,6,P,96.0,211.6666,1.3054862022399902,-0.8850593566894531,0.4204268455505371
1005790,Irv Higginbotham,Irv Higginbotham,STL,Cardinals,28,P,19.0,47.3333,0.37820082902908325,0.03457210212945938,0.41277293115854263
1003360,Cozy Dolan,Cozy Dolan,BSN,Beaneaters,16,RF,619.0,12.0,-0.1407831758260727,0.5252014398574829,0.3844182640314102
1010883,Charlie Rhodes,Charlie Rhodes,STL,Cardinals,28,P,16.0,45.0,0.41052931547164917,-0.04147762060165405,0.3690516948699951
1012131,Ed Smith,Ed Smith,SLB,Browns,2,P,63.0,154.6666,0.05228791385889053,0.2873722016811371,0.3396601155400276
1012797,Len Swormstedt,Len Swormstedt,BOS,Americans,3,P,8.0,21.0,0.38651230931282043,-0.056293025612831116,0.3302192836999893
1007601,Glenn Liebhardt,Glenn Liebhardt,CLE,Naps,5,P,8.0,18.0,0.45174524188041687,-0.1259339451789856,0.3258112967014313
1011836,Dave Shean,Dave Shean,PHA,Athletics,10,2B,84.0,,,0.31948813796043396,0.31948813796043396
1011747,Paul Sentell,Paul Sentell,PHI,Phillies,26,2B/3B,221.0,,,0.31741899251937866,0.31741899251937866
1002110,Chet Chadbourne,Chet Chadbourne,BOS,Americans,3,2B,47.0,,,0.315509170293808,0.315509170293808
1002171,Charlie Chech,Charlie Chech,CIN,Reds,18,P,28.0,66.0,0.17959299683570862,0.11373787373304367,0.2933308705687523
1013901,Jesse Whiting,Jesse Whiting,BRO,Superbas,22,P,10.0,24.6666,0.2004818171262741,0.08050087094306946,0.28098268806934357
1003989,Cecil Ferguson,George Ferguson,NYG,Giants,30,P,16.0,52.3333,0.02974056266248226,0.24853293597698212,0.2782734986394644
1009764,Rube Oldring,Rube Oldring,PHA,Athletics,10,3B,180.0,,,0.27729329466819763,0.27729329466819763
1010923,Elwood Richie,Lew Richie,PHI,Phillies,26,P,68.0,205.6666,0.6519058346748352,-0.3832000494003296,0.2687057852745056
1004927,Charlie Graham,Charlie Graham,BOS,Americans,3,C,104.0,,,0.2628617584705353,0.2628617584705353
1005038,Clark Griffith,Clark Griffith,NYH,Highlanders,9,P,23.0,59.6666,0.3126889169216156,-0.055566079914569855,0.25712283700704575
1005521,Jack Hayden,Jack Hayden,BOS,Americans,3,RF,352.0,,,0.25670257210731506,0.25670257210731506
1000733,Ginger Beaumont,Ginger Beaumont,PIT,Pirates,27,CF,349.0,,,0.2554890513420105,0.2554890513420105
1006300,Jim Jackson,Jim Jackson,CLE,Naps,5,LF,428.0,,,0.2518516480922699,0.2518516480922699
1000983,Joe Birmingham,Joe Birmingham,CLE,Naps,5,LF,41.0,,,0.24843980371952057,0.24843980371952057
1013966,Ed Willett,Ed Willett,DET,Tigers,6,P,9.0,25.0,0.3688942790031433,-0.14392811059951782,0.2249661684036255
1004112,Matty Fitzgerald,Matty Fitzgerald,NYG,Giants,30,C,7.0,,,0.22270137071609497,0.22270137071609497
1009679,Frank Oberlin,Frank Oberlin,BOS,Americans,3,P,14.0,34.0,0.20497696101665497,0.010290767066180706,0.21526772808283567
1004375,Art Fromme,Art Fromme,STL,Cardinals,28,P,9.0,25.0,0.20909911394119263,-0.0011552684009075165,0.2079438455402851
1007047,Hub Knolls,Hub Knolls,BRO,Superbas,22,P,2.0,6.6666,0.019140902906656265,0.18732060492038727,0.20646150782704353
1008730,Dutch Meier,Dutch Meier,PIT,Pirates,27,RF/LF,294.0,,,0.20195841789245605,0.20195841789245605
1003422,Jack Doscher,Jack Doscher,BRO,Superbas,22,P,5.0,14.0,0.2727622389793396,-0.07792436331510544,0.19483787566423416
1003285,Ernie Diehl,Ernie Diehl,BSN,Beaneaters,16,SS/LF,11.0,,,0.1918504238128662,0.1918504238128662
1002882,Mike Cunningham,Mike Cunningham,PHA,Athletics,10,P,12.0,28.0,0.10088809579610825,0.09052344411611557,0.19141153991222382
1013143,Babe Towne,Babe Towne,CHW,White Sox,4,C,43.0,,,0.17649666965007782,0.17649666965007782
1008137,Doc Marshall,Doc Marshall,- - -,- - -,0,C,244.0,,,0.17558133602142334,0.17558133602142334
1013483,Heinie Wagner,Heinie Wagner,BOS,Americans,3,2B,35.0,,,0.16794809699058533,0.16794809699058533
1009241,Walter Moser,Walter Moser,PHI,Phillies,26,P,14.0,42.6666,0.38885220885276794,-0.22327235341072083,0.16557985544204712
1003430,Patsy Dougherty,Patsy Dougherty,- - -,- - -,0,LF,340.0,,,0.14480960369110107,0.14480960369110107
1001422,Al Bridwell,Al Bridwell,BSN,Beaneaters,16,SS,518.0,,,0.1357523798942566,0.1357523798942566
1013145,Happy Townsend,Happy Townsend,CLE,Naps,5,P,32.0,92.6666,0.28688979148864746,-0.15574628114700317,0.1311435103416443
1003836,Bill Essick,Bill Essick,CIN,Reds,18,P,16.0,39.3333,0.21911992132663727,-0.10244783014059067,0.1166720911860466
1007041,John Knight,John Knight,PHA,Athletics,10,3B,277.0,,,0.11204458028078079,0.11204458028078079
1005380,Jack Harper,Jack Harper,- - -,- - -,0,P,15.0,37.6666,-0.04125080071389675,0.1476214975118637,0.10637069679796696
1002032,Charlie Case,Charlie Case,PIT,Pirates,27,P,3.0,11.0,0.014322128146886826,0.07536624372005463,0.08968837186694145
1011242,Frank Roth,Frank Roth,CHW,White Sox,4,C,57.0,,,0.0838020071387291,0.0838020071387291
1009753,Tom O'Hara,Tom O'Hara,STL,Cardinals,28,LF,57.0,,,0.08348667621612549,0.08348667621612549
1008374,Joe McCarthy,Joe McCarthy,STL,Cardinals,28,C,39.0,,,0.07963231205940247,0.07963231205940247
1002767,Lou Criger,Lou Criger,BOS,Americans,3,C,19.0,,,0.0788288414478302,0.0788288414478302
1009735,Fred Odwell,Fred Odwell,CIN,Reds,18,RF,229.0,,,0.07825028151273727,0.07825028151273727
1001679,Frank Burke,Frank Burke,NYG,Giants,30,RF/CF,10.0,,,0.07596830278635025,0.07596830278635025
1012577,Alan Storke,Alan Storke,PIT,Pirates,27,3B/SS,13.0,,,0.07377716898918152,0.07377716898918152
1005320,Jack Hannifin,Jack Hannifin,- - -,- - -,0,3B/SS,34.0,,,0.06605661101639271,0.06605661101639271
1005468,Roy Hartzell,Roy Hartzell,SLB,Browns,2,3B,443.0,,,0.06497291475534439,0.06497291475534439
1004031,Lou Fiene,Lou Fiene,CHW,White Sox,4,P,10.0,31.0,0.03727348521351814,0.027599167078733444,0.06487265229225159
1000541,Cy Barger,Cy Barger,NYH,Highlanders,9,P,3.0,5.3333,0.04168470576405525,0.02062780223786831,0.06231250800192356
1009627,Lou Nordyke,Lou Nordyke,SLB,Browns,2,1B,64.0,,,0.05942865088582039,0.05942865088582039
1000627,Bill Bartley,Bill Bartley,PHA,Athletics,10,P,3.0,8.6666,-0.042151398956775665,0.09258562326431274,0.05043422430753708
1012055,Jack Slattery,Jack Slattery,STL,Cardinals,28,C,10.0,,,0.04897598177194595,0.04897598177194595
1013059,Eddie Tiemeyer,Eddie Tiemeyer,CIN,Reds,18,P/3B,12.0,1.0,-0.0049130963161587715,0.05042361468076706,0.04551051836460829
1007170,Rube Kroh,Rube Kroh,BOS,Americans,3,P,3.0,9.0,0.0930662453174591,-0.047720953822135925,0.04534529149532318
1002738,Forrest Crawford,Forrest Crawford,STL,Cardinals,28,SS,157.0,,,0.038536764681339264,0.038536764681339264
1012955,Jake Thielman,Jake Thielman,STL,Cardinals,28,P,2.0,5.0,-0.0055910623632371426,0.03916707634925842,0.03357601398602128
1006164,Tom Hughes,Tom Hughes,NYH,Highlanders,9,P,5.0,15.0,-0.0251418836414814,0.057025860995054245,0.031883977353572845
1003676,Bob Edmondson,Bob Edmondson,WAS,Senators,8,P/RF,3.0,10.0,0.023538080975413322,0.004923821892589331,0.028461902868002653
1008286,Bert Maxwell,Bert Maxwell,PIT,Pirates,27,P,3.0,8.0,0.06858288496732712,-0.048377133905887604,0.020205751061439514
1001866,Howie Camnitz,Howie Camnitz,PIT,Pirates,27,P,3.0,9.0,0.05575055629014969,-0.048377133905887604,0.007373422384262085
1001778,John Butler,John Butler,BRO,Superbas,22,C,,,,0.0036205346696078777,0.0036205346696078777
1008080,Lou Manske,Lou Manske,PIT,Pirates,27,P,4.0,8.0,0.06797043234109879,-0.06450284272432327,0.0034675896167755127
1010376,Togie Pittinger,Togie Pittinger,PHI,Phillies,26,P,50.0,129.6666,0.19332771003246307,-0.1929154247045517,0.00041228532791137695
1014185,Barney Wolfe,Barney Wolfe,WAS,Senators,8,P,7.0,20.0,-0.03333522006869316,0.0328422449529171,-0.000492975115776062
1003636,Mal Eason,Mal Eason,BRO,Superbas,22,P,93.0,227.0,1.011162281036377,-1.0143353939056396,-0.0031731128692626953
1008542,John McGraw,John McGraw,NYG,Giants,30,3B,3.0,,,-0.005673970095813274,-0.005673970095813274
1008491,Ed McFarland,Ed McFarland,CHW,White Sox,4,C,29.0,,,-0.009629934094846249,-0.009629934094846249
1005239,Charley Hall,Charley Hall,CIN,Reds,18,P,50.0,95.0,0.5388282537460327,-0.5496545433998108,-0.010826289653778076
1013580,Tom Walsh,Tom Walsh,CHC,Cubs,17,C,1.0,,,-0.01344071514904499,-0.01344071514904499
1012150,Harry Smith,Harry Smith,PIT,Pirates,27,C,1.0,,,-0.01700388267636299,-0.01700388267636299
1009571,Simon Nicholls,Simon Nicholls,PHA,Athletics,10,SS,47.0,,,-0.017420774325728416,-0.017420774325728416
1012394,Oscar Stanage,Oscar Stanage,CIN,Reds,18,C,1.0,,,-0.017641481012105942,-0.017641481012105942
1007946,Tommy Madden,Tommy Madden,BSN,Beaneaters,16,LF,16.0,,,-0.019010674208402634,-0.019010674208402634
1003529,Pat Duff,Pat Duff,WAS,Senators,8,PH/PR,1.0,,,-0.020082054659724236,-0.020082054659724236
1002370,Otis Clymer,Otis Clymer,PIT,Pirates,27,RF,49.0,,,-0.020113583654165268,-0.020113583654165268
1003533,Hugh Duffy,Hugh Duffy,PHI,Phillies,26,PH/PR,1.0,,,-0.02044673077762127,-0.02044673077762127
1004019,Willy Fetzer,Willy Fetzer,PHA,Athletics,10,PH/PR,1.0,,,-0.02060936577618122,-0.02060936577618122
1012107,Bull Smith,Bull Smith,CHC,Cubs,17,PH/PR,1.0,,,-0.02068178355693817,-0.02068178355693817
1005193,Leo Hafford,Leo Hafford,CIN,Reds,18,P,9.0,19.0,-0.03526721149682999,0.014516960829496384,-0.020750250667333603
1011647,Hack Schumann,Hack Schumann,PHA,Athletics,10,P,6.0,18.0,0.06878678500652313,-0.09666397422552109,-0.027877189218997955
1008567,Irish McIlveen,Irish McIlveen,PIT,Pirates,27,P,5.0,7.0,-0.06749191135168076,0.03880361095070839,-0.028688300400972366
1000041,Babe Adams,Babe Adams,STL,Cardinals,28,P,1.0,4.0,-0.01936895027756691,-0.015897884964942932,-0.03526683524250984
1014112,Willy Wilson,Willy Wilson,WAS,Senators,8,P,2.0,7.0,-0.005979923065751791,-0.031166698783636093,-0.037146621849387884
1006076,Del Howard,Del Howard,BSN,Beaneaters,16,2B/LF,591.0,,,-0.04024183005094528,-0.04024183005094528
1006233,Harry Huston,Harry Huston,PHI,Phillies,26,C,5.0,,,-0.04221205785870552,-0.04221205785870552
1008399,John McCloskey,John McCloskey,PHI,Phillies,26,P,15.0,41.0,-0.05645866319537163,0.011950486339628696,-0.04450817685574293
1007073,Ben Koehler,Ben Koehler,SLB,Browns,2,RF/CF,219.0,,,-0.04609892517328262,-0.04609892517328262
1005839,Bill Hinchman,Bill Hinchman,CIN,Reds,18,RF/LF,64.0,,,-0.05147243291139603,-0.05147243291139603
1003408,Tom Doran,Tom Doran,BOS,Americans,3,C,3.0,,,-0.05397600308060646,-0.05397600308060646
1006153,Ed Hughes,Ed Hughes,BOS,Americans,3,P,3.0,10.0,-0.006793417502194643,-0.047720953822135925,-0.05451437132433057
1011801,Warren Shannabrook,Warren Shanabrook,WAS,Senators,8,3B,3.0,,,-0.05662563815712929,-0.05662563815712929
1014443,Eddie Zimmerman,Eddie Zimmerman,STL,Cardinals,28,3B,15.0,,,-0.05908903479576111,-0.05908903479576111
1006776,Joe Kelley,Joe Kelley,CIN,Reds,18,LF,540.0,,,-0.06144353747367859,-0.06144353747367859
1005977,Ducky Holmes,Ducky Holmes,STL,Cardinals,28,C,30.0,,,-0.06322447955608368,-0.06322447955608368
1004862,Clyde Goodwin,Clyde Goodwin,WAS,Senators,8,P,6.0,22.3333,-0.056386951357126236,-0.007726540323346853,-0.06411349168047309
1005753,Gus Hetling,Gus Hetling,DET,Tigers,6,3B,7.0,,,-0.06523110717535019,-0.06523110717535019
1005979,Jim Holmes,Jim Holmes,PHA,Athletics,10,P,5.0,9.0,-0.2031729519367218,0.13233524560928345,-0.07083770632743835
1011250,Jack Rowan,Jack Rowan,DET,Tigers,6,P,4.0,9.0,-0.08549073338508606,0.00699479877948761,-0.07849593460559845
1013024,Sam Thompson,Sam Thompson,DET,Tigers,6,RF,32.0,,,-0.08257060497999191,-0.08257060497999191
1007759,Bris Lord,Bris Lord,PHA,Athletics,10,CF,492.0,,,-0.08289656043052673,-0.08289656043052673
1011264,Charlie Roy,Charlie Roy,PHI,Phillies,26,P,8.0,18.3333,0.08395220339298248,-0.16719438135623932,-0.08324217796325684
1003143,Edward DeGroff,Rube DeGroff,STL,Cardinals,28,RF,4.0,,,-0.08737922459840775,-0.08737922459840775
1002451,Eddie Collins,Eddie Collins,PHA,Athletics,10,SS,18.0,,,-0.08830419927835464,-0.08830419927835464
1000529,Jap Barbeau,Jap Barbeau,CLE,Naps,5,3B,143.0,,,-0.09494146704673767,-0.09494146704673767
1000903,Claude Berry,Claude Berry,PHA,Athletics,10,C,32.0,,,-0.09753236919641495,-0.09753236919641495
1010303,Bill Phyle,Bill Phyle,STL,Cardinals,28,3B,79.0,,,-0.09902144968509674,-0.09902144968509674
1008622,Larry McLean,Larry McLean,CIN,Reds,18,C,39.0,,,-0.10134554654359818,-0.10134554654359818
1003399,Patsy Donovan,Patsy Donovan,BRO,Superbas,22,RF,21.0,,,-0.10169806331396103,-0.10169806331396103
1001951,Fred Carisch,Fred Carisch,PIT,Pirates,27,C,13.0,,,-0.10643084347248077,-0.10643084347248077
1012670,Willie Sudhoff,Willie Sudhoff,WAS,Senators,8,P,7.0,19.6666,-0.21146456897258759,0.10380508750677109,-0.1076594814658165
1008367,William McCarthy,Bill McCarthy,BSN,Beaneaters,16,P,1.0,2.0,-0.09559197723865509,-0.01628074049949646,-0.11187271773815155
1003703,Wish Egan,Wish Egan,STL,Cardinals,28,P,32.0,86.3333,0.13849513232707977,-0.252863347530365,-0.11436821520328522
1010598,Leon Quillin,Lee Quillen,CHW,White Sox,4,SS,10.0,,,-0.11483857780694962,-0.11483857780694962
1010578,Ambrose Puttmann,Ambrose Puttmann,STL,Cardinals,28,P,6.0,18.6666,-0.16938000917434692,0.04653838276863098,-0.12284162640571594
1006180,John Hummel,John Hummel,BRO,Superbas,22,2B,326.0,,,-0.12392140924930573,-0.12392140924930573
1000614,Ed Barry,Ed Barry,BOS,Americans,3,P,9.0,21.0,-0.09078897535800934,-0.033917687833309174,-0.12470666319131851
1010993,Lew Ritter,Lew Ritter,BRO,Superbas,22,C,249.0,,,-0.1308184713125229,-0.1308184713125229
1011635,Jack Schulte,Jack Schulte,BSN,Beaneaters,16,SS,7.0,,,-0.13097399473190308,-0.13097399473190308
1002511,Frank Connaughton,Frank Connaughton,BSN,Beaneaters,16,SS,48.0,,,-0.14158029854297638,-0.14158029854297638
1011905,Bill Shipke,Bill Shipke,CLE,Naps,5,2B,7.0,,,-0.14168314635753632,-0.14168314635753632
1004770,Kid Gleason,Kid Gleason,PHI,Phillies,26,2B,562.0,,,-0.15006661415100098,-0.15006661415100098
1012427,Con Starkel,Con Starkel,WAS,Senators,8,P,1.0,3.0,-0.19161668419837952,0.03719717636704445,-0.15441950783133507
1012981,Ira Thomas,Ira Thomas,NYH,Highlanders,9,C,126.0,,,-0.15527595579624176,-0.15527595579624176
1011091,Ike Rockenfield,Ike Rockenfield,SLB,Browns,2,2B,99.0,,,-0.15659689903259277,-0.15659689903259277
1005625,Frank Hemphill,Frank Hemphill,CHW,White Sox,4,LF,52.0,,,-0.16348348557949066,-0.16348348557949066
1002777,Ches Crist,Ches Crist,PHI,Phillies,26,C,12.0,,,-0.1679244041442871,-0.1679244041442871
1003695,Harry Eells,Harry Eells,CLE,Naps,5,P,35.0,86.3333,-0.28103360533714294,0.11265493929386139,-0.16837866604328156
1012087,Aleck Smith,Aleck Smith,NYG,Giants,30,C/1B,31.0,,,-0.16868744790554047,-0.16868744790554047
1011539,Frank Scheibeck,Frank Scheibeck,DET,Tigers,6,2B,13.0,,,-0.17437243461608887,-0.17437243461608887
1001799,Jim Byrnes,Jim Byrnes,PHA,Athletics,10,C,23.0,,,-0.1876244992017746,-0.1876244992017746
1006687,Harry Kane,Harry Kane,PHI,Phillies,26,P,10.0,28.0,-0.08890276402235031,-0.10049180686473846,-0.18939457088708878
1005446,Hub Hart,Hub Hart,CHW,White Sox,4,C,40.0,,,-0.19047945737838745,-0.19047945737838745
1010743,Phil Reardon,Phil Reardon,BRO,Superbas,22,RF/CF,15.0,,,-0.19485269486904144,-0.19485269486904144
1008216,Del Mason,Del Mason,CIN,Reds,18,P,5.0,12.0,-0.11113375425338745,-0.08381655812263489,-0.19495031237602234
1013433,Rube Vinson,Rube Vinson,CHW,White Sox,4,LF,27.0,,,-0.19787269830703735,-0.19787269830703735
1013932,Jimmy Wiggs,Jimmy Wiggs,DET,Tigers,6,P,3.0,10.3333,-0.22139619290828705,0.02298681065440178,-0.19840938225388527
1007525,Ed Lennox,Ed Lennox,PHA,Athletics,10,3B,19.0,,,-0.19865594804286957,-0.19865594804286957
1000029,Bill Abstein,Bill Abstein,PIT,Pirates,27,2B/RF,21.0,,,-0.19911424815654755,-0.19911424815654755
1009197,Jim Moroney,Jim Moroney,BSN,Beaneaters,16,P,10.0,27.0,-0.10957419127225876,-0.09184456616640091,-0.20141875743865967
1000596,Jimmy Barrett,Jimmy Barrett,CIN,Reds,18,RF,14.0,,,-0.21527861058712006,-0.21527861058712006
1014165,Roy Witherup,Roy Witherup,BSN,Beaneaters,16,P,15.0,46.0,-0.11349034309387207,-0.10228542983531952,-0.2157757729291916
1005350,Harry Hardy,Harry Hardy,WAS,Senators,8,P,6.0,20.0,-0.14570581912994385,-0.09350010752677917,-0.23920592665672302
1011575,Boss Schmidt,Boss Schmidt,DET,Tigers,6,C,228.0,,,-0.24067601561546326,-0.24067601561546326
1011731,Kip Selbach,Kip Selbach,BOS,Americans,3,LF,252.0,,,-0.2436407506465912,-0.2436407506465912
1011506,Germany Schaefer,Germany Schaefer,DET,Tigers,6,2B,498.0,,,-0.25927767157554626,-0.25927767157554626
1012320,Chet Spencer,Chet Spencer,BSN,Beaneaters,16,RF/CF,27.0,,,-0.2707720696926117,-0.2707720696926117
1004670,Norwood Gibson,Norwood Gibson,BOS,Americans,3,P,6.0,18.6666,-0.3022047281265259,0.02830146625638008,-0.2739032618701458
1007676,Paddy Livingston,Paddy Livingston,CIN,Reds,18,C,163.0,,,-0.29752427339553833,-0.29752427339553833
1001985,Charlie Carr,Charlie Carr,CIN,Reds,18,1B,98.0,,,-0.32000136375427246,-0.32000136375427246
1001632,Fritz Buelow,Fritz Buelow,CLE,Naps,5,C,101.0,,,-0.34073030948638916,-0.34073030948638916
1008238,Henry Mathewson,Henry Mathewson,NYG,Giants,30,P,3.0,10.0,-0.31678467988967896,-0.04857891425490379,-0.36536359414458275
1001816,Ben Caffyn,Ben Caffyn,CLE,Naps,5,LF,118.0,,,-0.368770956993103,-0.368770956993103
1009812,Jack O'Neill,Jack O'Neill,BSN,Beaneaters,16,C,186.0,,,-0.3793333172798157,-0.3793333172798157
1001485,Art Brouthers,Art Brouthers,PHA,Athletics,10,3B,160.0,,,-0.38022899627685547,-0.38022899627685547
1012382,Jake Stahl,Jake Stahl,WAS,Senators,8,1B,526.0,,,-0.39457830786705017,-0.39457830786705017
1003397,Jerry Donovan,Jerry Donovan,PHI,Phillies,26,C,177.0,,,-0.4034315049648285,-0.4034315049648285
1001991,Bill Carrigan,Bill Carrigan,BOS,Americans,3,C,118.0,,,-0.4057546555995941,-0.4057546555995941
1009564,Kid Nichols,Kid Nichols,PHI,Phillies,26,P,3.0,11.0,-0.3766840994358063,-0.04784408211708069,-0.42452818155288696
1005761,Mike Heydon,Mike Heydon,WAS,Senators,8,C,161.0,,,-0.42630672454833984,-0.42630672454833984
1005967,Ed Holly,Ed Holly,STL,Cardinals,28,SS,40.0,,,-0.4266640245914459,-0.4266640245914459
1007786,Bobby Lowe,Bobby Lowe,DET,Tigers,6,2B/SS,153.0,,,-0.427273154258728,-0.427273154258728
1006983,Malachi Kittridge,Malachi Kittridge,- - -,- - -,0,C,81.0,,,-0.4546919912099838,-0.4546919912099838
1010222,Bob Peterson,Bob Peterson,BOS,Americans,3,C,130.0,,,-0.4693412482738495,-0.4693412482738495
1014028,Otto Williams,Otto Williams,WAS,Senators,8,2B/SS,56.0,,,-0.48675736784935,-0.48675736784935
1009103,Earl Moore,Earl Moore,CLE,Naps,5,P,10.0,29.6666,-0.33556172251701355,-0.157417431473732,-0.49297915399074554
1001558,Sam Brown,Sam Brown,BSN,Beaneaters,16,C,256.0,,,-0.5490124225616455,-0.5490124225616455
1003559,Gus Dundon,Gus Dundon,CHW,White Sox,4,2B/SS,109.0,,,-0.5870514512062073,-0.5870514512062073
1009623,Pete Noonan,Pete Noonan,- - -,- - -,0,C/1B,145.0,,,-0.5954136117361486,-0.5954136117361486
1011955,Johnny Siegle,Johnny Siegle,CIN,Reds,18,CF/LF,80.0,,,-0.6243858933448792,-0.6243858933448792
1009713,Jack O'Connor,Jack O'Connor,SLB,Browns,2,C,184.0,,,-0.6403733491897583,-0.6403733491897583
1003103,Snake Deal,Snake Deal,CIN,Reds,18,1B,243.0,,,-0.6570776700973511,-0.6570776700973511
1005894,Art Hoelskoetter,Art Hoelskoetter,STL,Cardinals,28,3B,330.0,58.3333,-0.38054144382476807,-0.3203651010990143,-0.7009065449237823
1009479,Tom Needham,Tom Needham,BSN,Beaneaters,16,C,302.0,,,-0.7144299745559692,-0.7144299745559692
1000306,Charlie Armbruster,Charlie Armbruster,BOS,Americans,3,C,231.0,,,-0.730269730091095,-0.730269730091095
1012625,Allie Strobel,Allie Strobel,BSN,Beaneaters,16,2B,360.0,,,-0.7537214756011963,-0.7537214756011963
1002622,Tommy Corcoran,Tommy Corcoran,CIN,Reds,18,SS,460.0,,,-0.8015259504318237,-0.8015259504318237
1001859,Jack Cameron,Jack Cameron,BSN,Beaneaters,16,LF,63.0,6.0,-0.08670171350240707,-0.7156385779380798,-0.8023402914404869
1008141,Joe Marshall,Joe Marshall,STL,Cardinals,28,RF,102.0,,,-0.8131392598152161,-0.8131392598152161
1012331,Tubby Spencer,Tubby Spencer,SLB,Browns,2,C,200.0,,,-0.9225077033042908,-0.9225077033042908
1005897,Jack Hoey,Jack Hoey,BOS,Americans,3,LF,389.0,,,-0.9489126801490784,-0.9489126801490784
1008342,George McBride,George McBride,STL,Cardinals,28,SS,338.0,,,-0.9517502784729004,-0.9517502784729004
1004668,George Gibson,George Gibson,PIT,Pirates,27,C,282.0,,,-0.9743916392326355,-0.9743916392326355
1009183,Red Morgan,Red Morgan,BOS,Americans,3,3B,340.0,,,-1.0772126913070679,-1.0772126913070679
1004855,Gene Good,Gene Good,BSN,Beaneaters,16,CF/LF,135.0,,,-1.1351462602615356,-1.1351462602615356
1004795,John Godwin,John Godwin,BOS,Americans,3,3B/SS,209.0,,,-1.1660938262939453,-1.1660938262939453
1009765,Charley O'Leary,Charley O'Leary,DET,Tigers,6,SS,489.0,,,-1.1812697649002075,-1.1812697649002075
1006642,Frank Jude,Frank Jude,CIN,Reds,18,RF,336.0,,,-1.3770174980163574,-1.3770174980163574
1010497,Doc Powers,Doc Powers,PHA,Athletics,10,C,192.0,,,-1.396782398223877,-1.396782398223877
1007628,Chris Lindsay,Chris Lindsay,DET,Tigers,6,1B,572.0,,,-1.7600619792938232,-1.7600619792938232
1012414,Joe Stanley,Joe Stanley,WAS,Senators,8,RF,258.0,3.0,-0.21109451353549957,-1.6675639152526855,-1.8786584287881851
1000867,Bill Bergen,Bill Bergen,BRO,Superbas,22,C,372.0,,,-2.021684408187866,-2.021684408187866
