playerid,playerName,playerNameRoute,abbName,shortName,teamId,pos,PA,IP,pitWAR,batWAR,totalWAR
1012309,Tristram Speaker,Tris Speaker,BOS,Red Sox,3,CF,675.0,,,10.595015525817871,10.595015525817871
1006511,Walter Johnson,Walter Johnson,WAS,Senators,8,P,157.0,369.0,9.27444076538086,1.1751421689987183,10.449582934379578
1006301,Joe Jackson,Joe Jackson,CLE,Naps,5,RF,653.0,,,9.145576477050781,9.145576477050781
1002378,Ty Cobb,Ty Cobb,DET,Tigers,6,CF,609.0,,,9.118837356567383,9.118837356567383
1000453,Home Run Baker,Frank Baker,PHA,Athletics,10,3B,644.0,,,9.094395637512207,9.094395637512207
1013485,Honus Wagner,Honus Wagner,PIT,Pirates,27,SS,634.0,,,8.47170352935791,8.47170352935791
1014224,Joe Wood,Joe Wood,BOS,Red Sox,3,P,141.0,344.0,7.561261177062988,0.7611510753631592,8.322412252426147
1002451,Eddie Collins,Eddie Collins,PHA,Athletics,10,2B,673.0,,,8.309837341308594,8.309837341308594
1014444,Heinie Zimmerman,Heinie Zimmerman,CHC,Cubs,17,3B,619.0,,,7.597360610961914,7.597360610961914
1013570,Ed Walsh,Ed Walsh,CHW,White Sox,4,P,154.0,393.0,6.731555938720703,0.776992917060852,7.508548855781555
1008235,Christy Mathewson,Christy Mathewson,NYG,Giants,30,P,120.0,310.0,6.194167613983154,0.5764283537864685,6.770595967769623
1003876,Johnny Evers,Johnny Evers,CHC,Cubs,17,2B,568.0,,,6.040250301361084,6.040250301361084
1004528,Larry Gardner,Larry Gardner,BOS,Red Sox,3,3B,590.0,,,5.784104347229004,5.784104347229004
1003467,Larry Doyle,Larry Doyle,NYG,Giants,30,2B,629.0,,,5.779422283172607,5.779422283172607
1005638,Claude Hendrix,Claude Hendrix,PIT,Pirates,27,P,126.0,288.6666,4.06454610824585,1.5166963338851929,5.5812424421310425
1008856,Clyde Milan,Clyde Milan,WAS,Senators,8,CF,674.0,,,5.30396032333374,5.30396032333374
1012771,Bill Sweeney,Bill Sweeney,BSN,Braves,16,2B,699.0,,,5.190380096435547,5.190380096435547
1011281,Nap Rucker,Nap Rucker,BRO,Dodgers,22,P,109.0,297.6666,4.796038627624512,0.2106293886899948,5.0066680163145065
1008569,Stuffy McInnis,Stuffy McInnis,PHA,Athletics,10,1B,649.0,,,5.001384258270264,5.001384258270264
1008125,Rube Marquard,Rube Marquard,NYG,Giants,30,P,113.0,294.6666,4.808117389678955,0.17765392363071442,4.9857713133096695
1000128,Grover Alexander,Pete Alexander,PHI,Phillies,26,P,117.0,310.3333,4.896495819091797,-0.0015807980671525002,4.894915021024644
1004248,Eddie Foster,Eddie Foster,WAS,Senators,8,3B,678.0,,,4.7040696144104,4.7040696144104
1010042,Dode Paskert,Dode Paskert,PHI,Phillies,26,CF,649.0,,,4.5817952156066895,4.5817952156066895
1014066,Chief Wilson,Chief Wilson,PIT,Pirates,27,RF/CF,643.0,,,4.54311990737915,4.54311990737915
1008823,Chief Meyers,Chief Meyers,NYG,Giants,30,C,435.0,,,4.486441135406494,4.486441135406494
1007259,Nap Lajoie,Nap Lajoie,CLE,Naps,5,2B,500.0,,,4.474985599517822,4.474985599517822
1012673,George Suggs,George Suggs,CIN,Reds,18,P,120.0,303.0,4.700044631958008,-0.25119897723197937,4.448845654726028
1005022,Vean Gregg,Vean Gregg,CLE,Naps,5,P,107.0,271.3333,4.63592004776001,-0.23040805757045746,4.405511990189552
1005081,Bob Groom,Bob Groom,WAS,Senators,8,P,123.0,316.0,5.044456481933594,-0.6473938822746277,4.397062599658966
1007093,Ed Konetchy,Ed Konetchy,STL,Cardinals,28,1B,621.0,,,4.16799259185791,4.16799259185791
1002176,Larry Cheney,Larry Cheney,CHC,Cubs,17,P,123.0,303.3333,3.6363542079925537,0.4662746489048004,4.102628856897354
1001749,Donie Bush,Donie Bush,DET,Tigers,6,SS,643.0,,,4.025763034820557,4.025763034820557
1001944,Max Carey,Max Carey,PIT,Pirates,27,LF,690.0,,,3.984818458557129,3.984818458557129
1000921,Bob Bescher,Bob Bescher,CIN,Reds,18,LF,646.0,,,3.8993046283721924,3.8993046283721924
1012634,Amos Strunk,Amos Strunk,PHA,Athletics,10,CF/LF,487.0,,,3.7942914962768555,3.7942914962768555
1013628,Jack Warhop,Jack Warhop,NYH,Highlanders,9,P,102.0,258.0,3.6682770252227783,0.104520283639431,3.7727973088622093
1003005,Jake Daubert,Jake Daubert,BRO,Dodgers,22,1B,627.0,,,3.5937178134918213,3.5937178134918213
1002748,Sam Crawford,Sam Crawford,DET,Tigers,6,RF,644.0,,,3.587341070175171,3.587341070175171
1004223,Russ Ford,Russ Ford,NYH,Highlanders,9,P,125.0,291.6666,3.300748825073242,0.28162866830825806,3.5823774933815002
1010512,Del Pratt,Del Pratt,SLB,Browns,2,2B,622.0,,,3.5371596813201904,3.5371596813201904
1011933,Burt Shotton,Burt Shotton,SLB,Browns,2,CF,681.0,,,3.5340404510498047,3.5340404510498047
1013075,Joe Tinker,Joe Tinker,CHC,Cubs,17,SS,624.0,,,3.5141255855560303,3.5141255855560303
1000616,Jack Barry,Jack Barry,PHA,Athletics,10,SS,562.0,,,3.506768226623535,3.506768226623535
1010709,Morrie Rath,Morrie Rath,CHW,White Sox,4,2B,709.0,,,3.5035746097564697,3.5035746097564697
1005745,Buck Herzog,Buck Herzog,NYG,Giants,30,3B,563.0,,,3.4961166381835938,3.4961166381835938
1005749,Otto Hess,Otto Hess,BSN,Braves,16,P,100.0,254.0,3.1897270679473877,0.23204165697097778,3.4217687249183655
1000857,Rube Benton,Rube Benton,CIN,Reds,18,P,108.0,302.0,4.166933536529541,-0.7669187188148499,3.400014817714691
1011385,Slim Sallee,Slim Sallee,STL,Cardinals,28,P,112.0,294.0,3.8673293590545654,-0.49426212906837463,3.373067229986191
1009021,Danny Moeller,Danny Moeller,WAS,Senators,8,RF,586.0,,,3.310185670852661,3.310185670852661
1000764,Hugh Bedient,Hugh Bedient,BOS,Red Sox,3,P,92.0,231.0,3.055172920227051,0.2486259788274765,3.3037988990545273
1010385,Eddie Plank,Eddie Plank,PHA,Athletics,10,P,106.0,259.6666,2.6669771671295166,0.557762086391449,3.2247392535209656
1010178,Hub Perdue,Hub Perdue,BSN,Braves,16,P,96.0,249.0,3.9220898151397705,-0.7320839762687683,3.190005838871002
1004149,Art Fletcher,Art Fletcher,NYG,Giants,30,SS,463.0,,,3.179941415786743,3.179941415786743
1000210,Red Ames,Red Ames,NYG,Giants,30,P,63.0,179.0,3.0318169593811035,0.14489352703094482,3.1767104864120483
1012197,Red Smith,Red Smith,BRO,Dodgers,22,3B,560.0,,,3.1579761505126953,3.1579761505126953
1005273,Earl Hamilton,Earl Hamilton,SLB,Browns,2,P,90.0,249.6666,3.0133564472198486,0.12521106004714966,3.1385675072669983
1008783,Fred Merkle,Fred Merkle,NYG,Giants,30,1B,537.0,,,3.1176886558532715,3.1176886558532715
1001387,Ad Brennan,Ad Brennan,PHI,Phillies,26,P,66.0,174.0,2.6810104846954346,0.4096701145172119,3.0906805992126465
1013828,Zack Wheat,Zack Wheat,BRO,Dodgers,22,LF,505.0,,,3.0446114540100098,3.0446114540100098
1011843,Jimmy Sheckard,Jimmy Sheckard,CHC,Cubs,17,LF,660.0,,,3.035489797592163,3.035489797592163
1001832,Ray Caldwell,Ray Caldwell,NYH,Highlanders,9,P,82.0,183.3333,2.6731314659118652,0.3349848687648773,3.0081163346767426
1008406,George McConnell,George McConnell,NYH,Highlanders,9,P,97.0,176.6666,2.7595956325531006,0.22101567685604095,2.9806113094091415
1000827,Chief Bender,Chief Bender,PHA,Athletics,10,P,69.0,171.0,2.9898934364318848,-0.01310410350561142,2.9767893329262733
1001866,Howie Camnitz,Howie Camnitz,PIT,Pirates,27,P,109.0,276.6666,2.922229051589966,0.031721409410238266,2.953950461000204
1002466,Shano Collins,Shano Collins,CHW,White Sox,4,1B/RF,632.0,,,2.94252347946167,2.94252347946167
1013483,Heinie Wagner,Heinie Wagner,BOS,Red Sox,3,SS,584.0,,,2.941352367401123,2.941352367401123
1011067,Hank Robinson,Hank Robinson,PIT,Pirates,27,P,61.0,175.0,2.698434352874756,0.19763348996639252,2.8960678428411484
1007262,Joe Lake,Joe Lake,- - -,- - -,0,P,85.0,219.6666,3.3449573516845703,-0.45447175204753876,2.8904855996370316
1009302,George Mullin,George Mullin,DET,Tigers,6,P,109.0,226.0,1.827858805656433,1.0501765012741089,2.878035306930542
1006148,Miller Huggins,Miller Huggins,STL,Cardinals,28,2B,530.0,,,2.8643784523010254,2.8643784523010254
1001045,Fred Blanding,Fred Blanding,CLE,Naps,5,P,109.0,262.0,2.503554105758667,0.30386197566986084,2.807416081428528
1002462,Ray Collins,Ray Collins,BOS,Red Sox,3,P,81.0,199.3333,2.6018011569976807,0.19870184361934662,2.8005030006170273
1007579,Duffy Lewis,Duffy Lewis,BOS,Red Sox,3,LF,667.0,,,2.7953789234161377,2.7953789234161377
1013085,John Titus,John Titus,- - -,- - -,0,RF,609.0,,,2.7675122022628784,2.7675122022628784
1007965,Sherry Magee,Sherry Magee,PHI,Phillies,26,LF,555.0,,,2.739593744277954,2.739593744277954
1000041,Babe Adams,Babe Adams,PIT,Pirates,27,P,62.0,170.3333,2.3625237941741943,0.35222721099853516,2.7147510051727295
1001797,Bobby Byrne,Bobby Byrne,PIT,Pirates,27,3B,598.0,,,2.6959192752838135,2.6959192752838135
1002236,Eddie Cicotte,Eddie Cicotte,- - -,- - -,0,P,75.0,198.0,2.4336199164390564,0.24499452859163284,2.6786144450306892
1004476,Chick Gandil,Chick Gandil,WAS,Senators,8,1B,492.0,,,2.6171071529388428,2.6171071529388428
1002735,Gavvy Cravath,Gavvy Cravath,PHI,Phillies,26,RF/LF,502.0,,,2.6131999492645264,2.6131999492645264
1002583,Jack Coombs,Jack Coombs,PHA,Athletics,10,P,127.0,262.3333,1.791446328163147,0.7865495681762695,2.5779958963394165
1002967,Bert Daniels,Bert Daniels,NYH,Highlanders,9,RF/LF,584.0,,,2.5680854320526123,2.5680854320526123
1013966,Ed Willett,Ed Willett,DET,Tigers,6,P,122.0,284.3333,2.7061309814453125,-0.14170677959918976,2.5644242018461227
1009397,Red Murray,Red Murray,NYG,Giants,30,RF,603.0,,,2.5434865951538086,2.5434865951538086
1004375,Art Fromme,Art Fromme,CIN,Reds,18,P,109.0,296.0,3.698007345199585,-1.1573948860168457,2.5406124591827393
1013233,Terry Turner,Terry Turner,CLE,Naps,5,3B,419.0,,,2.5230178833007812,2.5230178833007812
1013252,Lefty Tyler,Lefty Tyler,BSN,Braves,16,P,101.0,256.3333,2.7429230213165283,-0.23645152151584625,2.506471499800682
1012382,Jake Stahl,Jake Stahl,BOS,Red Sox,3,1B,380.0,,,2.4113597869873047,2.4113597869873047
1014428,Rollie Zeider,Rollie Zeider,CHW,White Sox,4,1B/3B,497.0,,,2.3509724140167236,2.3509724140167236
1010487,Jack Powell,Jack Powell,SLB,Browns,2,P,89.0,235.3333,2.239577293395996,0.10949312150478363,2.3490704149007797
1000686,George Baumgardner,George Baumgardner,SLB,Browns,2,P,90.0,218.3333,2.2246463298797607,0.11468276381492615,2.339329093694687
1009684,Buck O'Brien,Buck O'Brien,BOS,Red Sox,3,P,104.0,275.6666,2.6589133739471436,-0.3761751055717468,2.2827382683753967
1009149,Herbie Moran,Herbie Moran,BRO,Dodgers,22,RF/CF,591.0,,,2.2723429203033447,2.2723429203033447
1011706,Tom Seaton,Tom Seaton,PHI,Phillies,26,P,88.0,255.0,2.3399839401245117,-0.07401353120803833,2.2659704089164734
1007428,Tommy Leach,Tommy Leach,- - -,- - -,0,CF,439.0,,,2.2352489233016968,2.2352489233016968
1005239,Charley Hall,Charley Hall,BOS,Red Sox,3,P,84.0,191.0,1.41585373878479,0.7362391352653503,2.1520928740501404
1003283,Walt Dickson,Walt Dickson,BSN,Braves,16,P,69.0,189.0,2.3513827323913574,-0.20089921355247498,2.1504835188388824
1012936,Jeff Tesreau,Jeff Tesreau,NYG,Giants,30,P,88.0,243.0,2.4707581996917725,-0.32567453384399414,2.1450836658477783
1012234,Fred Snodgrass,Fred Snodgrass,NYG,Giants,30,CF/LF,634.0,,,2.1362321376800537,2.1362321376800537
1009898,Marty O'Toole,Marty O'Toole,PIT,Pirates,27,P,103.0,275.3333,2.0572078227996826,0.06367938965559006,2.1208872124552727
1009011,Willie Mitchell,Willie Mitchell,CLE,Naps,5,P,58.0,163.6666,2.433255434036255,-0.36228299140930176,2.070972442626953
1011008,Eppa Rixey,Eppa Rixey,PHI,Phillies,26,P,57.0,162.0,2.266880989074707,-0.21416868269443512,2.052712306380272
1001112,Ping Bodie,Ping Bodie,CHW,White Sox,4,RF/CF,537.0,,,2.0350279808044434,2.0350279808044434
1011631,Frank Schulte,Frank Schulte,CHC,Cubs,17,RF,632.0,,,2.032442569732666,2.032442569732666
1003519,Jean Dubuc,Jean Dubuc,DET,Tigers,6,P,113.0,250.0,1.8826390504837036,0.1309426724910736,2.013581722974777
1008342,George McBride,George McBride,WAS,Senators,8,SS,585.0,,,1.9563674926757812,1.9563674926757812
1007340,Frank LaPorte,Frank LaPorte,- - -,- - -,0,2B/RF,451.0,,,1.9488736987113953,1.9488736987113953
1000740,Beals Becker,Beals Becker,NYG,Giants,30,CF,469.0,,,1.9085060358047485,1.9085060358047485
1012454,Bill Steen,Bill Steen,CLE,Naps,5,P,52.0,143.3333,1.5724172592163086,0.32928743958473206,1.9017046988010406
1005871,Richard Hoblitzell,Dick Hoblitzel,CIN,Reds,18,1B,634.0,,,1.8387682437896729,1.8387682437896729
1014116,Hooks Wiltse,Hooks Wiltse,NYG,Giants,30,P,49.0,134.0,1.4284173250198364,0.39767956733703613,1.8260968923568726
1002752,Birdie Cree,Birdie Cree,NYH,Highlanders,9,LF,216.0,,,1.79287588596344,1.79287588596344
1007390,Jimmy Lavender,Jimmy Lavender,CHC,Cubs,17,P,95.0,251.6666,2.158989429473877,-0.3753911852836609,1.783598244190216
1000662,Johnny Bates,Johnny Bates,CIN,Reds,18,CF,297.0,,,1.7493009567260742,1.7493009567260742
1001499,Buster Brown,Buster Brown,BSN,Braves,16,P,64.0,168.3333,1.6692942380905151,0.06647513806819916,1.7357693761587143
1005371,Bob Harmon,Bob Harmon,STL,Cardinals,28,P,103.0,268.0,1.6896964311599731,0.041212908923625946,1.730909340083599
1002730,Doc Crandall,Doc Crandall,NYG,Giants,30,P,89.0,162.0,1.2645667791366577,0.43563562631607056,1.7002024054527283
1005055,Art Griggs,Art Griggs,CLE,Naps,5,1B,314.0,,,1.699988603591919,1.699988603591919
1012449,Bill Steele,Bill Steele,STL,Cardinals,28,P,71.0,194.0,1.5493526458740234,0.12913013994693756,1.678482785820961
1008885,Dots Miller,Dots Miller,PIT,Pirates,27,1B,628.0,,,1.672541856765747,1.672541856765747
1008131,Armando Marsans,Armando Marsans,CIN,Reds,18,CF,448.0,,,1.6482398509979248,1.6482398509979248
1010923,Elwood Richie,Lew Richie,CHC,Cubs,17,P,87.0,238.0,2.0721898078918457,-0.4336422085762024,1.6385475993156433
1007684,Hans Lobert,Hans Lobert,PHI,Phillies,26,3B,286.0,,,1.6230005025863647,1.6230005025863647
1006180,John Hummel,John Hummel,BRO,Dodgers,22,2B/RF,470.0,,,1.617601752281189,1.617601752281189
1007341,Jack Lapp,Jack Lapp,PHA,Athletics,10,C,303.0,,,1.6112068891525269,1.6112068891525269
1003870,Steve Evans,Steve Evans,STL,Cardinals,28,RF,559.0,,,1.5874584913253784,1.5874584913253784
1007761,Harry Lord,Harry Lord,CHW,White Sox,4,3B,656.0,,,1.5845770835876465,1.5845770835876465
1007766,William Louden,Baldy Louden,DET,Tigers,6,2B,489.0,,,1.5603530406951904,1.5603530406951904
1011780,Tillie Shafer,Tillie Shafer,NYG,Giants,30,3B/SS,203.0,,,1.5073949098587036,1.5073949098587036
1007318,Frank Lange,Frank Lange,CHW,White Sox,4,P,73.0,165.3333,1.1689882278442383,0.29008787870407104,1.4590761065483093
1003380,Mike Donlin,Mike Donlin,PIT,Pirates,27,RF,275.0,,,1.4574528932571411,1.4574528932571411
1009103,Earl Moore,Earl Moore,PHI,Phillies,26,P,61.0,182.3333,1.9837703704833984,-0.5301681756973267,1.4536021947860718
1006163,Tom Hughes,Tom Hughes,WAS,Senators,8,P,76.0,196.0,1.3006089925765991,0.15281713008880615,1.4534261226654053
1008364,Alex McCarthy,Alex McCarthy,PIT,Pirates,27,2B,450.0,,,1.4429630041122437,1.4429630041122437
1000290,Jimmy Archer,Jimmy Archer,CHC,Cubs,17,C,426.0,,,1.4412362575531006,1.4412362575531006
1003382,Ed Donnelly,Ed Donnelly,BSN,Braves,16,P,76.0,184.3333,1.1232458353042603,0.31029707193374634,1.4335429072380066
1014001,Gus Williams,Gus Williams,SLB,Browns,2,RF,246.0,,,1.423101782798767,1.423101782798767
1001547,Mordecai Brown,Mordecai Brown,CHC,Cubs,17,P,34.0,88.6666,1.179064393043518,0.20695558190345764,1.3860199749469757
1006182,Bert Humphries,Bert Humphries,CIN,Reds,18,P,59.0,158.6666,1.6041427850723267,-0.21919281780719757,1.384949967265129
1005501,Arnold Hauser,Arnold Hauser,STL,Cardinals,28,SS,542.0,,,1.3804314136505127,1.3804314136505127
1008457,Ed McDonald,Ed McDonald,BSN,Braves,16,3B,540.0,,,1.3720966577529907,1.3720966577529907
1010650,Pat Ragan,Pat Ragan,BRO,Dodgers,22,P,73.0,208.0,2.2094881534576416,-0.8396697640419006,1.369818389415741
1009764,Rube Oldring,Rube Oldring,PHA,Athletics,10,CF,426.0,,,1.3296018838882446,1.3296018838882446
1002313,Tommy Clarke,Tommy Clarke,CIN,Reds,18,C,180.0,,,1.3288992643356323,1.3288992643356323
1007813,Fred Luderus,Fred Luderus,PHI,Phillies,26,1B,628.0,,,1.3254363536834717,1.3254363536834717
1000860,Joe Benz,Joe Benz,CHW,White Sox,4,P,85.0,238.6666,1.8212263584136963,-0.5164002776145935,1.3048260807991028
1003254,Josh Devore,Josh Devore,NYG,Giants,30,LF,390.0,,,1.2882616519927979,1.2882616519927979
1011372,Vic Saier,Vic Saier,CHC,Cubs,17,1B,500.0,,,1.283307671546936,1.283307671546936
1002913,George Cutshaw,George Cutshaw,BRO,Dodgers,22,2B,405.0,,,1.2785835266113281,1.2785835266113281
1013864,Doc White,Doc White,CHW,White Sox,4,P,65.0,172.0,1.355918288230896,-0.09071958810091019,1.2651987001299858
1010605,Jack Quinn,Jack Quinn,NYH,Highlanders,9,P,44.0,102.6666,1.2364861965179443,0.016376357525587082,1.2528625540435314
1013542,Bobby Wallace,Bobby Wallace,SLB,Browns,2,SS,372.0,,,1.2458525896072388,1.2458525896072388
1003402,Michael Doolin,Mickey Doolan,PHI,Phillies,26,SS,589.0,,,1.2282483577728271,1.2282483577728271
1007510,Jack Lelivelt,Jack Lelivelt,NYH,Highlanders,9,CF,154.0,,,1.2027031183242798,1.2027031183242798
1014033,Alva Williams,Rip Williams,WAS,Senators,8,C,168.0,,,1.178053617477417,1.178053617477417
1003248,Art Devlin,Art Devlin,BSN,Braves,16,1B,498.0,,,1.171347975730896,1.171347975730896
1006665,George Kahler,George Kahler,CLE,Naps,5,P,86.0,246.3333,1.6633199453353882,-0.4967568814754486,1.1665630638599396
1011334,Buddy Ryan,Buddy Ryan,CLE,Naps,5,RF/LF,376.0,,,1.1534759998321533,1.1534759998321533
1001396,Roger Bresnahan,Roger Bresnahan,STL,Cardinals,28,C,124.0,,,1.1450260877609253,1.1450260877609253
1007008,Johnny Kling,Johnny Kling,BSN,Braves,16,C,274.0,,,1.1430681943893433,1.1430681943893433
1006002,Harry Hooper,Harry Hooper,BOS,Red Sox,3,RF,684.0,,,1.1372230052947998,1.1372230052947998
1013737,Carl Weilman,Carl Weilman,SLB,Browns,2,P,21.0,48.3333,1.1712254285812378,-0.03803581744432449,1.1331896111369133
1005468,Roy Hartzell,Roy Hartzell,NYH,Highlanders,9,3B/RF,495.0,,,1.1002659797668457,1.1002659797668457
1000140,Frank Allen,Frank Allen,BRO,Dodgers,22,P,41.0,109.0,0.93306565284729,0.15835058689117432,1.0914162397384644
1013384,Hippo Vaughn,Hippo Vaughn,- - -,- - -,0,P,52.0,144.0,1.310123085975647,-0.21952469274401665,1.0905983932316303
1007024,Otto Knabe,Otto Knabe,PHI,Phillies,26,2B,494.0,,,1.0786210298538208,1.0786210298538208
1014133,Ivey Wingo,Ivey Wingo,STL,Cardinals,28,C,337.0,,,1.0611047744750977,1.0611047744750977
1009271,Mike Mowrey,Mike Mowrey,STL,Cardinals,28,3B,477.0,,,1.0574685335159302,1.0574685335159302
1005917,Solly Hofman,Solly Hofman,- - -,- - -,0,CF,210.0,,,1.053175687789917,1.053175687789917
1001991,Bill Carrigan,Bill Carrigan,BOS,Red Sox,3,C,314.0,,,1.049651861190796,1.049651861190796
1008918,Otto Miller,Otto Miller,BRO,Dodgers,22,C,345.0,,,1.0325193405151367,1.0325193405151367
1001209,Babe Borton,Babe Borton,CHW,White Sox,4,1B,118.0,,,1.0227738618850708,1.0227738618850708
1012110,Charlie Smith,Charlie Smith,CHC,Cubs,17,P,38.0,94.0,0.9017664194107056,0.07820218056440353,0.9799685999751091
1009639,Hub Northen,Hub Northen,BRO,Dodgers,22,RF/CF,466.0,,,0.9524848461151123,0.9524848461151123
1007964,Lee Magee,Lee Magee,STL,Cardinals,28,LF,523.0,,,0.9419136047363281,0.9419136047363281
1008265,Wally Mattick,Wally Mattick,CHW,White Sox,4,CF,334.0,,,0.9169169068336487,0.9169169068336487
1001813,Forrest Cady,Hick Cady,BOS,Red Sox,3,C,155.0,,,0.8953958749771118,0.8953958749771118
1014258,Ralph Works,Ralph Works,- - -,- - -,0,P,65.0,166.6666,1.2750799804925919,-0.3834327459335327,0.8916472345590591
1003643,Ted Easterly,Ted Easterly,- - -,- - -,0,C,257.0,,,0.8788205683231354,0.8788205683231354
1003157,Jim Delahanty,Jim Delahanty,DET,Tigers,6,2B/LF,323.0,,,0.8665795922279358,0.8665795922279358
1014059,Art Wilson,Art Wilson,NYG,Giants,30,C,140.0,,,0.833672821521759,0.833672821521759
1010276,Ed Phelps,Ed Phelps,BRO,Dodgers,22,C,133.0,,,0.8316944241523743,0.8316944241523743
1007494,Lefty Leifield,Lefty Leifield,- - -,- - -,0,P,39.0,94.3332,0.9417752623558044,-0.12005552276968956,0.8217197395861149
1002151,Ray Chapman,Ray Chapman,CLE,Naps,5,SS,132.0,,,0.8199104070663452,0.8199104070663452
1008939,Ward Miller,Ward Miller,CHC,Cubs,17,CF,276.0,,,0.8112242817878723,0.8112242817878723
1009352,Danny Murphy,Danny Murphy,PHA,Athletics,10,RF,151.0,,,0.7850999236106873,0.7850999236106873
1009944,Del Paddock,Del Paddock,- - -,- - -,0,3B,186.0,,,0.7827069517225027,0.7827069517225027
1007966,Harl Maggert,Harl Maggert,PHA,Athletics,10,CF/LF,284.0,,,0.7751920223236084,0.7751920223236084
1004943,Jack Graney,Jack Graney,CLE,Naps,5,LF,321.0,,,0.7441307902336121,0.7441307902336121
1009010,Roy Mitchell,Roy Mitchell,SLB,Browns,2,P,26.0,62.0,0.2962968647480011,0.4103009104728699,0.706597775220871
1004095,Ray Fisher,Ray Fisher,NYH,Highlanders,9,P,34.0,90.3333,1.1409507989883423,-0.44674229621887207,0.6942085027694702
1010850,Ed Reulbach,Ed Reulbach,CHC,Cubs,17,P,60.0,169.0,1.0235053300857544,-0.3571925759315491,0.6663127541542053
1004650,Rube Geyer,Rube Geyer,STL,Cardinals,28,P,57.0,181.0,0.6829200983047485,-0.020330768078565598,0.6625893302261829
1000640,Jim Baskette,Jim Baskette,CLE,Naps,5,P,48.0,116.0,0.6851183772087097,-0.027072856202721596,0.6580455210059881
1000372,Jimmy Austin,Jimmy Austin,SLB,Browns,2,3B,604.0,,,0.6568353772163391,0.6568353772163391
1003454,Red Downs,Red Downs,- - -,- - -,0,2B,140.0,,,0.6549774259328842,0.6549774259328842
1006735,Ray Keating,Ray Keating,NYH,Highlanders,9,P,17.0,35.6666,0.43990254402160645,0.20567306876182556,0.645575612783432
1012214,Wally Smith,Wally Smith,STL,Cardinals,28,3B/SS,257.0,,,0.6452847719192505,0.6452847719192505
1006544,Davy Jones,Davy Jones,DET,Tigers,6,LF,366.0,,,0.6367855072021484,0.6367855072021484
1009672,Rebel Oakes,Rebel Oakes,STL,Cardinals,28,CF,545.0,,,0.6340938210487366,0.6340938210487366
1014346,Earl Yingling,Earl Yingling,BRO,Dodgers,22,P,70.0,163.0,0.3244226276874542,0.30373069643974304,0.6281533241271973
1013511,Dixie Walker,Dixie Walker,WAS,Senators,8,P,22.0,60.0,0.5049156546592712,0.12154863029718399,0.6264642849564552
1002490,Pete Compton,Pete Compton,SLB,Browns,2,RF/LF,298.0,,,0.6165522336959839,0.6165522336959839
1009361,Eddie Murphy,Eddie Murphy,PHA,Athletics,10,RF,155.0,,,0.6144765019416809,0.6144765019416809
1009007,Mike Mitchell,Mike Mitchell,CIN,Reds,18,RF,612.0,,,0.6073755025863647,0.6073755025863647
1009029,George Mogridge,George Mogridge,CHW,White Sox,4,P,19.0,64.6666,0.61188805103302,-0.014727350324392319,0.5971607007086277
1006793,Billy Kelly,Billy Kelly,PIT,Pirates,27,C,141.0,,,0.5948935151100159,0.5948935151100159
1007044,Pete Knisely,Pete Knisely,CIN,Reds,18,CF,73.0,,,0.5935073494911194,0.5935073494911194
1002602,Wilbur Cooper,Wilbur Cooper,PIT,Pirates,27,P,16.0,38.0,0.6457749605178833,-0.06183474138379097,0.5839402191340923
1008768,Ed Mensor,Ed Mensor,PIT,Pirates,27,RF/CF,122.0,,,0.5790578722953796,0.5790578722953796
1001769,Art Butler,Art Butler,PIT,Pirates,27,2B,173.0,,,0.5745460987091064,0.5745460987091064
1001701,Bill Burns,Bill Burns,DET,Tigers,6,P,16.0,38.6666,0.382021427154541,0.15955109894275665,0.5415725260972977
1004904,Hank Gowdy,Hank Gowdy,BSN,Braves,16,C,115.0,,,0.5363795161247253,0.5363795161247253
1013573,Jimmy Walsh,Jimmy Walsh,PHA,Athletics,10,LF,121.0,,,0.5273975729942322,0.5273975729942322
1008571,Harry McIntire,Harry McIntire,CHC,Cubs,17,P,12.0,23.6666,0.3772851824760437,0.1399228274822235,0.5172080099582672
1001077,Bruno Block,Bruno Block,CHW,White Sox,4,C,149.0,,,0.5130984783172607,0.5130984783172607
1001076,Jack Bliss,Jack Bliss,STL,Cardinals,28,C,141.0,,,0.5109182596206665,0.5109182596206665
1006052,Ben Houser,Ben Houser,BSN,Braves,16,1B,360.0,,,0.5007592439651489,0.5007592439651489
1014200,Harry Wolter,Harry Wolter,NYH,Highlanders,9,RF/CF,43.0,,,0.48118913173675537,0.48118913173675537
1013388,Bobby Veach,Bobby Veach,DET,Tigers,6,LF,88.0,,,0.4757745563983917,0.4757745563983917
1000169,Mack Allison,Mack Allison,SLB,Browns,2,P,55.0,169.0,0.7960088849067688,-0.3231823146343231,0.4728265702724457
1014009,Joe Willis,Joe Willis,STL,Cardinals,28,P,40.0,129.6666,0.6662400364875793,-0.19746334850788116,0.4687766879796982
1012481,Casey Stengel,Casey Stengel,BRO,Dodgers,22,CF,74.0,,,0.4611484706401825,0.4611484706401825
1003752,Rube Ellis,Rube Ellis,STL,Cardinals,28,LF,352.0,,,0.4530799686908722,0.4530799686908722
1001695,Sandy Burk,Sandy Burk,- - -,- - -,0,P,15.0,52.999900000000004,0.6070486947428435,-0.1647738479077816,0.4422748468350619
1010206,Pol Perritt,Pol Perritt,STL,Cardinals,28,P,9.0,31.0,0.45450758934020996,-0.021702202036976814,0.43280538730323315
1010238,Rube Peters,Rube Peters,CHW,White Sox,4,P,34.0,108.6666,0.4428340494632721,-0.027895601466298103,0.414938447996974
1012394,Oscar Stanage,Oscar Stanage,DET,Tigers,6,C,440.0,,,0.4144541621208191,0.4144541621208191
1001515,Elmer Brown,Elmer Brown,SLB,Browns,2,P,39.0,120.3333,0.47232311964035034,-0.0627075582742691,0.40961556136608124
1010136,Barney Pelty,Barney Pelty,- - -,- - -,0,P,22.0,82.3332,0.5876321494579315,-0.18026136234402657,0.40737078711390495
1005663,Olaf Henriksen,Olaf Henriksen,BOS,Red Sox,3,RF,72.0,,,0.40298694372177124,0.40298694372177124
1006739,Bobby Keefe,Bobby Keefe,CIN,Reds,18,P,21.0,68.6666,0.48924434185028076,-0.08753275126218796,0.4017115905880928
1003187,Al Demaree,Al Demaree,NYG,Giants,30,P,5.0,16.0,0.4855497479438782,-0.08876195549964905,0.3967877924442291
1007183,Marty Krug,Marty Krug,BOS,Red Sox,3,2B/SS,47.0,,,0.396420955657959,0.396420955657959
1006446,Doc Johnston,Doc Johnston,CLE,Naps,5,1B,182.0,,,0.3928949236869812,0.3928949236869812
1004560,Harry Gaspar,Harry Gaspar,CIN,Reds,18,P,12.0,36.6666,0.3838987946510315,-0.007701358757913113,0.3761974358931184
1013028,Tommy Thompson,Tommy Thompson,NYH,Highlanders,9,P,13.0,32.6666,0.25927823781967163,0.11552345752716064,0.3748016953468323
1010272,Art Phelan,Art Phelan,CIN,Reds,18,3B,526.0,,,0.37362369894981384,0.37362369894981384
1003780,Clyde Engle,Clyde Engle,BOS,Red Sox,3,1B/2B,207.0,,,0.36535903811454773,0.36535903811454773
1004057,Joseph Finneran,Happy Finneran,PHI,Phillies,26,P,10.0,46.3333,0.31933245062828064,0.016403693705797195,0.33573614433407784
1012776,Ed Sweeney,Ed Sweeney,NYH,Highlanders,9,C,388.0,,,0.33506786823272705,0.33506786823272705
1004621,Lefty George,Lefty George,CLE,Naps,5,P,16.0,44.3333,0.22725912928581238,0.1028258204460144,0.3300849497318268
1001423,Bunny Brief,Bunny Brief,SLB,Browns,2,1B/LF,53.0,,,0.3190139830112457,0.3190139830112457
1002686,Tex Covington,Tex Covington,DET,Tigers,6,P,18.0,63.3333,0.29401612281799316,0.02189272828400135,0.3159088511019945
1011991,Mike Simon,Mike Simon,PIT,Pirates,27,C,118.0,,,0.3147059381008148,0.3147059381008148
1009190,George Moriarty,George Moriarty,DET,Tigers,6,1B/3B,432.0,,,0.3142997920513153,0.3142997920513153
1009984,Larry Pape,Larry Pape,BOS,Red Sox,3,P,19.0,48.6666,0.21398557722568512,0.0995270162820816,0.3135125935077667
1013572,Jimmy Walsh,Jimmy Walsh,PHI,Phillies,26,2B/3B,165.0,,,0.3118823170661926,0.3118823170661926
1007525,Ed Lennox,Ed Lennox,CHC,Cubs,17,3B,101.0,,,0.309609055519104,0.309609055519104
1003698,Dick Egan,Dick Egan,CIN,Reds,18,2B,594.0,,,0.3056245446205139,0.3056245446205139
1005898,Red Hoff,Chet Hoff,NYH,Highlanders,9,P,5.0,15.6666,0.3185272216796875,-0.018506929278373718,0.3000202924013138
1009657,Les Nunamaker,Les Nunamaker,BOS,Red Sox,3,C,115.0,,,0.28640174865722656,0.28640174865722656
1008421,Harry McCormick,Moose McCormick,NYG,Giants,30,RF,45.0,,,0.2850320637226105,0.2850320637226105
1005078,Heinie Groh,Heinie Groh,NYG,Giants,30,2B/SS,56.0,,,0.2699292302131653,0.2699292302131653
1003100,Charlie Deal,Charlie Deal,DET,Tigers,6,3B,158.0,,,0.268964946269989,0.268964946269989
1005072,Dan Griner,Dan Griner,STL,Cardinals,28,P,16.0,54.0,0.29887619614601135,-0.034418292343616486,0.26445790380239487
1002682,Stan Coveleski,Stan Coveleski,PHA,Athletics,10,P,8.0,21.0,0.271541029214859,-0.009341524913907051,0.26219950430095196
1012373,Eddie Stack,Eddie Stack,BRO,Dodgers,22,P,56.0,142.0,0.6039652228355408,-0.34810733795166016,0.2558578848838806
1011684,Jim Scott,Jim Scott,CHW,White Sox,4,P,12.0,37.6666,0.4515582025051117,-0.19989272952079773,0.25166547298431396
1001893,Vin Campbell,Vin Campbell,BSN,Braves,16,CF,681.0,,,0.24471919238567352,0.24471919238567352
1012719,Ed Summers,Ed Summers,DET,Tigers,6,P,6.0,16.6666,0.13841481506824493,0.10500054061412811,0.24341535568237305
1003449,Tom Downey,Tom Downey,- - -,- - -,0,3B,231.0,,,0.24122610688209534,0.24122610688209534
1001114,George Boehler,George Boehler,DET,Tigers,6,P,11.0,32.0,0.3063051104545593,-0.06741894781589508,0.23888616263866425
1002083,Ted Cather,Ted Cather,STL,Cardinals,28,CF,19.0,,,0.2194337248802185,0.2194337248802185
1014451,Guy Zinn,Guy Zinn,NYH,Highlanders,9,RF/CF,462.0,,,0.21732009947299957,0.21732009947299957
1004432,Del Gainer,Del Gainer,DET,Tigers,6,1B,209.0,,,0.21286886930465698,0.21286886930465698
1011517,Ray Schalk,Ray Schalk,CHW,White Sox,4,C,73.0,,,0.20991000533103943,0.20991000533103943
1007759,Bris Lord,Bris Lord,PHA,Athletics,10,RF,429.0,,,0.20737868547439575,0.20737868547439575
1001951,Fred Carisch,Fred Carisch,CLE,Naps,5,C,72.0,,,0.196954146027565,0.196954146027565
1006274,William Irwin,Ed Irvin,DET,Tigers,6,3B,3.0,,,0.19609495997428894,0.19609495997428894
1012358,Harry Spratt,Harry Spratt,BSN,Braves,16,SS,96.0,,,0.18847151100635529,0.18847151100635529
1004361,John Frill,John Frill,- - -,- - -,0,P,6.0,19.3333,0.14673572033643723,0.03334497823379934,0.18008069857023656
1004899,Ted Goulait,Ted Goulait,NYG,Giants,30,P,3.0,7.0,0.12060537934303284,0.052763063460588455,0.1733684428036213
1001754,Bullet Joe Bush,Joe Bush,PHA,Athletics,10,P,4.0,8.0,0.03804616630077362,0.13341829180717468,0.1714644581079483
1002419,Curt Coleman,Curt Coleman,NYH,Highlanders,9,3B,44.0,,,0.16827155649662018,0.16827155649662018
1012495,Jim Stephens,Jim Stephens,SLB,Browns,2,C,219.0,,,0.16194069385528564,0.16194069385528564
1007164,Paul Krichell,Paul Krichell,SLB,Browns,2,C,184.0,,,0.15723909437656403,0.15723909437656403
1012981,Ira Thomas,Ira Thomas,PHA,Athletics,10,C,154.0,,,0.15262074768543243,0.15262074768543243
1003011,Hooks Dauss,Hooks Dauss,DET,Tigers,6,P,6.0,17.0,0.0395195446908474,0.10923248529434204,0.14875202998518944
1009153,Roy Moran,Roy Moran,WAS,Senators,8,LF,22.0,,,0.14838305115699768,0.14838305115699768
1004668,George Gibson,George Gibson,PIT,Pirates,27,C,331.0,,,0.1461777240037918,0.1461777240037918
1008695,Bill McTigue,Bill McTigue,BSN,Braves,16,P,14.0,34.6666,0.2848905324935913,-0.1387917548418045,0.1460987776517868
1006453,Ernie Johnson,Ernie Johnson,CHW,White Sox,4,SS,44.0,,,0.14537571370601654,0.14537571370601654
1002659,Dick Cotter,Dick Cotter,CHC,Cubs,17,C,61.0,,,0.14350025355815887,0.14350025355815887
1007228,Andy Kyle,Andy Kyle,CIN,Reds,18,CF/LF,26.0,,,0.14271239936351776,0.14271239936351776
1005645,Tim Hendryx,Tim Hendryx,CLE,Naps,5,CF,86.0,,,0.1399231255054474,0.1399231255054474
1002163,Hal Chase,Hal Chase,NYH,Highlanders,9,1B,566.0,,,0.13875368237495422,0.13875368237495422
1001708,George Burns,George Burns,NYG,Giants,30,LF,60.0,,,0.13553059101104736,0.13553059101104736
1011015,Roxey Roach,Roxey Roach,WAS,Senators,8,SS,2.0,,,0.13539260625839233,0.13539260625839233
1009939,Gene Packard,Gene Packard,CIN,Reds,18,P,4.0,9.0,0.07700575143098831,0.0578940212726593,0.1348997727036476
1005023,Frank Gregory,Frank Gregory,CIN,Reds,18,P,6.0,15.6666,0.11766108125448227,0.015333712100982666,0.13299479335546494
1006297,George Jackson,George Jackson,BSN,Braves,16,LF,456.0,,,0.13205978274345398,0.13205978274345398
1009182,Ray Morgan,Ray Morgan,WAS,Senators,8,2B,313.0,,,0.12495286762714386,0.12495286762714386
1002877,Bill Cunningham,Bill Cunningham,WAS,Senators,8,2B,31.0,,,0.12267617881298065,0.12267617881298065
1009446,Buddy Napier,Buddy Napier,SLB,Browns,2,P,7.0,25.3333,0.23960955440998077,-0.11852393299341202,0.12108562141656876
1009565,Ovid Nicholson,Ovid Nicholson,PIT,Pirates,27,LF,13.0,,,0.12041165679693222,0.12041165679693222
1008249,Al Mattern,Al Mattern,BSN,Braves,16,P,2.0,6.3333,0.154530331492424,-0.037520039826631546,0.11701029166579247
1005443,Frank Harter,Frank Harter,CIN,Reds,18,P,11.0,29.3333,0.24581214785575867,-0.12916773557662964,0.11664441227912903
1013630,Ed Warner,Ed Warner,PIT,Pirates,27,P,16.0,45.0,0.19648629426956177,-0.0906577855348587,0.10582850873470306
1003221,Claud Derrick,Claud Derrick,PHA,Athletics,10,SS,67.0,,,0.10537609457969666,0.10537609457969666
1013113,Chuck Tompkins,Chuck Tompkins,CIN,Reds,18,P,1.0,3.0,0.048291269689798355,0.05169028416275978,0.09998155385255814
1001290,Jack Boyle,Jack Boyle,PHI,Phillies,26,3B/SS,26.0,,,0.09652681648731232,0.09652681648731232
1012221,Henry Smoyer,Henry Smoyer,SLB,Browns,2,3B/SS,16.0,,,0.0960036963224411,0.0960036963224411
1006048,Byron Houck,Byron Houck,PHA,Athletics,10,P,68.0,180.6666,0.7737242579460144,-0.681948721408844,0.09177553653717041
1007141,Gene Krapp,Gene Krapp,CLE,Naps,5,P,24.0,58.6666,-0.08332712948322296,0.16984549164772034,0.08651836216449738
1013116,Fred Toney,Fred Toney,CHC,Cubs,17,P,5.0,24.0,0.11671703308820724,-0.035144515335559845,0.0815725177526474
1013352,Ben Van Dyke,Ben Van Dyke,BOS,Red Sox,3,P,4.0,14.3333,0.07285724580287933,0.0022332246880978346,0.07509047049097717
1004264,Jack Fournier,Jack Fournier,CHW,White Sox,4,1B,81.0,,,0.07409528642892838,0.07409528642892838
1001494,Carroll Brown,Boardwalk Brown,PHA,Athletics,10,P,84.0,199.0,0.3700147569179535,-0.3000946342945099,0.0699201226234436
1002131,Frank Chance,Frank Chance,CHC,Cubs,17,1B,9.0,,,0.06973914802074432,0.06973914802074432
1008146,Rube Marshall,Rube Marshall,PHI,Phillies,26,P,,3.0,0.06399886310100555,0.0,0.06399886310100555
1012205,Sherry Smith,Sherry Smith,PIT,Pirates,27,P,,4.0,0.06300686299800873,0.0,0.06300686299800873
1005675,John Henry,John Henry,WAS,Senators,8,C,226.0,,,0.06263028085231781,0.06263028085231781
1007143,Harry Krause,Harry Krause,- - -,- - -,0,P,4.0,9.9999,0.05896582268178463,0.0031810621730983257,0.062146884854882956
1002147,Harry Chapman,Harry Chapman,CHC,Cubs,17,C,4.0,,,0.06179659813642502,0.06179659813642502
1012152,Harry Smith,Harry Smith,CHW,White Sox,4,P,2.0,5.0,0.09246611595153809,-0.03331545740365982,0.059150658547878265
1001020,Lena Blackburne,Lena Blackburne,CHW,White Sox,4,SS,2.0,,,0.05893409252166748,0.05893409252166748
1014341,Steve Yerkes,Steve Yerkes,BOS,Red Sox,3,2B,593.0,,,0.05878483131527901,0.05878483131527901
1011836,Dave Shean,Dave Shean,BSN,Braves,16,SS,12.0,,,0.05853104963898659,0.05853104963898659
1003674,Stump Edington,Stump Edington,PIT,Pirates,27,RF,59.0,,,0.05692973732948303,0.05692973732948303
1002944,Jud Daley,Jud Daley,BRO,Dodgers,22,CF/LF,237.0,,,0.05651846528053284,0.05651846528053284
1004933,Peaches Graham,Peaches Graham,PHI,Phillies,26,C,67.0,,,0.05619584396481514,0.05619584396481514
1000173,Rafael Almeida,Rafael Almeida,CIN,Reds,18,3B,65.0,,,0.0539315901696682,0.0539315901696682
1014321,George Yantz,George Yantz,CHC,Cubs,17,C,1.0,,,0.04994546249508858,0.04994546249508858
1012227,Charlie Snell,Charlie Snell,SLB,Browns,2,C,23.0,,,0.04898656904697418,0.04898656904697418
1002725,Bill Cramer,Bill Cramer,CIN,Reds,18,P,1.0,2.3333,0.06615271419286728,-0.018085801973938942,0.04806691221892834
1010826,Alex Remneas,Alex Remneas,DET,Tigers,6,P,1.0,1.6665999999999999,0.010660392232239246,0.03668447956442833,0.047344871796667576
1006777,John Kelleher,John Kelleher,STL,Cardinals,28,3B,12.0,,,0.04521535709500313,0.04521535709500313
1006247,Ham Hyatt,Ham Hyatt,PIT,Pirates,27,RF,105.0,,,0.04286826029419899,0.04286826029419899
1003377,Ed Donalds,Ed Donalds,CIN,Reds,18,P,1.0,4.0,0.05713021382689476,-0.018085801973938942,0.03904441185295582
1000541,Cy Barger,Cy Barger,BRO,Dodgers,22,P,40.0,94.0,0.040546733886003494,-0.0016574769979342818,0.03888925688806921
1001505,Curly Brown,Curly Brown,SLB,Browns,2,P,24.0,64.6666,0.035846319049596786,0.0029737751465290785,0.038820094196125865
1010104,George Pearce,George Pearce,CHC,Cubs,17,P,6.0,14.6666,0.04263797029852867,-0.00417785719037056,0.03846011310815811
1008468,Tex McDonald,Tex McDonald,CIN,Reds,18,SS,157.0,,,0.038418930023908615,0.038418930023908615
1012124,Doug Smith,Doug Smith,BOS,Red Sox,3,P,,3.0,0.037600502371788025,0.0,0.037600502371788025
1005102,Harvey Grubb,Harvey Grubb,CLE,Naps,5,3B,1.0,,,0.0372241772711277,0.0372241772711277
1001011,Earl Blackburn,Earl Blackburn,- - -,- - -,0,C,1.0,,,0.03712637024000287,0.03712637024000287
1001388,Bert Brenner,Bert Brenner,CLE,Naps,5,P,5.0,13.0,0.12397155910730362,-0.08696935325860977,0.03700220584869385
1011027,Dave Robertson,Dave Robertson,NYG,Giants,30,1B/LF,2.0,,,0.03617554157972336,0.03617554157972336
1013547,Huck Wallace,Huck Wallace,PHI,Phillies,26,P,1.0,4.6666,0.00027809469611383975,0.03571147099137306,0.0359895656874869
1011623,Al Schulz,Al Schulz,NYH,Highlanders,9,P,7.0,16.3333,0.05113477259874344,-0.015451351180672646,0.03568342141807079
1007663,Jack Little,Jack Little,NYH,Highlanders,9,CF,14.0,,,0.03423548489809036,0.03423548489809036
1003436,Phil Douglas,Phil Douglas,CHW,White Sox,4,P,3.0,12.3333,0.08375786989927292,-0.04997318238019943,0.033784687519073486
1009174,Cy Morgan,Cy Morgan,PHA,Athletics,10,P,34.0,93.6666,0.37150275707244873,-0.34150204062461853,0.0300007164478302
1008553,Deacon McGuire,Deacon McGuire,DET,Tigers,6,C,2.0,,,0.027898743748664856,0.027898743748664856
1008710,Vincent Maney,Vincent Maney,DET,Tigers,6,SS,4.0,,,0.026923032477498055,0.026923032477498055
1004770,Kid Gleason,Kid Gleason,CHW,White Sox,4,2B,2.0,,,0.026232220232486725,0.026232220232486725
1007682,Mike Loan,Mike Loan,PHI,Phillies,26,C,2.0,,,0.025952722877264023,0.025952722877264023
1013444,Ossie Vitt,Ossie Vitt,DET,Tigers,6,3B/LF,298.0,,,0.025433044880628586,0.025433044880628586
1006970,Enos Kirkpatrick,Enos Kirkpatrick,BRO,Dodgers,22,3B,107.0,,,0.025281567126512527,0.025281567126512527
1011665,Art Schwind,Art Schwind,BSN,Braves,16,3B,2.0,,,0.025154607370495796,0.025154607370495796
1008738,Moxie Meixell,Moxie Meixell,CLE,Naps,5,PH/PR,2.0,,,0.024759937077760696,0.024759937077760696
1010535,Johnny Priest,Johnny Priest,NYH,Highlanders,9,PH/PR,2.0,,,0.02423446998000145,0.02423446998000145
1002943,John Daley,John Daley,SLB,Browns,2,SS,64.0,,,0.023591140285134315,0.023591140285134315
1006528,Bill Jones,Bill Jones,BSN,Braves,16,PH/PR,2.0,,,0.0220276340842247,0.0220276340842247
1002042,Carl Cashion,Carl Cashion,WAS,Senators,8,P/RF,112.0,170.3333,0.09980107843875885,-0.0784989446401596,0.021302133798599243
1005391,Slim Harrell,Slim Harrell,PHA,Athletics,10,P,1.0,3.0,0.035060394555330276,-0.016648754477500916,0.01841164007782936
1012277,Rudy Sommers,Rudy Sommers,CHC,Cubs,17,P,2.0,3.0,-0.0002732487046159804,0.01838565059006214,0.01811240188544616
1012683,Billy Sullivan,Billy Sullivan,CHW,White Sox,4,C,108.0,,,0.015715518966317177,0.015715518966317177
1009765,Charley O'Leary,Charley O'Leary,DET,Tigers,6,2B,10.0,,,0.014530607499182224,0.014530607499182224
1006883,Phil Ketter,Phil Ketter,SLB,Browns,2,C,6.0,,,0.013528935611248016,0.013528935611248016
1001322,Bill Brady,Bill Brady,BSN,Braves,16,P,,1.0,0.010681438259780407,0.0,0.010681438259780407
1009098,Charley Moore,Charley Moore,CHC,Cubs,17,2B/3B/SS,9.0,,,0.009029822424054146,0.009029822424054146
1012324,Hack Spencer,Hack Spencer,SLB,Browns,2,P,,1.6665999999999999,0.0077315750531852245,0.0,0.0077315750531852245
1000094,George Aiton,George Aiton,SLB,Browns,2,CF/LF,21.0,,,0.007408171892166138,0.007408171892166138
1008449,Red McDermott,Red McDermott,DET,Tigers,6,LF,18.0,,,0.006482316646724939,0.006482316646724939
1009484,Jim Neher,Jim Neher,CLE,Naps,5,P,,1.0,0.0064026773907244205,0.0,0.0064026773907244205
1003336,Bill Doak,Bill Doak,CIN,Reds,18,P,,2.0,0.003868472995236516,0.0,0.003868472995236516
1013504,Fred Walden,Fred Walden,SLB,Browns,2,C,,,,0.0031269718892872334,0.0031269718892872334
1012159,Jack Smith,Jack Smith,DET,Tigers,6,3B,,,,0.0031269718892872334,0.0031269718892872334
1013013,Homer Thompson,Homer Thompson,NYH,Highlanders,9,C,,,,0.0031269718892872334,0.0031269718892872334
1011387,Roger Salmon,Roger Salmon,PHA,Athletics,10,P,2.0,5.0,0.03521326556801796,-0.03329750895500183,0.0019157566130161285
1002665,Ensign Cottrell,Ensign Cottrell,CHC,Cubs,17,P,1.0,4.0,0.018457146361470222,-0.01784338988363743,0.0006137564778327942
1006074,Dave Howard,Dave Howard,WAS,Senators,8,PH/PR,,,,0.0,0.0
1008515,Pat McGehee,Pat McGehee,DET,Tigers,6,P,,0.0,0.0,0.0,0.0
1006766,Mickey Keliher,Mickey Keliher,PIT,Pirates,27,PH/PR,,,,0.0,0.0
1001931,Ralph Capron,Ralph Capron,PIT,Pirates,27,PH/PR,,,,0.0,0.0
1005572,Mike Hechinger,Mike Hechinger,CHC,Cubs,17,C,5.0,,,-0.00038916527410037816,-0.00038916527410037816
1008846,Ezra Midkiff,Ezra Midkiff,NYH,Highlanders,9,3B,97.0,,,-0.001262559904716909,-0.001262559904716909
1008503,Dan McGarvey,Dan McGarvey,DET,Tigers,6,PH/PR,5.0,,,-0.0018330684397369623,-0.0018330684397369623
1008171,Jack Martin,Jack Martin,NYH,Highlanders,9,SS,281.0,,,-0.0029350253753364086,-0.0029350253753364086
1000607,Cuke Barrows,Cuke Barrows,CHW,White Sox,4,RF,18.0,,,-0.0029614900704473257,-0.0029614900704473257
1003880,Bob Ewing,Bob Ewing,STL,Cardinals,28,P,,1.3333,-0.00941620022058487,0.0,-0.00941620022058487
1000742,Charlie Becker,Charlie Becker,WAS,Senators,8,P,2.0,9.0,-0.04515853524208069,0.03563567250967026,-0.009522862732410431
1000065,Willie Adams,Willie Adams,SLB,Browns,2,P,13.0,46.3333,0.20594105124473572,-0.22011590003967285,-0.014174848794937134
1004841,Mike Gonzalez,Mike Gonzalez,BSN,Braves,16,C,3.0,,,-0.014423267915844917,-0.014423267915844917
1001519,George Browne,George Browne,PHI,Phillies,26,PH/PR,6.0,,,-0.01700248010456562,-0.01700248010456562
1005038,Clark Griffith,Clark Griffith,WAS,Senators,8,P/2B,1.0,0.0,0.0,-0.017070207744836807,-0.017070207744836807
1008297,Erskine Mayer,Erskine Mayer,PHI,Phillies,26,P,3.0,21.3333,0.03754930943250656,-0.055082887411117554,-0.017533577978610992
1010481,Bill Powell,Bill Powell,CHC,Cubs,17,P,,2.0,-0.018535863608121872,0.0,-0.018535863608121872
1007170,Rube Kroh,Rube Kroh,BSN,Braves,16,P,2.0,6.3333,-0.0513027049601078,0.03225604444742203,-0.019046660512685776
1011337,Jack Ryan,Jack Ryan,WAS,Senators,8,3B,1.0,,,-0.019057439640164375,-0.019057439640164375
1007983,Billy Maharg,Billy Maharg,DET,Tigers,6,3B,1.0,,,-0.019375184550881386,-0.019375184550881386
1003512,Louis Drucke,Louis Drucke,NYG,Giants,30,P,,2.0,-0.019461434334516525,0.0,-0.019461434334516525
1001706,Ed Burns,Ed Burns,STL,Cardinals,28,C,1.0,,,-0.01990438625216484,-0.01990438625216484
1009371,Mike Murphy,Mike Murphy,STL,Cardinals,28,C,1.0,,,-0.01990438625216484,-0.01990438625216484
1002416,King Cole,King Cole,- - -,- - -,0,P,22.0,68.0,-0.007851213216781616,-0.012373752892017365,-0.02022496610879898
1003765,Chester Emerson,Chester Emerson,PHA,Athletics,10,PH/PR,1.0,,,-0.02176295965909958,-0.02176295965909958
1014191,Polly Wolfe,Polly Wolfe,CHW,White Sox,4,PH/PR,1.0,,,-0.021771932020783424,-0.021771932020783424
1007740,Tom Long,Tom Long,WAS,Senators,8,PH/PR,1.0,,,-0.02218441106379032,-0.02218441106379032
1003213,Eddie Dent,Eddie Dent,BRO,Dodgers,22,P,1.0,1.0,-0.0047728256322443485,-0.017641915008425713,-0.02241474064067006
1006396,Hughie Jennings,Hughie Jennings,DET,Tigers,6,PH/PR,1.0,,,-0.022502155974507332,-0.022502155974507332
1007676,Paddy Livingston,Paddy Livingston,CLE,Naps,5,C,54.0,,,-0.022858235985040665,-0.022858235985040665
1000996,Rivington Bisland,Rivington Bisland,PIT,Pirates,27,PH/PR,1.0,,,-0.022881852462887764,-0.022881852462887764
1002290,Jim Clark,Jim Clark,STL,Cardinals,28,PH/PR,1.0,,,-0.023031357675790787,-0.023031357675790787
1012672,Joe Sugden,Joe Sugden,DET,Tigers,6,1B,4.0,,,-0.023359514772892,-0.023359514772892
1000082,Joe Agler,Joe Agler,WAS,Senators,8,1B,1.0,,,-0.025311382487416267,-0.025311382487416267
1005196,Casey Hageman,Casey Hageman,BOS,Red Sox,3,P,1.0,1.3333,-0.06267665326595306,0.037186719477176666,-0.025489933788776398
1006853,Maury Kent,Maury Kent,BRO,Dodgers,22,P,38.0,93.0,-0.10891237109899521,0.08313965797424316,-0.025772713124752045
1010548,Bill Prough,Bill Prough,CIN,Reds,18,P,1.0,3.0,-0.008013668470084667,-0.018085801973938942,-0.02609947044402361
1008775,John Mercer,John Mercer,STL,Cardinals,28,1B,1.0,,,-0.026158329099416733,-0.026158329099416733
1013529,Mysterious Walker,Mysterious Walker,CLE,Naps,5,P,,1.0,-0.02669190987944603,0.0,-0.02669190987944603
1000897,Dennis Berran,Dennis Berran,CHW,White Sox,4,LF,4.0,,,-0.02731795236468315,-0.02731795236468315
1005728,Herb Herring,Herb Herring,WAS,Senators,8,P,,1.0,-0.028720157220959663,0.0,-0.028720157220959663
1011537,Lefty Schegg,Lefty Schegg,WAS,Senators,8,P,2.0,5.3333,0.0036510517820715904,-0.034140415489673615,-0.030489363707602024
1004525,Harry Gardner,Harry Gardner,PIT,Pirates,27,P,,0.3333,-0.030707405880093575,0.0,-0.030707405880093575
1013531,Roy Walker,Roy Walker,CLE,Naps,5,P,,2.0,-0.03127430006861687,0.0,-0.03127430006861687
1006889,Jack Kibble,Jack Kibble,CLE,Naps,5,3B,9.0,,,-0.03345948085188866,-0.03345948085188866
1008582,Bill McKechnie,Bill McKechnie,PIT,Pirates,27,3B,79.0,,,-0.03371766209602356,-0.03371766209602356
1013199,Bun Troy,Bun Troy,DET,Tigers,6,P,2.0,6.6666,0.0008746034000068903,-0.034775905311107635,-0.033901301911100745
1003393,Bill Donovan,Bill Donovan,DET,Tigers,6,P/1B/RF,14.0,10.0,0.1706889271736145,-0.20511901378631592,-0.034430086612701416
1006715,Benny Kauff,Benny Kauff,NYH,Highlanders,9,CF,14.0,,,-0.03698928654193878,-0.03698928654193878
1001751,Jack Bushelman,Jack Bushelman,BOS,Red Sox,3,P,4.0,7.6666,-0.02422039769589901,-0.013470424339175224,-0.037690822035074234
1008879,Charlie Miller,Charlie Miller,SLB,Browns,2,SS,2.0,,,-0.03783844783902168,-0.03783844783902168
1012465,Gene Steinbrenner,Gene Steinbrenner,PHI,Phillies,26,2B,9.0,,,-0.03861793130636215,-0.03861793130636215
1007280,Frederick Lamlein,Fred Lamline,CHW,White Sox,4,P,,2.0,-0.039367228746414185,0.0,-0.039367228746414185
1007034,Elmer Knetzer,Elmer Knetzer,BRO,Dodgers,22,P,46.0,140.3333,0.08829222619533539,-0.12795282900333405,-0.03966060280799866
1011469,Jimmie Savage,Jimmie Savage,PHI,Phillies,26,2B,4.0,,,-0.03982822969555855,-0.03982822969555855
1005450,Grover Hartley,Grover Hartley,NYG,Giants,30,C,35.0,,,-0.04014310985803604,-0.04014310985803604
1012854,Ben Taylor,Ben Taylor,CIN,Reds,18,P,3.0,5.6666,-0.040132418274879456,-0.00018496984557714313,-0.0403173881204566
1002767,Lou Criger,Lou Criger,SLB,Browns,2,C,2.0,,,-0.04096541926264763,-0.04096541926264763
1005787,Bob Higgins,Bob Higgins,BRO,Dodgers,22,C,2.0,,,-0.04238526523113251,-0.04238526523113251
1008606,Polly McLarry,Polly McLarry,CHW,White Sox,4,PH/PR,2.0,,,-0.04354386404156685,-0.04354386404156685
1012914,Tom Tennant,Tom Tennant,SLB,Browns,2,PH/PR,2.0,,,-0.044092390686273575,-0.044092390686273575
1007785,Lou Lowdermilk,Lou Lowdermilk,STL,Cardinals,28,P,5.0,15.0,-0.04312499985098839,-0.0016876033041626215,-0.04481260315515101
1013612,Hap Ward,Hap Ward,DET,Tigers,6,PH/PR,2.0,,,-0.045004311949014664,-0.045004311949014664
1011506,Germany Schaefer,Germany Schaefer,WAS,Senators,8,1B/2B/RF,194.0,0.6666,0.0034472814295440912,-0.04919087886810303,-0.045743597438558936
1003173,Flame Delhi,Flame Delhi,CHW,White Sox,4,P,,3.0,-0.04715954512357712,0.0,-0.04715954512357712
1014202,Harry Wolverton,Harry Wolverton,NYH,Highlanders,9,3B,54.0,,,-0.053945451974868774,-0.053945451974868774
1007250,Ed Lafitte,Ed Lafitte,DET,Tigers,6,P,,1.6665999999999999,-0.054309338331222534,0.0,-0.054309338331222534
1014408,George Zackert,George Zackert,STL,Cardinals,28,P,,1.0,-0.056538600474596024,0.0,-0.056538600474596024
1000684,Paddy Baumann,Paddy Baumann,DET,Tigers,6,2B/3B,48.0,,,-0.057714223861694336,-0.057714223861694336
1013436,Jim Viox,Jim Viox,PIT,Pirates,27,3B/SS,76.0,,,-0.05858359485864639,-0.05858359485864639
1002806,Frank Crossin,Frank Crossin,SLB,Browns,2,C,23.0,,,-0.0588311031460762,-0.0588311031460762
1009435,Lou Nagelsen,Lou Nagelsen,CLE,Naps,5,C,3.0,,,-0.06127028167247772,-0.06127028167247772
1010200,Hub Pernoll,Hub Pernoll,DET,Tigers,6,P,3.0,9.0,-0.010036716237664223,-0.05216385796666145,-0.062200574204325676
1004977,Stan Gray,Stan Gray,PIT,Pirates,27,1B,21.0,,,-0.06267570704221725,-0.06267570704221725
1000405,King Bader,Lore Bader,NYG,Giants,30,P,3.0,10.0,-0.011511586606502533,-0.05325717851519585,-0.06476876512169838
1000418,Bill Bailey,Bill Bailey,SLB,Browns,2,P,3.0,10.6666,-0.1404576450586319,0.0730525404214859,-0.067405104637146
1000671,George Batten,George Batten,NYH,Highlanders,9,2B,3.0,,,-0.06831242144107819,-0.06831242144107819
1003440,John Dowd,John Dowd,NYH,Highlanders,9,SS,38.0,,,-0.0699484571814537,-0.0699484571814537
1006854,Duke Kenworthy,Bill Kenworthy,WAS,Senators,8,CF/LF,41.0,,,-0.07046117633581161,-0.07046117633581161
1003710,Hack Eibel,Hack Eibel,CLE,Naps,5,RF,3.0,,,-0.07252737879753113,-0.07252737879753113
1003177,Wheezer Dell,Wheezer Dell,STL,Cardinals,28,P,,2.3333,-0.08056527376174927,0.0,-0.08056527376174927
1001328,King Brady,King Brady,BSN,Braves,16,P,1.0,2.6666,-0.06204717978835106,-0.018760019913315773,-0.08080719970166683
1012823,Lee Tannehill,Lee Tannehill,CHW,White Sox,4,3B/SS,5.0,,,-0.08254708349704742,-0.08254708349704742
1009799,Ollie O'Mara,Ollie O'Mara,DET,Tigers,6,SS,4.0,,,-0.08375468105077744,-0.08375468105077744
1000191,Nick Altrock,Nick Altrock,WAS,Senators,8,P/1B,1.0,1.0,-0.06094030290842056,-0.023747896775603294,-0.08468819968402386
1007496,Bill Leinhauser,Bill Leinhauser,DET,Tigers,6,PH/PR,4.0,,,-0.09000862389802933,-0.09000862389802933
1008504,Jim McGarr,Jim McGarr,DET,Tigers,6,2B,4.0,,,-0.09000862389802933,-0.09000862389802933
1004460,Bert Gallia,Bert Gallia,WAS,Senators,8,P,,2.0,-0.09006357192993164,0.0,-0.09006357192993164
1000615,Hardin Barry,Hardin Barry,PHA,Athletics,10,P,5.0,13.0,-0.06091585382819176,-0.02917133830487728,-0.09008719213306904
1009459,Ken Nash,Ken Nash,CLE,Naps,5,SS,26.0,,,-0.09385672211647034,-0.09385672211647034
1013824,Charlie Wheatley,Charlie Wheatley,DET,Tigers,6,P,12.0,35.0,0.11235305666923523,-0.2086554318666458,-0.09630237519741058
1006032,Hanson Horsey,Hanson Horsey,CIN,Reds,18,P,2.0,4.0,-0.06226736307144165,-0.036171603947877884,-0.09843896701931953
1011791,Howie Shanks,Howie Shanks,WAS,Senators,8,LF,461.0,,,-0.09883983433246613,-0.09883983433246613
1010992,Hank Ritter,Hank Ritter,PHI,Phillies,26,P,1.0,6.0,-0.08203256130218506,-0.018360961228609085,-0.10039352253079414
1005042,Hank Griffin,Hank Griffin,BSN,Braves,16,P,,1.6665999999999999,-0.10424987971782684,0.0,-0.10424987971782684
1014192,Ernie Wolf,Ernie Wolf,CLE,Naps,5,P,2.0,5.6666,-0.07140003144741058,-0.03478774055838585,-0.10618777200579643
1004946,Eddie Grant,Eddie Grant,CIN,Reds,18,SS,281.0,,,-0.1073111817240715,-0.1073111817240715
1009197,Jim Moroney,Jim Moroney,CHC,Cubs,17,P,6.0,23.6666,-0.24361304938793182,0.1353742927312851,-0.10823875665664673
1010748,Philip Redding,Phil Redding,STL,Cardinals,28,P,10.0,25.3333,0.009716983884572983,-0.1187896877527237,-0.10907270386815071
1013534,Tilly Walker,Tilly Walker,WAS,Senators,8,RF,120.0,,,-0.11358056217432022,-0.11358056217432022
1013160,Allan Travers,Allan Travers,DET,Tigers,6,P,3.0,8.0,-0.06331680715084076,-0.05216385796666145,-0.11548066511750221
1003045,Dixie Davis,Dixie Davis,CIN,Reds,18,P,10.0,26.6666,-0.0746152400970459,-0.04130584001541138,-0.11592108011245728
1008239,Joe Mathes,Joe Mathes,PHA,Athletics,10,3B,15.0,,,-0.11777903884649277,-0.11777903884649277
1003053,Harry Davis,Harry Davis,CLE,Naps,5,1B,5.0,,,-0.11879431456327438,-0.11879431456327438
1006343,Bill James,Bill James,CLE,Naps,5,P,5.0,13.6666,-0.10028540343046188,-0.018700743094086647,-0.11898614652454853
1006512,Ellis Johnson,Walt Johnson,CHW,White Sox,4,P,4.0,11.6666,-0.11031736433506012,-0.012558475136756897,-0.12287583947181702
1006352,Lefty James,Lefty James,CLE,Naps,5,P,3.0,6.0,-0.07218854874372482,-0.052181608974933624,-0.12437015771865845
1013981,Cy Williams,Cy Williams,CHC,Cubs,17,CF,70.0,,,-0.12481187283992767,-0.12481187283992767
1002899,Cliff Curtis,Cliff Curtis,- - -,- - -,0,P,45.0,130.0,-0.054365962743759155,-0.07161225378513336,-0.12597821652889252
1007206,Walt Kuhn,Walt Kuhn,CHW,White Sox,4,C,207.0,,,-0.12771378457546234,-0.12771378457546234
1009109,Gene Moore,Gene Moore,CIN,Reds,18,P,4.0,14.6666,-0.05699649825692177,-0.07234320789575577,-0.12933970615267754
1001310,Hugh Bradley,Hugh Bradley,BOS,Red Sox,3,1B,160.0,,,-0.13011281192302704,-0.13011281192302704
1010161,Herb Pennock,Herb Pennock,PHA,Athletics,10,P,16.0,50.0,-0.052010513842105865,-0.08203013986349106,-0.13404065370559692
1011927,Ernie Shore,Ernie Shore,NYG,Giants,30,P,,1.0,-0.1354234516620636,0.0,-0.1354234516620636
1011160,Ray Rolling,Ray Rolling,STL,Cardinals,28,2B,15.0,,,-0.13614211976528168,-0.13614211976528168
1012989,Pinch Thomas,Pinch Thomas,BOS,Red Sox,3,C,33.0,,,-0.13677680492401123,-0.13677680492401123
1009561,Frank Nicholson,Frank Nicholson,PHI,Phillies,26,P,,4.0,-0.13755306601524353,0.0,-0.13755306601524353
1011639,Joe Schultz,Joe Schultz,BSN,Braves,16,2B,12.0,,,-0.1440560519695282,-0.1440560519695282
1008299,Wally Mayer,Wally Mayer,CHW,White Sox,4,C,10.0,,,-0.14488504827022552,-0.14488504827022552
1004088,Gus Fisher,Gus Fisher,NYH,Highlanders,9,C,10.0,,,-0.14542409777641296,-0.14542409777641296
1008644,Tommy McMillan,Tommy McMillan,NYH,Highlanders,9,SS,174.0,,,-0.14724309742450714,-0.14724309742450714
1006103,Roland Howell,Roland Howell,STL,Cardinals,28,P,,1.6665999999999999,-0.14834937453269958,0.0,-0.14834937453269958
1008162,Doc Martin,Doc Martin,PHA,Athletics,10,P,3.0,4.3333,-0.10007363557815552,-0.049946267157793045,-0.15001990273594856
1001435,Bill Brinker,Bill Brinker,PHI,Phillies,26,3B/CF/LF,20.0,,,-0.15039850771427155,-0.15039850771427155
1003050,George Davis,George Davis,NYH,Highlanders,9,P,20.0,54.0,-0.046580296009778976,-0.10543501377105713,-0.1520153097808361
1002966,Dave Danforth,Dave Danforth,PHA,Athletics,10,P,8.0,20.3333,-0.15981152653694153,0.0063621243461966515,-0.15344940219074488
1011838,George Shears,George Shears,NYH,Highlanders,9,P,7.0,15.0,-0.18974877893924713,0.03335868939757347,-0.15639008954167366
1003899,Howard Fahey,Howard Fahey,PHA,Athletics,10,2B/3B/SS,8.0,,,-0.16159577667713165,-0.16159577667713165
1003348,Ona Dodd,Ona Dodd,PIT,Pirates,27,3B,10.0,,,-0.1622381955385208,-0.1622381955385208
1013875,Gil Whitehouse,Gil Whitehouse,BSN,Braves,16,C,3.0,,,-0.16536873579025269,-0.16536873579025269
1013950,Denney Wilie,Denney Wilie,STL,Cardinals,28,RF,59.0,,,-0.16856937110424042,-0.16856937110424042
1002712,Roy Crabb,Roy Crabb,- - -,- - -,0,P,20.0,51.999900000000004,0.1632416881620884,-0.3330020233988762,-0.1697603352367878
1013913,George Whitted,Possum Whitted,STL,Cardinals,28,3B,51.0,,,-0.17178386449813843,-0.17178386449813843
1011942,Toots Shultz,Toots Shultz,PHI,Phillies,26,P,21.0,59.0,-0.2053457647562027,0.02951301634311676,-0.17583274841308594
1006963,LaRue Kirby,La Rue Kirby,NYG,Giants,30,P,5.0,11.0,-0.16551423072814941,-0.011450495570898056,-0.17696472629904747
1009508,Red Nelson,Red Nelson,- - -,- - -,0,P,15.0,37.3333,-0.15782486461102962,-0.020572535693645477,-0.1783974003046751
1007943,Len Madden,Len Madden,CHC,Cubs,17,P,4.0,12.3333,-0.18040740489959717,-0.0015974784037098289,-0.182004883303307
1012139,Frank Smith,Frank Smith,CIN,Reds,18,P,8.0,22.6666,-0.1469968557357788,-0.036541543900966644,-0.18353839963674545
1011792,Harry Shanley,Doc Shanley,SLB,Browns,2,SS,10.0,,,-0.18730130791664124,-0.18730130791664124
1010212,Hank Perry,Hank Perry,DET,Tigers,6,CF,40.0,,,-0.1873176544904709,-0.1873176544904709
1012894,Wiley Taylor,Wiley Taylor,CHW,White Sox,4,P,5.0,20.0,-0.10667379945516586,-0.08328863233327866,-0.18996243178844452
1004464,Jim Galloway,Jim Galloway,STL,Cardinals,28,2B,62.0,,,-0.19244268536567688,-0.19244268536567688
1001115,Joe Boehling,Joe Boehling,WAS,Senators,8,P,,5.0,-0.19418247044086456,0.0,-0.19418247044086456
1013415,Joe Vernon,Joe Vernon,CHC,Cubs,17,P,2.0,4.0,-0.16033202409744263,-0.03568677976727486,-0.19601880386471748
1001493,Bill Brown,Bill Brown,SLB,Browns,2,LF,21.0,,,-0.20188862085342407,-0.20188862085342407
1000411,Jim Bagby,Jim Bagby,CIN,Reds,18,P,5.0,17.3333,-0.11452619731426239,-0.09042900800704956,-0.20495520532131195
1000099,Jerry Akers,Jerry Akers,WAS,Senators,8,P,6.0,20.3333,-0.24360279738903046,0.0371309332549572,-0.20647186413407326
1008541,Howard McGraner,Howard McGraner,CIN,Reds,18,P,8.0,19.0,-0.26598799228668213,0.055326901376247406,-0.21066109091043472
1010787,Wally Rehg,Wally Rehg,PIT,Pirates,27,RF/CF,9.0,,,-0.2134414166212082,-0.2134414166212082
1008622,Larry McLean,Larry McLean,CIN,Reds,18,C,358.0,,,-0.21370165050029755,-0.21370165050029755
1009479,Tom Needham,Tom Needham,CHC,Cubs,17,C,104.0,,,-0.22097700834274292,-0.22097700834274292
1012428,Dolly Stark,Dolly Stark,BRO,Dodgers,22,SS,25.0,,,-0.22127187252044678,-0.22127187252044678
1011524,Bill Schardt,Bill Schardt,BRO,Dodgers,22,P,6.0,20.6666,-0.1235365942120552,-0.10585147887468338,-0.2293880730867386
1000637,Al Bashang,Al Bashang,DET,Tigers,6,LF,15.0,,,-0.2305547297000885,-0.2305547297000885
1008056,George Mangus,George Mangus,PHI,Phillies,26,LF,26.0,,,-0.23309805989265442,-0.23309805989265442
1009894,Bill Otis,Bill Otis,NYH,Highlanders,9,CF,20.0,,,-0.23342905938625336,-0.23342905938625336
1008894,Elmer Miller,Elmer Miller,STL,Cardinals,28,RF/CF/LF,41.0,,,-0.23372416198253632,-0.23372416198253632
1000458,Howard Baker,Howard Baker,CLE,Naps,5,3B,35.0,,,-0.2372702658176422,-0.2372702658176422
1005928,Brad Hogg,Brad Hogg,BSN,Braves,16,P,12.0,31.0,-0.13703297078609467,-0.10127171128988266,-0.23830468207597733
1003791,Mutz Ens,Mutz Ens,CHW,White Sox,4,1B,6.0,,,-0.2400124967098236,-0.2400124967098236
1006195,Bill Hunter,Bill Hunter,CLE,Naps,5,CF,69.0,,,-0.24063029885292053,-0.24063029885292053
1000042,Bert Adams,Bert Adams,CLE,Naps,5,C,62.0,,,-0.24362967908382416,-0.24362967908382416
1004154,Sam Fletcher,Sam Fletcher,CIN,Reds,18,P,4.0,9.6666,-0.3145367503166199,0.06720896065235138,-0.2473277896642685
1013894,Steve White,Steve White,- - -,- - -,0,P,3.0,6.6666,-0.19281768053770065,-0.05628006160259247,-0.24909774214029312
1002115,George Chalmers,George Chalmers,PHI,Phillies,26,P,19.0,57.6666,-0.23987343907356262,-0.012994358316063881,-0.2528677973896265
1009408,Paul Musser,Paul Musser,WAS,Senators,8,P,7.0,20.6666,-0.13764601945877075,-0.11949142813682556,-0.2571374475955963
1009824,Jack Onslow,Jack Onslow,DET,Tigers,6,C,86.0,,,-0.257428377866745,-0.257428377866745
1012245,Frank Snyder,Frank Snyder,STL,Cardinals,28,C,20.0,,,-0.25827065110206604,-0.25827065110206604
1003361,Cozy Dolan,Cozy Dolan,- - -,- - -,0,3B,121.0,,,-0.25882645696401596,-0.25882645696401596
1008043,Pat Maloney,Pat Maloney,NYH,Highlanders,9,CF,90.0,,,-0.2609403133392334,-0.2609403133392334
1007784,Grover Lowdermilk,Grover Lowdermilk,CHC,Cubs,17,P,4.0,13.0,-0.19148439168930054,-0.07137355953454971,-0.26285795122385025
1003817,Tex Erwin,Tex Erwin,BRO,Dodgers,22,C,154.0,,,-0.2684563994407654,-0.2684563994407654
1002643,Red Corriden,Red Corriden,DET,Tigers,6,3B,157.0,,,-0.2739507257938385,-0.2739507257938385
1006399,Willie Jensen,Willie Jensen,DET,Tigers,6,P,11.0,33.0,-0.08615484088659286,-0.1912674605846405,-0.27742230147123337
1004016,Jack Ferry,Jack Ferry,PIT,Pirates,27,P,14.0,39.0,-0.18609869480133057,-0.09179216623306274,-0.2778908610343933
1009152,Pat Moran,Pat Moran,PHI,Phillies,26,C,27.0,,,-0.2966717779636383,-0.2966717779636383
1004187,John Flynn,John Flynn,WAS,Senators,8,1B,80.0,,,-0.3123914301395416,-0.3123914301395416
1000820,Ralph Bell,Ralph Bell,CHW,White Sox,4,P,2.0,6.0,-0.27912887930870056,-0.03331545740365982,-0.3124443367123604
1005497,Arthur Hauger,Arthur Hauger,CLE,Naps,5,RF/CF,19.0,,,-0.32381749153137207,-0.32381749153137207
1009148,Harry Moran,Harry Moran,DET,Tigers,6,P,5.0,14.6666,-0.3130000829696655,-0.017163675278425217,-0.33016375824809074
1001761,Hank Butcher,Hank Butcher,CLE,Naps,5,LF,91.0,,,-0.33632078766822815,-0.33632078766822815
1012172,Klondike Smith,Klondike Smith,NYH,Highlanders,9,RF/CF,28.0,,,-0.34329771995544434,-0.34329771995544434
1000092,Eddie Ainsmith,Eddie Ainsmith,WAS,Senators,8,C,211.0,,,-0.3458651304244995,-0.3458651304244995
1012584,George Stovall,George Stovall,SLB,Browns,2,1B,424.0,,,-0.3465628921985626,-0.3465628921985626
1001467,Herman Bronkie,Herman Bronkie,CLE,Naps,5,3B,19.0,,,-0.34813860058784485,-0.34813860058784485
1011318,Lefty Russell,Lefty Russell,PHA,Athletics,10,P,5.0,17.3333,-0.3200092017650604,-0.02917133830487728,-0.3491805400699377
1006670,Al Kaiser,Al Kaiser,BSN,Braves,16,LF,14.0,,,-0.3542517423629761,-0.3542517423629761
1008099,Rabbit Maranville,Rabbit Maranville,BSN,Braves,16,SS,101.0,,,-0.36216071248054504,-0.36216071248054504
1008573,Matty McIntyre,Matty McIntyre,CHW,White Sox,4,RF/LF,101.0,,,-0.38437336683273315,-0.38437336683273315
1006967,Jay Kirke,Jay Kirke,BSN,Braves,16,LF,378.0,,,-0.3859880268573761,-0.3859880268573761
1006614,Rip Jordan,Rip Jordan,CHW,White Sox,4,P,4.0,12.3333,-0.32732924818992615,-0.06663091480731964,-0.3939601629972458
1005247,Ed Hallinan,Ed Hallinan,SLB,Browns,2,SS,96.0,,,-0.39667001366615295,-0.39667001366615295
1010116,Roger Peckinpaugh,Roger Peckinpaugh,CLE,Naps,5,SS,258.0,,,-0.40014296770095825,-0.40014296770095825
1012505,Charles Sterrett,Dutch Sterrett,NYH,Highlanders,9,1B/CF,251.0,,,-0.4075426161289215,-0.4075426161289215
1013977,Bob Williams,Bob Williams,NYH,Highlanders,9,C,55.0,,,-0.4145953953266144,-0.4145953953266144
1000129,Walt Alexander,Walt Alexander,SLB,Browns,2,C,111.0,,,-0.41527488827705383,-0.41527488827705383
1007070,Brad Kocher,Brad Kocher,DET,Tigers,6,C,67.0,,,-0.42051056027412415,-0.42051056027412415
1000983,Joe Birmingham,Joe Birmingham,CLE,Naps,5,CF,415.0,,,-0.4377065896987915,-0.4377065896987915
1005925,Willie Hogan,Willie Hogan,SLB,Browns,2,LF,408.0,,,-0.4522816240787506,-0.4522816240787506
1003777,Joe Engel,Joe Engel,WAS,Senators,8,P,22.0,75.0,-0.3944389224052429,-0.07521075755357742,-0.46964967995882034
1014210,Gene Woodburn,Gene Woodburn,STL,Cardinals,28,P,14.0,48.3333,-0.29194363951683044,-0.19676770269870758,-0.488711342215538
1001422,Al Bridwell,Al Bridwell,BSN,Braves,16,SS,116.0,,,-0.4903877079486847,-0.4903877079486847
1004705,Frank Gilhooley,Frank Gilhooley,STL,Cardinals,28,CF,52.0,,,-0.4953937232494354,-0.4953937232494354
1005934,Eddie Hohnhorst,Eddie Hohnhorst,CLE,Naps,5,1B,57.0,,,-0.5029531717300415,-0.5029531717300415
1011761,Hank Severeid,Hank Severeid,CIN,Reds,18,C,126.0,,,-0.5274056792259216,-0.5274056792259216
1007041,John Knight,John Knight,WAS,Senators,8,2B,116.0,,,-0.5337129831314087,-0.5337129831314087
1004865,Wilbur Good,Wilbur Good,CHC,Cubs,17,CF/LF,38.0,,,-0.5405277609825134,-0.5405277609825134
1001847,Jimmy Callahan,Nixey Callahan,CHW,White Sox,4,LF,445.0,,,-0.5530068278312683,-0.5530068278312683
1009793,Ivy Olson,Ivy Olson,CLE,Naps,5,3B/SS,522.0,,,-0.5545068979263306,-0.5545068979263306
1000497,Neal Ball,Neal Ball,- - -,- - -,0,2B,194.0,,,-0.5695927292108536,-0.5695927292108536
1012607,Gabby Street,Gabby Street,NYH,Highlanders,9,C,98.0,,,-0.6007052063941956,-0.6007052063941956
1004076,Bob Fisher,Bob Fisher,BRO,Dodgers,22,SS,284.0,,,-0.6292879581451416,-0.6292879581451416
1008886,Doc Miller,Doc Miller,- - -,- - -,0,RF,415.0,,,-0.6346525549888611,-0.6346525549888611
1008891,Ed Miller,Ed Miller,SLB,Browns,2,1B/SS,51.0,,,-0.6370724439620972,-0.6370724439620972
1009820,Steve O'Neill,Steve O'Neill,CLE,Naps,5,C,233.0,,,-0.637489914894104,-0.637489914894104
1002938,Gene Dale,Gene Dale,STL,Cardinals,28,P,22.0,61.6666,-0.7388207316398621,0.05758552998304367,-0.6812352016568184
1003697,Ben Egan,Ben Egan,PHA,Athletics,10,C,145.0,,,-0.6940908432006836,-0.6940908432006836
1003401,Red Dooin,Red Dooin,PHI,Phillies,26,C,195.0,,,-0.7728521227836609,-0.7728521227836609
1006360,Walter Jantzen,Heinie Jantzen,SLB,Browns,2,RF,128.0,,,-0.784711480140686,-0.784711480140686
1006902,Bill Killefer,Bill Killefer,PHI,Phillies,26,C,289.0,,,-0.8217039108276367,-0.8217039108276367
1009823,Eddie Onslow,Eddie Onslow,DET,Tigers,6,1B,134.0,,,-0.8311323523521423,-0.8311323523521423
1013119,Bert Tooley,Bert Tooley,BRO,Dodgers,22,SS,298.0,,,-0.9061762690544128,-0.9061762690544128
1007223,Joe Kutina,Joe Kutina,SLB,Browns,2,1B,226.0,,,-0.9648874402046204,-0.9648874402046204
1004522,Earle Gardner,Earle Gardner,NYH,Highlanders,9,2B,170.0,,,-0.9661159515380859,-0.9661159515380859
1012649,Bill Stumpf,Bill Stumpf,NYH,Highlanders,9,SS,143.0,,,-1.001953125,-1.001953125
1010701,Bill Rariden,Bill Rariden,BSN,Braves,16,C,274.0,,,-1.0302025079727173,-1.0302025079727173
1003351,John Dodge,John Dodge,PHI,Phillies,26,3B,102.0,,,-1.092902421951294,-1.092902421951294
1013694,Buck Weaver,Buck Weaver,CHW,White Sox,4,SS,553.0,,,-1.1169551610946655,-1.1169551610946655
1003826,Jimmy Esmond,Jimmy Esmond,CIN,Reds,18,SS,263.0,,,-1.319827675819397,-1.319827675819397
1011981,Hack Simmons,Hack Simmons,NYH,Highlanders,9,2B,448.0,,,-1.5122729539871216,-1.5122729539871216
1009838,Frank O'Rourke,Frank O'Rourke,BSN,Braves,16,SS,216.0,,,-2.6338958740234375,-2.6338958740234375
