playerid,playerName,playerNameRoute,abbName,shortName,teamId,pos,PA,IP,pitWAR,batWAR,totalWAR
1011327,Babe Ruth,Babe Ruth,NYY,Yankees,9,RF/LF,691.0,,,12.929765701293945,12.929765701293945
1004598,Lou Gehrig,Lou Gehrig,NYY,Yankees,9,1B,717.0,,,12.377304077148438,12.377304077148438
1006030,Rogers Hornsby,Rogers Hornsby,NYG,Giants,30,2B,684.0,,,10.360291481018066,10.360291481018066
1004364,Frankie Frisch,Frankie Frisch,STL,Cardinals,28,2B,693.0,,,9.664708137512207,9.664708137512207
1016249,Ed Rile,Ed Rile,DS,Stars,1161,P/1B,289.0,140.6666,3.602821111679077,3.9654276371002197,7.568248748779297
1013597,Paul Waner,Paul Waner,PIT,Pirates,27,RF,709.0,,,7.358122825622559,7.358122825622559
1015189,Willie Foster,Willie Foster,CAG,American Giants,1151,P,90.0,217.0,7.572381973266602,-0.35698649287223816,7.215395480394363
1016700,Willie Wells,Willie Wells,SLS,Stars,1168,SS,418.0,,,7.139590740203857,7.139590740203857
1005590,Harry Heilmann,Harry Heilmann,DET,Tigers,6,RF,596.0,,,6.890437126159668,6.890437126159668
1002478,Earle Combs,Earle Combs,NYY,Yankees,9,CF,724.0,,,6.840071201324463,6.840071201324463
1014083,Hack Wilson,Hack Wilson,CHC,Cubs,17,CF,646.0,,,6.580794334411621,6.580794334411621
1007422,Tony Lazzeri,Tony Lazzeri,NYY,Yankees,9,2B,660.0,,,6.287296295166016,6.287296295166016
1016287,Bullet Rogan,Bullet Rogan,KCM,Monarchs,1163,P/CF,147.0,155.3333,4.915454387664795,1.2471404075622559,6.162594795227051
1005099,Lefty Grove,Lefty Grove,PHA,Athletics,10,P,97.0,262.3333,6.208237171173096,-0.27692753076553345,5.931309640407562
1011978,Al Simmons,Al Simmons,PHA,Athletics,10,CF,458.0,,,5.865077972412109,5.865077972412109
1015802,Dick Lundy,Dick Lundy,AC,Bacharach Giants,1097,SS,370.0,,,5.787323951721191,5.787323951721191
1005378,George Harper,George Harper,NYG,Giants,30,RF,593.0,,,5.636106967926025,5.636106967926025
1014838,Oscar Charleston,Oscar Charleston,HBG,Giants,1101,CF,299.0,2.6666,-0.0060095093213021755,5.635158061981201,5.629148552659899
1016808,Jud Wilson,Jud Wilson,- - -,- - -,0,3B,284.0,,,5.532008230686188,5.532008230686188
1012927,Bill Terry,Bill Terry,NYG,Giants,30,1B,647.0,,,5.391968250274658,5.391968250274658
1007887,Ted Lyons,Ted Lyons,CHW,White Sox,4,P,123.0,307.6666,4.694784641265869,0.6767585873603821,5.371543228626251
1015141,Luther Farrell,Luther Farrell,AC,Bacharach Giants,1097,P,177.0,219.3333,4.398263931274414,0.9505272507667542,5.348791182041168
1016481,Turkey Stearnes,Turkey Stearnes,DS,Stars,1161,CF,387.0,,,5.337571144104004,5.337571144104004
1012500,Riggs Stephenson,Riggs Stephenson,CHC,Cubs,17,LF,668.0,,,5.332209587097168,5.332209587097168
1014596,William Bell,William Bell,KCM,Monarchs,1163,P,93.0,162.0,5.13808536529541,0.13894973695278168,5.277035102248192
1006314,Travis Jackson,Travis Jackson,NYG,Giants,30,SS,517.0,,,5.2332258224487305,5.2332258224487305
1016097,Roy Parnell,Roy Parnell,BBB,Black Barons,1149,RF/LF,360.0,10.6666,-0.27573978900909424,5.507438659667969,5.2316988706588745
1013342,Dazzy Vance,Dazzy Vance,BRO,Robins,22,P,102.0,273.3333,5.425764083862305,-0.2044609785079956,5.221303105354309
1004893,Goose Goslin,Goose Goslin,WAS,Senators,8,LF,659.0,,,5.084646701812744,5.084646701812744
1001228,Jim Bottomley,Jim Bottomley,STL,Cardinals,28,1B,679.0,,,4.99360466003418,4.99360466003418
1003492,Chuck Dressen,Chuck Dressen,CIN,Reds,18,3B,647.0,,,4.691086292266846,4.691086292266846
1003911,Bibb Falk,Bibb Falk,CHW,White Sox,4,LF,613.0,,,4.493316650390625,4.493316650390625
1013165,Pie Traynor,Pie Traynor,PIT,Pirates,27,3B,633.0,,,4.279300212860107,4.279300212860107
1015960,George Mitchell,George Mitchell,KCM,Monarchs,1163,P,63.0,133.3333,3.952929735183716,0.2657965123653412,4.218726247549057
1008817,Bob Meusel,Bob Meusel,NYY,Yankees,9,RF/LF,584.0,,,4.212464332580566,4.212464332580566
1002384,Mickey Cochrane,Mickey Cochrane,PHA,Athletics,10,C,507.0,,,4.199062347412109,4.199062347412109
1006132,Willis Hudlin,Willis Hudlin,CLE,Indians,5,P,103.0,264.6666,3.885075092315674,0.2800842225551605,4.165159314870834
1002378,Ty Cobb,Ty Cobb,PHA,Athletics,10,RF/CF,574.0,,,4.163094997406006,4.163094997406006
1000128,Grover Alexander,Pete Alexander,STL,Cardinals,28,P,102.0,268.0,3.843841314315796,0.3009674549102783,4.144808769226074
1005191,Chick Hafey,Chick Hafey,STL,Cardinals,28,LF,394.0,,,4.121472358703613,4.121472358703613
1008814,Alex Metzler,Alex Metzler,CHW,White Sox,4,CF,624.0,,,4.120079517364502,4.120079517364502
1004261,Bob Fothergill,Bob Fothergill,DET,Tigers,6,LF,593.0,,,4.118899822235107,4.118899822235107
1016216,Wilson Redus,Wilson Redus,SLS,Stars,1168,LF,390.0,,,4.095697402954102,4.095697402954102
1008705,Lee Meadows,Lee Meadows,PIT,Pirates,27,P,122.0,299.3333,4.655483245849609,-0.6303293704986572,4.025153875350952
1007808,Red Lucas,Red Lucas,CIN,Reds,18,P,169.0,239.6666,3.359839677810669,0.6518508195877075,4.0116904973983765
1004947,George Grantham,George Grantham,PIT,Pirates,27,2B,634.0,,,3.9740192890167236,3.9740192890167236
1016602,Ted Trent,Ted Trent,SLS,Stars,1168,P,79.0,212.0,4.302241325378418,-0.336654394865036,3.965586930513382
1005209,Jesse Haines,Jesse Haines,STL,Cardinals,28,P,121.0,300.6666,4.113394737243652,-0.20954592525959015,3.903848811984062
1015002,Steel Arm Davis,Steel Arm Davis,CAG,American Giants,1151,LF,350.0,,,3.8994266986846924,3.8994266986846924
1005809,Carmen Hill,Carmen Hill,PIT,Pirates,27,P,112.0,277.6666,3.759702205657959,0.11601182818412781,3.875714033842087
1006115,Waite Hoyt,Waite Hoyt,NYY,Yankees,9,P,111.0,256.3333,3.8371379375457764,0.029087034985423088,3.8662249725311995
1016181,Willie Powell,Willie Powell,CAG,American Giants,1151,P,60.0,140.0,3.8167335987091064,0.001923048053868115,3.8186566467629746
1016328,Harry Salmon,Harry Salmon,BBB,Black Barons,1149,P,78.0,177.3333,3.9122118949890137,-0.14244049787521362,3.7697713971138
1016502,Sam Streeter,Sam Streeter,BBB,Black Barons,1149,P,101.0,221.0,3.497148275375366,0.22274795174598694,3.719896227121353
1004596,Charlie Gehringer,Charlie Gehringer,DET,Tigers,6,2B,571.0,,,3.711270809173584,3.711270809173584
1008301,Jakie May,Jakie May,CIN,Reds,18,P,87.0,235.6666,3.658696413040161,-0.024710124358534813,3.6339862886816263
1013501,Rube Walberg,Rube Walberg,PHA,Athletics,10,P,102.0,249.3333,3.083052158355713,0.45197001099586487,3.5350221693515778
1007651,Horace Lisenbee,Hod Lisenbee,WAS,Senators,8,P,96.0,242.0,3.993009090423584,-0.48473885655403137,3.5082702338695526
1011008,Eppa Rixey,Eppa Rixey,CIN,Reds,18,P,87.0,219.6666,3.153947114944458,0.3495488166809082,3.503495931625366
1011683,Jack Scott,Jack Scott,PHI,Phillies,26,P,127.0,233.3333,2.614535331726074,0.8623570203781128,3.476892352104187
1015886,Webster McDonald,Webster McDonald,CAG,American Giants,1151,P,51.0,119.0,3.4703867435455322,-0.08398521691560745,3.3864015266299248
1011813,Joe Shaute,Joe Shaute,CLE,Indians,5,P,85.0,230.3333,2.7139832973480225,0.670501172542572,3.3844844698905945
1015353,George Harney,George Harney,CAG,American Giants,1151,P,57.0,160.3333,4.087403774261475,-0.711524486541748,3.3758792877197266
1014906,Darltie Cooper,Darltie Cooper,HBG,Giants,1101,P,91.0,193.6666,3.0850324630737305,0.2793942093849182,3.3644266724586487
1013596,Lloyd Waner,Lloyd Waner,PIT,Pirates,27,CF/LF,683.0,,,3.336275577545166,3.336275577545166
1015498,Jesse Hubbard,Jesse Hubbard,AC,Bacharach Giants,1097,RF,301.0,128.6666,1.8488731384277344,1.4730747938156128,3.321947932243347
1014012,Ken Williams,Ken Williams,SLB,Browns,2,LF,496.0,,,3.2720890045166016,3.2720890045166016
1005458,Gabby Hartnett,Gabby Hartnett,CHC,Cubs,17,C,509.0,,,3.2449750900268555,3.2449750900268555
1014583,John Beckwith,John Beckwith,HBG,Giants,1101,3B/SS,286.0,,,3.2345850467681885,3.2345850467681885
1003390,Pete Donohue,Pete Donohue,CIN,Reds,18,P,69.0,190.6666,3.120992660522461,0.1112883910536766,3.2322810515761375
1012309,Tristram Speaker,Tris Speaker,WAS,Senators,8,CF,597.0,,,3.193375587463379,3.193375587463379
1013866,Earl Whitehill,Earl Whitehill,DET,Tigers,6,P,90.0,236.0,3.137540578842163,0.04489903151988983,3.182439610362053
1001090,Ossie Bluege,Ossie Bluege,WAS,Senators,8,3B,583.0,,,3.167389154434204,3.167389154434204
1007156,Ray Kremer,Ray Kremer,PIT,Pirates,27,P,88.0,226.0,3.413238525390625,-0.24586427211761475,3.1673742532730103
1007631,Freddie Lindstrom,Freddie Lindstrom,NYG,Giants,30,3B/LF,619.0,,,3.1286914348602295,3.1286914348602295
1015566,Fats Jenkins,Fats Jenkins,HBG,Giants,1101,LF,310.0,,,3.083649158477783,3.083649158477783
1015105,Mack Eggleston,Mack Eggleston,BBS,Black Sox,1098,C/RF,221.0,,,3.069239377975464,3.069239377975464
1011188,Charlie Root,Charley Root,CHC,Cubs,17,P,132.0,309.0,2.8192057609558105,0.2085251659154892,3.0277309268712997
1010161,Herb Pennock,Herb Pennock,NYY,Yankees,9,P,85.0,209.6666,3.007972002029419,0.011809068731963634,3.0197810707613826
1014930,Dewey Creacy,Dewey Creacy,SLS,Stars,1168,3B,368.0,,,2.9871463775634766,2.9871463775634766
1000063,Sparky Adams,Sparky Adams,CHC,Cubs,17,2B/3B/SS,705.0,,,2.986201524734497,2.986201524734497
1007843,Dolf Luque,Dolf Luque,CIN,Reds,18,P,94.0,230.6666,2.7984824180603027,0.1752629280090332,2.973745346069336
1005421,Joe Harris,Joe Harris,PIT,Pirates,27,1B,486.0,,,2.9716031551361084,2.9716031551361084
1013708,Earl Webb,Earl Webb,CHC,Cubs,17,RF,395.0,,,2.9695472717285156,2.9695472717285156
1011766,Joe Sewell,Joe Sewell,CLE,Indians,5,SS,652.0,,,2.9654557704925537,2.9654557704925537
1016316,Branch Russell,Branch Russell,SLS,Stars,1168,RF,429.0,,,2.9538350105285645,2.9538350105285645
1010257,Jesse Petty,Jesse Petty,BRO,Robins,22,P,93.0,271.6666,3.789543390274048,-0.8508539795875549,2.938689410686493
1003741,Jumbo Elliott,Jumbo Elliott,BRO,Robins,22,P,70.0,188.3333,3.105186700820923,-0.17579180002212524,2.9293949007987976
1016313,Pythias Russ,Pythias Russ,CAG,American Giants,1151,C/SS,347.0,,,2.9094555377960205,2.9094555377960205
1011290,Muddy Ruel,Muddy Ruel,WAS,Senators,8,C,504.0,,,2.8903164863586426,2.8903164863586426
1012996,Tommy Thomas,Tommy Thomas,CHW,White Sox,4,P,118.0,307.6666,3.258805513381958,-0.3795049488544464,2.8793005645275116
1013266,George Uhle,George Uhle,CLE,Indians,5,P,86.0,153.3333,2.3940670490264893,0.45720475912094116,2.8512718081474304
1011918,Urban Shocker,Urban Shocker,NYY,Yankees,9,P,84.0,200.0,2.3397183418273926,0.5103901624679565,2.850108504295349
1015593,Heavy Johnson,Heavy Johnson,HBG,Giants,1101,RF,219.0,,,2.8459057807922363,2.8459057807922363
1016406,Charlie Smith,Charlie Smith,BRG,Royal Giants,1099,2B/RF,148.0,,,2.808776617050171,2.808776617050171
1000994,Max Bishop,Max Bishop,PHA,Athletics,10,2B,489.0,,,2.7640044689178467,2.7640044689178467
1004567,Milt Gaston,Milt Gaston,SLB,Browns,2,P,106.0,254.0,2.062100887298584,0.6962316632270813,2.7583325505256653
1015042,Martín Dihigo,Martín Dihigo,CSE,Cuban Stars East,1100,SS,233.0,18.0,0.5710372924804688,2.156595230102539,2.727632522583008
1009962,Satchel Paige,Satchel Paige,BBB,Black Barons,1149,P,41.0,98.0,2.612405300140381,0.10453607141971588,2.7169413715600967
1016713,Chaney White,Chaney White,AC,Bacharach Giants,1097,CF,392.0,,,2.6970386505126953,2.6970386505126953
1016512,Mule Suttles,Mule Suttles,SLS,Stars,1168,1B/RF,116.0,,,2.6488327980041504,2.6488327980041504
1013273,Frank Ulrich,Dutch Ulrich,PHI,Phillies,26,P,76.0,193.3333,3.397589683532715,-0.7586327195167542,2.6389569640159607
1005061,Burleigh Grimes,Burleigh Grimes,NYG,Giants,30,P,106.0,259.6666,2.7428810596466064,-0.10767517983913422,2.6352058798074722
1014490,Newt Allen,Newt Allen,KCM,Monarchs,1163,SS,358.0,,,2.590029239654541,2.590029239654541
1010551,Hub Pruett,Hub Pruett,PHI,Phillies,26,P,69.0,186.0,2.527604103088379,0.05901969224214554,2.5866237953305244
1012524,Lefty Stewart,Lefty Stewart,SLB,Browns,2,P,58.0,155.6666,2.2184336185455322,0.3503342568874359,2.568767875432968
1008903,Jake Miller,Jake Miller,CLE,Indians,5,P,63.0,185.3333,2.985567569732666,-0.4188350439071655,2.5667325258255005
1005225,Sammy Hale,Sammy Hale,PHA,Athletics,10,3B,564.0,,,2.5596001148223877,2.5596001148223877
1016818,Nip Winters,Nip Winters,HIL,Club,1102,P/1B,105.0,176.0,1.8409827947616577,0.6886704564094543,2.529653251171112
1003617,Jimmy Dykes,Jimmie Dykes,PHA,Athletics,10,1B,480.0,2.0,-0.0045340098440647125,2.5280039310455322,2.5234699212014675
1000577,Clyde Barnhart,Clyde Barnhart,PIT,Pirates,27,LF,419.0,,,2.481527328491211,2.481527328491211
1010363,George Pipgras,George Pipgras,NYY,Yankees,9,P,71.0,166.3333,2.2692272663116455,0.19863367080688477,2.4678609371185303
1015011,Connie Day,Connie Day,HBG,Giants,1101,2B,283.0,,,2.4487109184265137,2.4487109184265137
1016595,Cristóbal Torriente,Cristóbal Torriente,DS,Stars,1161,RF,364.0,28.0,0.43994081020355225,2.002838373184204,2.4427791833877563
1005186,Bump Hadley,Bump Hadley,WAS,Senators,8,P,74.0,198.6666,2.1821646690368652,0.2597234547138214,2.4418881237506866
1016684,Pete Washington,Pete Washington,BBS,Black Sox,1098,CF,257.0,,,2.437770128250122,2.437770128250122
1011640,Johnny Schulte,Johnny Schulte,STL,Cardinals,28,C,208.0,,,2.4219789505004883,2.4219789505004883
1000118,Vic Aldridge,Vic Aldridge,PIT,Pirates,27,P,100.0,239.3333,2.4956159591674805,-0.07538852840662003,2.4202274307608604
1001368,Garland Braxton,Garland Braxton,WAS,Senators,8,P,45.0,155.3333,2.3202316761016846,0.08606043457984924,2.406292110681534
1014115,Hal Wiltse,Hal Wiltse,BOS,Red Sox,3,P,80.0,219.0,2.535977602005005,-0.13806772232055664,2.3979098796844482
1012100,Bob Smith,Bob Smith,BSN,Braves,16,P,112.0,260.6666,2.616501808166504,-0.268545538187027,2.347956269979477
1010605,Jack Quinn,Jack Quinn,PHA,Athletics,10,P,75.0,201.3333,3.113081455230713,-0.7736911177635193,2.3393903374671936
1001618,Garland Buckeye,Garland Buckeye,CLE,Indians,5,P,76.0,204.6666,2.042257785797119,0.2951706349849701,2.3374284207820892
1015824,Oliver Marcell,Oliver Marcell,AC,Bacharach Giants,1097,3B,349.0,,,2.3228986263275146,2.3228986263275146
1001038,Sheriff Blake,Sheriff Blake,CHC,Cubs,17,P,88.0,224.3333,2.612023115158081,-0.3008821904659271,2.311140924692154
1015616,Wade Johnston,Wade Johnston,KCM,Monarchs,1163,LF,370.0,,,2.307908535003662,2.307908535003662
1016297,Basilio Rosell,Basilio Rosell,CSW,Cuban Stars West,1158,P,68.0,149.0,2.3321518898010254,-0.040501609444618225,2.291650280356407
1006683,Willie Kamm,Willie Kamm,CHW,White Sox,4,3B,635.0,,,2.274409294128418,2.274409294128418
1016504,Joe Strong,Joe Strong,BBS,Black Sox,1098,P,55.0,132.0,2.134392499923706,0.13857439160346985,2.272966891527176
1011291,Dutch Ruether,Dutch Ruether,NYY,Yankees,9,P,88.0,184.0,1.7107865810394287,0.5546054840087891,2.2653920650482178
1001944,Max Carey,Max Carey,BRO,Robins,22,RF/CF,623.0,,,2.2586171627044678,2.2586171627044678
1014588,Cool Papa Bell,Cool Papa Bell,SLS,Stars,1168,CF,450.0,,,2.2537145614624023,2.2537145614624023
1015416,Rats Henderson,Rats Henderson,AC,Bacharach Giants,1097,P,61.0,148.0,2.3618369102478027,-0.12734660506248474,2.234490305185318
1003984,Alex Ferguson,Alex Ferguson,PHI,Phillies,26,P,85.0,227.0,2.9637579917907715,-0.7294191122055054,2.234338879585266
1005431,Slim Harriss,Slim Harriss,BOS,Red Sox,3,P,75.0,217.6666,2.7513749599456787,-0.5392448306083679,2.212130129337311
1016407,Clarence Smith,Clarence Smith,AC,Bacharach Giants,1097,RF/LF,323.0,2.0,-0.04460451751947403,2.251762866973877,2.207158349454403
1015668,Newt Joseph,Newt Joseph,KCM,Monarchs,1163,3B,312.0,,,2.205462694168091,2.205462694168091
1016619,Steel Arm Tyler,Steel Arm Tyler,- - -,- - -,0,P,46.0,145.3333,2.6533747911453247,-0.48175573721528053,2.171619053930044
1008871,Bing Miller,Bing Miller,SLB,Browns,2,CF/LF,553.0,,,2.162644624710083,2.162644624710083
1011869,Bill Sherdel,Bill Sherdel,STL,Cardinals,28,P,85.0,232.3333,2.026275873184204,0.13509848713874817,2.1613743603229523
1016754,John Williams,John Williams,SLS,Stars,1168,P,48.0,105.0,1.8459521532058716,0.2990611791610718,2.1450133323669434
1011521,Wally Schang,Wally Schang,SLB,Browns,2,C,311.0,,,2.138624668121338,2.138624668121338
1002451,Eddie Collins,Eddie Collins,PHA,Athletics,10,2B,290.0,,,2.1359198093414307,2.1359198093414307
1009132,Wilcy Moore,Wilcy Moore,NYY,Yankees,9,P,86.0,213.0,2.8694987297058105,-0.7368019819259644,2.132696747779846
1002914,Kiki Cuyler,Kiki Cuyler,PIT,Pirates,27,CF,330.0,,,2.1228582859039307,2.1228582859039307
1001143,Joe Boley,Joe Boley,PHA,Athletics,10,SS,415.0,,,2.1182687282562256,2.1182687282562256
1007077,Mark Koenig,Mark Koenig,NYY,Yankees,9,SS,568.0,,,2.1097500324249268,2.1097500324249268
1016767,Poindexter Williams,Poindexter Williams,BBB,Black Barons,1149,C,234.0,,,2.0991079807281494,2.0991079807281494
1005691,Babe Herman,Babe Herman,BRO,Robins,22,1B,466.0,,,2.09425687789917,2.09425687789917
1013053,Hollis Thurston,Sloppy Thurston,WAS,Senators,8,P,101.0,205.3333,1.0220755338668823,1.0652387142181396,2.087314248085022
1002460,Pat Collins,Pat Collins,NYY,Yankees,9,C,311.0,,,2.086801052093506,2.086801052093506
1016319,John Henry Russell,John Henry Russell,SLS,Stars,1168,2B,312.0,,,2.0559017658233643,2.0559017658233643
1014280,Glenn Wright,Glenn Wright,PIT,Pirates,27,SS,626.0,,,2.0454814434051514,2.0454814434051514
1005359,Bubbles Hargrave,Bubbles Hargrave,CIN,Reds,18,C,349.0,,,2.024714469909668,2.024714469909668
1004126,Ira Flagstead,Ira Flagstead,BOS,Red Sox,3,CF,555.0,,,2.0132498741149902,2.0132498741149902
1013510,Curt Walker,Curt Walker,CIN,Reds,18,RF,601.0,,,2.0082662105560303,2.0082662105560303
1014809,Cliff Carter,Cliff Carter,HBG,Giants,1101,P,84.0,180.0,2.299891948699951,-0.30072250962257385,1.9991694390773773
1005669,Dutch Henry,Dutch Henry,NYG,Giants,30,P,58.0,163.6666,1.8715659379959106,0.1233140304684639,1.9948799684643745
1001709,George Burns,George Burns,CLE,Indians,5,1B,607.0,,,1.981130838394165,1.981130838394165
1014683,Chet Brewer,Chet Brewer,KCM,Monarchs,1163,P,59.0,129.3333,0.99666428565979,0.977783203125,1.97444748878479
1011025,Charlie Robertson,Charlie Robertson,BSN,Braves,16,P,54.0,154.3333,1.9207515716552734,0.03615086153149605,1.9569024331867695
1008313,Carl Mays,Carl Mays,CIN,Reds,18,P,33.0,82.0,1.3898035287857056,0.5642423033714294,1.954045832157135
1002463,Rip Collins,Rip Collins,DET,Tigers,6,P,67.0,172.6666,1.880178689956665,0.06784611940383911,1.9480248093605042
1004122,Freddie Fitzsimmons,Freddie Fitzsimmons,NYG,Giants,30,P,96.0,244.6666,2.0563266277313232,-0.11138247698545456,1.9449441507458687
1006511,Walter Johnson,Walter Johnson,WAS,Senators,8,P,50.0,107.6666,1.2680273056030273,0.6767209768295288,1.9447482824325562
1001961,Hal Carlson,Hal Carlson,- - -,- - -,0,P,97.0,247.99990000000003,2.365556001663208,-0.4277299549430609,1.9378260467201471
1016057,Alejandro Oms,Alejandro Oms,CSE,Cuban Stars East,1100,CF,220.0,,,1.9293179512023926,1.9293179512023926
1006355,Charlie Jamieson,Charlie Jamieson,CLE,Indians,5,LF,572.0,,,1.9286667108535767,1.9286667108535767
1013602,Aaron Ward,Aaron Ward,CHW,White Sox,4,2B,551.0,,,1.927709937095642,1.927709937095642
1006644,Joe Judge,Joe Judge,WAS,Senators,8,1B,592.0,,,1.9035578966140747,1.9035578966140747
1001514,Eddie Brown,Eddie Brown,BSN,Braves,16,LF,605.0,,,1.8949030637741089,1.8949030637741089
1015995,Yellow Horse Morris,Yellow Horse Morris,DS,Stars,1161,P,69.0,185.0,1.9622721672058105,-0.09553392976522446,1.866738237440586
1005068,Charlie Grimm,Charlie Grimm,CHC,Cubs,17,1B,617.0,,,1.8620178699493408,1.8620178699493408
1001054,Ted Blankenship,Ted Blankenship,CHW,White Sox,4,P,87.0,236.6666,1.511771559715271,0.3421304523944855,1.8539020121097565
1016528,Ben Taylor,Ben Taylor,BBS,Black Sox,1098,1B,262.0,,,1.848209261894226,1.848209261894226
1014790,Walter Cannady,Walter Cannady,HBG,Giants,1101,3B/SS,287.0,,,1.844100832939148,1.844100832939148
1014647,Willie Bobo,Willie Bobo,SLS,Stars,1168,1B,358.0,,,1.833661437034607,1.833661437034607
1015599,Judy Johnson,Judy Johnson,HIL,Club,1102,3B,299.0,,,1.8170095682144165,1.8170095682144165
1014997,Roosevelt Davis,Roosevelt Davis,SLS,Stars,1168,P,58.0,169.6666,1.750033974647522,0.05058766156435013,1.800621636211872
1016248,Bill Riggins,Bill Riggins,CHT,Hornets,1155,SS,153.0,,,1.7883448600769043,1.7883448600769043
1000855,Larry Benton,Larry Benton,- - -,- - -,0,P,82.0,233.3333,1.9954238831996918,-0.2163582257926464,1.7790656574070454
1003941,Doc Farrell,Doc Farrell,- - -,- - -,0,2B/SS,616.0,,,1.760206624865532,1.760206624865532
1015069,Valentín Dreke,Valentín Dreke,CSW,Cuban Stars West,1158,CF/LF,256.0,,,1.7361611127853394,1.7361611127853394
1005402,Bucky Harris,Bucky Harris,WAS,Senators,8,2B,576.0,,,1.7330349683761597,1.7330349683761597
1005643,Harvey Hendrick,Harvey Hendrick,BRO,Robins,22,1B/RF,495.0,,,1.7238969802856445,1.7238969802856445
1003438,Taylor Douthit,Taylor Douthit,STL,Cardinals,28,CF,555.0,,,1.7022732496261597,1.7022732496261597
1015178,Willis Flournoy,Willis Flournoy,BRG,Royal Giants,1099,P,41.0,89.3333,1.066239833831787,0.6144409775733948,1.6806808114051819
1015587,Claude Johnson,Claude Johnson,DS,Stars,1161,2B/3B,354.0,,,1.6770367622375488,1.6770367622375488
1013773,Jimmy Welsh,Jimmy Welsh,BSN,Braves,16,CF,556.0,,,1.6531219482421875,1.6531219482421875
1015262,Carl Glass,Carl Glass,- - -,- - -,0,P,87.0,155.3333,1.8938648700714111,-0.244554802775383,1.6493100672960281
1013981,Cy Williams,Cy Williams,PHI,Phillies,26,RF,570.0,,,1.6334044933319092,1.6334044933319092
1012850,Jackie Tavener,Jackie Tavener,DET,Tigers,6,SS,474.0,,,1.6290160417556763,1.6290160417556763
1015466,Crush Holloway,Crush Holloway,BBS,Black Sox,1098,LF,292.0,,,1.6242464780807495,1.6242464780807495
1008089,Heinie Manush,Heinie Manush,DET,Tigers,6,CF,659.0,,,1.623594880104065,1.623594880104065
1014955,Rube Curry,Rube Curry,CAG,American Giants,1151,P,47.0,92.3333,2.0563273429870605,-0.44336262345314026,1.6129647195339203
1003707,Howard Ehmke,Howard Ehmke,PHA,Athletics,10,P,71.0,189.6666,1.732284426689148,-0.12832728028297424,1.6039571464061737
1000592,Bill Barrett,Bill Barrett,CHW,White Sox,4,RF,634.0,,,1.6037662029266357,1.6037662029266357
1012570,Lil Stoner,Lil Stoner,DET,Tigers,6,P,82.0,215.0,2.2840616703033447,-0.6830266118049622,1.6010350584983826
1014680,James Bray,James Bray,CAG,American Giants,1151,C,160.0,,,1.5731306076049805,1.5731306076049805
1003889,Red Faber,Red Faber,CHW,White Sox,4,P,44.0,110.6666,1.3124983310699463,0.24564571678638458,1.5581440478563309
1002780,Hughie Critz,Hughie Critz,CIN,Reds,18,2B,429.0,,,1.5475674867630005,1.5475674867630005
1009415,Buddy Myer,Buddy Myer,- - -,- - -,0,SS,601.0,,,1.5390618927776814,1.5390618927776814
1010900,Sam Rice,Sam Rice,WAS,Senators,8,RF,651.0,,,1.528852105140686,1.528852105140686
1014405,Tom Zachary,Tom Zachary,- - -,- - -,0,P,72.0,180.9999,1.9525293111801147,-0.45858579874038696,1.4939435124397278
1004221,Horace Ford,Hod Ford,CIN,Reds,18,SS,456.0,,,1.4867675304412842,1.4867675304412842
1011425,Heinie Sand,Heinie Sand,PHI,Phillies,26,3B/SS,622.0,,,1.4821277856826782,1.4821277856826782
1011247,Edd Roush,Edd Roush,NYG,Giants,30,CF,614.0,,,1.4783183336257935,1.4783183336257935
1016321,Red Ryan,Red Ryan,HIL,Club,1102,P,58.0,145.6666,1.5963741540908813,-0.12231532484292984,1.4740588292479515
1000739,Clyde Beck,Clyde Beck,CHC,Cubs,17,2B,450.0,,,1.4577052593231201,1.4577052593231201
1004674,Sam Gibson,Sam Gibson,DET,Tigers,6,P,69.0,184.6666,1.5547479391098022,-0.11213856190443039,1.4426093772053719
1005004,Kent Greenfield,Kent Greenfield,- - -,- - -,0,P,77.0,210.0,1.7119911313056946,-0.27578961104154587,1.4362015202641487
1016348,George Scales,George Scales,NLG,Lincoln Giants,1103,3B/SS,114.0,,,1.4254158735275269,1.4254158735275269
1005559,Cliff Heathcote,Cliff Heathcote,CHC,Cubs,17,RF,258.0,,,1.4245109558105469,1.4245109558105469
1014959,Eggie Dallard,Eggie Dallard,AC,Bacharach Giants,1097,1B,356.0,,,1.424055576324463,1.424055576324463
1012021,George Sisler,George Sisler,SLB,Browns,2,1B,661.0,,,1.41298508644104,1.41298508644104
1015740,Oscar Levis,Oscar Levis,CSE,Cuban Stars East,1100,P/1B,70.0,104.0,1.4284197092056274,-0.015490387566387653,1.4129293216392398
1008439,Harry McCurdy,Harry McCurdy,CHW,White Sox,4,C,300.0,,,1.4089760780334473,1.4089760780334473
1004969,Sam Gray,Dolly Gray,PHA,Athletics,10,P,48.0,133.3333,1.5138826370239258,-0.10497043281793594,1.4089122042059898
1003785,Woody English,Woody English,CHC,Cubs,17,SS,374.0,,,1.3939851522445679,1.3939851522445679
1015932,Bob Miller,Bob Miller,- - -,- - -,0,2B/SS,315.0,,,1.386081911623478,1.386081911623478
1007904,Danny MacFayden,Danny MacFayden,BOS,Red Sox,3,P,57.0,160.3333,0.8618521094322205,0.5174010396003723,1.3792531490325928
1014208,Larry Woodall,Larry Woodall,DET,Tigers,6,C,292.0,,,1.3706178665161133,1.3706178665161133
1011296,Red Ruffing,Red Ruffing,BOS,Red Sox,3,P,62.0,158.3333,1.171293020248413,0.19447584450244904,1.3657688647508621
1004264,Jack Fournier,Jack Fournier,BSN,Braves,16,1B,433.0,,,1.36259925365448,1.36259925365448
1014877,Phil Cockrell,Phil Cockrell,HIL,Club,1102,P,90.0,197.6666,2.149129629135132,-0.796906590461731,1.3522230386734009
1008866,Johnny Miljus,Johnny Miljus,PIT,Pirates,27,P,29.0,75.6666,1.4653559923171997,-0.1314566433429718,1.333899348974228
1000576,Virgil Barnes,Virgil Barnes,NYG,Giants,30,P,87.0,228.6666,2.205461263656616,-0.871701180934906,1.3337600827217102
1016856,Maurice Young,Maurice Young,KCM,Monarchs,1163,P,26.0,65.0,1.3473230600357056,-0.013960803858935833,1.3333622561767697
1002513,Sarge Connally,Sarge Connally,CHW,White Sox,4,P,76.0,198.3333,0.8021841645240784,0.5293671488761902,1.3315513134002686
1008637,Marty McManus,Marty McManus,DET,Tigers,6,2B/SS,422.0,,,1.32791006565094,1.32791006565094
1016210,Connie Rector,Connie Rector,NLG,Lincoln Giants,1103,P/RF,62.0,91.0,1.1479907035827637,0.17234432697296143,1.320335030555725
1010921,Lance Richbourg,Lance Richbourg,BSN,Braves,16,RF,491.0,,,1.3194400072097778,1.3194400072097778
1008540,Bob McGraw,Bob McGraw,- - -,- - -,0,P,38.0,98.0,1.2560587748885155,0.04049720615148544,1.296555981040001
1001752,Guy Bush,Guy Bush,CHC,Cubs,17,P,71.0,193.3333,1.8325954675674438,-0.5514569878578186,1.2811384797096252
1010878,Flint Rhem,Flint Rhem,STL,Cardinals,28,P,64.0,169.3333,1.9796171188354492,-0.7049168348312378,1.2747002840042114
1007424,Freddy Leach,Freddy Leach,PHI,Phillies,26,CF,580.0,,,1.270158052444458,1.270158052444458
1000646,Johnny Bassler,Johnny Bassler,DET,Tigers,6,C,254.0,,,1.267484188079834,1.267484188079834
1011128,Billy Rogell,Billy Rogell,BOS,Red Sox,3,3B,236.0,,,1.2598726749420166,1.2598726749420166
1011174,Eddie Rommel,Eddie Rommel,PHA,Athletics,10,P,58.0,146.6666,1.5090728998184204,-0.25555574893951416,1.2535171508789062
1009524,Johnny Neun,Johnny Neun,DET,Tigers,6,1B,249.0,,,1.2447534799575806,1.2447534799575806
1016003,Dink Mothell,Dink Mothell,KCM,Monarchs,1163,2B/CF,340.0,,,1.233701229095459,1.233701229095459
1001398,Rube Bressler,Rube Bressler,CIN,Reds,18,LF,524.0,,,1.2279630899429321,1.2279630899429321
1009493,Bernie Neis,Bernie Neis,- - -,- - -,0,CF,210.0,,,1.221171572804451,1.221171572804451
1013355,Elam Vangilder,Elam Vangilder,SLB,Browns,2,P,73.0,203.0,0.8776152729988098,0.3378969430923462,1.215512216091156
1016627,Columbus Vance,Columbus Vance,BBB,Black Barons,1149,P,11.0,30.3333,1.1803288459777832,0.02112133614718914,1.2014501821249723
1014715,Jim Brown,Jim Brown,CAG,American Giants,1151,C/1B,308.0,,,1.2013523578643799,1.2013523578643799
1016668,Pinky Ward,Pinky Ward,- - -,- - -,0,CF,350.0,,,1.1956098228693008,1.1956098228693008
1012781,Les Sweetland,Les Sweetland,PHI,Phillies,26,P,44.0,103.6666,0.7886936068534851,0.39410829544067383,1.182801902294159
1014800,George Carr,George Carr,HIL,Club,1102,1B,320.0,,,1.153585433959961,1.153585433959961
1015688,Harry Kenyon,Harry Kenyon,DS,Stars,1161,P/LF,77.0,63.0,0.7057374715805054,0.44630447030067444,1.1520419418811798
1015816,Dave Malarcher,Dave Malarcher,CAG,American Giants,1151,3B,360.0,,,1.1494063138961792,1.1494063138961792
1015810,Biz Mackey,Biz Mackey,HIL,Club,1102,C,116.0,,,1.1474575996398926,1.1474575996398926
1016550,Clint Thomas,Clint Thomas,- - -,- - -,0,CF/LF,310.0,,,1.1290433257818222,1.1290433257818222
1010116,Roger Peckinpaugh,Roger Peckinpaugh,CHW,White Sox,4,SS,246.0,,,1.1220651865005493,1.1220651865005493
1001093,Lu Blue,Lu Blue,DET,Tigers,6,1B,454.0,,,1.1147396564483643,1.1147396564483643
1012439,Arnold Statz,Jigger Statz,BRO,Robins,22,CF,547.0,,,1.109658122062683,1.109658122062683
1002003,Ownie Carroll,Ownie Carroll,DET,Tigers,6,P,72.0,172.0,1.3372844457626343,-0.23728333413600922,1.100001111626625
1015904,Hurley McNair,Hurley McNair,KCM,Monarchs,1163,RF,345.0,,,1.0967187881469727,1.0967187881469727
1005878,Johnny Hodapp,Johnny Hodapp,CLE,Indians,5,3B,261.0,,,1.087314248085022,1.087314248085022
1016704,Edgar Wesley,Edgar Wesley,- - -,- - -,0,1B,124.0,,,1.0649828165769577,1.0649828165769577
1005924,Shanty Hogan,Shanty Hogan,BSN,Braves,16,C,246.0,,,1.0482547283172607,1.0482547283172607
1015861,George McAllister,George McAllister,BBB,Black Barons,1149,1B,380.0,,,1.037983775138855,1.037983775138855
1011313,Jack Russell,Jack Russell,BOS,Red Sox,3,P,49.0,147.0,1.3831839561462402,-0.3516120910644531,1.031571865081787
1009866,Bob Osborn,Bob Osborn,CHC,Cubs,17,P,40.0,107.6666,1.0914582014083862,-0.06508554518222809,1.0263726562261581
1011692,Pete Scott,Pete Scott,CHC,Cubs,17,RF,180.0,,,1.0182690620422363,1.0182690620422363
1016085,Clarence Palm,Clarence Palm,BBB,Black Barons,1149,C,164.0,,,1.007554054260254,1.007554054260254
1009104,Eddie Moore,Eddie Moore,BSN,Braves,16,2B/3B,462.0,,,1.0054020881652832,1.0054020881652832
1012291,Billy Southworth,Billy Southworth,STL,Cardinals,28,RF,341.0,,,1.0025994777679443,1.0025994777679443
1008998,Clarence Mitchell,Clarence Mitchell,PHI,Phillies,26,P,46.0,94.6666,0.845008134841919,0.1470337212085724,0.9920418560504913
1004581,Mike Gazella,Mike Gazella,NYY,Yankees,9,3B,148.0,,,0.9908621907234192,0.9908621907234192
1000139,Ethan Allen,Ethan Allen,CIN,Reds,18,CF,388.0,,,0.9906383752822876,0.9906383752822876
1016516,George Sweatt,George Sweatt,CAG,American Giants,1151,CF,340.0,,,0.9883137941360474,0.9883137941360474
1008100,Firpo Marberry,Firpo Marberry,WAS,Senators,8,P,43.0,155.3333,1.3469891548156738,-0.3592483401298523,0.9877408146858215
1015038,Heliodoro Díaz,Heliodoro Díaz,CSW,Cuban Stars West,1158,P,53.0,125.0,1.1611024141311646,-0.1766989529132843,0.9844034612178802
1010895,Harry Rice,Harry Rice,SLB,Browns,2,RF/CF,588.0,,,0.9829368591308594,0.9829368591308594
1016334,Pedro San,Pedro San,CSE,Cuban Stars East,1100,P,57.0,141.0,0.8665071725845337,0.1046321913599968,0.9711393639445305
1015645,Johnny Jones,Johnny Jones,DS,Stars,1161,LF,149.0,,,0.9693338871002197,0.9693338871002197
1000815,Les Bell,Les Bell,STL,Cardinals,28,3B,438.0,,,0.9624039530754089,0.9624039530754089
1002873,Jack Cummings,Jack Cummings,NYG,Giants,30,C,89.0,,,0.9519339799880981,0.9519339799880981
1008685,Hugh McQuillan,Hugh McQuillan,- - -,- - -,0,P,49.0,136.0,0.8472036570310593,0.08046346344053745,0.9276671204715967
1004484,Babe Ganzel,Babe Ganzel,WAS,Senators,8,CF/LF,58.0,,,0.9232801198959351,0.9232801198959351
1015462,Bill Holland,Bill Holland,BRG,Royal Giants,1099,P,46.0,84.3333,0.990965723991394,-0.06956671923398972,0.9213990047574043
1016847,Laymon Yokely,Laymon Yokely,BBS,Black Sox,1098,P,56.0,164.6666,1.4281680583953857,-0.5088450908660889,0.9193229675292969
1015216,Cocaína García,Cocaína García,CSW,Cuban Stars West,1158,P/RF,152.0,98.0,-0.05631956458091736,0.9748927354812622,0.9185731709003448
1006589,Sad Sam Jones,Sam Jones,SLB,Browns,2,P,65.0,189.6666,1.0815021991729736,-0.16984331607818604,0.9116588830947876
1016529,Candy Jim Taylor,Candy Jim Taylor,SLS,Stars,1168,P/3B,55.0,5.0,0.2453428953886032,0.6621567606925964,0.9074996560811996
1005981,Wattie Holm,Wattie Holm,STL,Cardinals,28,LF,460.0,,,0.905928909778595,0.905928909778595
1014696,Irvin Brooks,Irvin Brooks,BRG,Royal Giants,1099,CF,140.0,,,0.8948248624801636,0.8948248624801636
1005795,Andy High,Andy High,BSN,Braves,16,3B,422.0,,,0.8763583302497864,0.8763583302497864
1016485,Jake Stephens,Jake Stephens,HIL,Club,1102,SS,316.0,,,0.8659386038780212,0.8659386038780212
1016859,Tom Young,Tom Young,KCM,Monarchs,1163,C,275.0,,,0.8477911949157715,0.8477911949157715
1004285,Jimmie Foxx,Jimmie Foxx,PHA,Athletics,10,1B,146.0,,,0.8428081274032593,0.8428081274032593
1004609,Joe Genewich,Joe Genewich,BSN,Braves,16,P,61.0,181.0,0.9792781472206116,-0.13671061396598816,0.8425675332546234
1012160,Jack Smith,Jack Smith,BSN,Braves,16,RF/CF,207.0,,,0.8380943536758423,0.8380943536758423
1014129,Ernie Wingard,Ernie Wingard,SLB,Browns,2,P,60.0,156.3333,0.6440609693527222,0.18681104481220245,0.8308720141649246
1003336,Bill Doak,Bill Doak,BRO,Robins,22,P,55.0,145.0,1.2279027700424194,-0.40078428387641907,0.8271184861660004
1009485,Art Nehf,Art Nehf,- - -,- - -,0,P,22.0,71.6666,0.8167481422424316,-0.004538975656032562,0.8122091665863991
1011632,Fred Schulte,Fred Schulte,SLB,Browns,2,CF,216.0,,,0.8095028400421143,0.8095028400421143
1013775,Tony Welzer,Tony Welzer,BOS,Red Sox,3,P,57.0,171.6666,0.976050615310669,-0.1708955466747284,0.8051550686359406
1013792,Johnny Werts,Johnny Werts,BSN,Braves,16,P,48.0,164.3333,0.8753432631492615,-0.07227872312068939,0.8030645400285721
1015220,Ping Gardner,Ping Gardner,HBG,Giants,1101,P,23.0,57.6666,0.6874730587005615,0.11050878465175629,0.7979818433523178
1015873,Bob McClure,Bob McClure,BBS,Black Sox,1098,P,61.0,137.3333,1.3290001153945923,-0.5389906167984009,0.7900094985961914
1015651,Ruben Jones,Ruben Jones,BBB,Black Barons,1149,RF/LF,275.0,,,0.7896662354469299,0.7896662354469299
1005966,Ken Holloway,Ken Holloway,DET,Tigers,6,P,69.0,183.3333,1.370651364326477,-0.5947647094726562,0.7758866548538208
1006799,George Kelly,George Kelly,CIN,Reds,18,1B,236.0,,,0.7724781632423401,0.7724781632423401
1016010,Mitchell Murray,Mitchell Murray,SLS,Stars,1168,C,213.0,,,0.7660066485404968,0.7660066485404968
1015087,Frank Duncan,Frank Duncan,KCM,Monarchs,1163,C,62.0,,,0.7561677694320679,0.7561677694320679
1013088,Jack Tobin,Jack Tobin,BOS,Red Sox,3,RF,419.0,,,0.746976912021637,0.746976912021637
1016288,Nat Rogers,Nat Rogers,- - -,- - -,0,LF,261.0,,,0.73572638630867,0.73572638630867
1014970,Pepper Daniels,Pepper Daniels,DS,Stars,1161,C,311.0,,,0.7335782647132874,0.7335782647132874
1010309,Val Picinich,Val Picinich,CIN,Reds,18,C,205.0,,,0.7190415263175964,0.7190415263175964
1001023,Ray Blades,Ray Blades,STL,Cardinals,28,RF/LF,216.0,,,0.7153095006942749,0.7153095006942749
1004297,Fred Frankhouse,Fred Frankhouse,STL,Cardinals,28,P,22.0,50.0,0.6684239506721497,0.03857811540365219,0.7070020660758018
1015347,Halley Harding,Halley Harding,DS,Stars,1161,SS,370.0,,,0.7015653848648071,0.7015653848648071
1002315,Watson Clark,Watty Clark,BRO,Robins,22,P,23.0,73.6666,0.8180903792381287,-0.12250487506389618,0.6955855041742325
1009838,Frank O'Rourke,Frank O'Rourke,SLB,Browns,2,3B,627.0,,,0.6689611673355103,0.6689611673355103
1016159,Robert Poindexter,Robert Poindexter,BBB,Black Barons,1149,P,65.0,157.0,0.4516834616661072,0.20336611568927765,0.6550495773553848
1015077,Ernest Duff,Ernest Duff,CHT,Hornets,1155,RF/CF,158.0,,,0.6455957889556885,0.6455957889556885
1015134,Isidro Fabré,Isidro Fabré,CSE,Cuban Stars East,1100,LF,147.0,60.3333,0.6161039471626282,0.016118822619318962,0.6322227697819471
1016570,Sandy Thompson,Sandy Thompson,BBB,Black Barons,1149,CF,380.0,,,0.6281049251556396,0.6281049251556396
1013633,Jack Warner,Jack Warner,DET,Tigers,6,3B,629.0,,,0.623379111289978,0.623379111289978
1014839,Porter Charleston,Porter Charleston,HIL,Club,1102,P,9.0,27.3333,0.5799068808555603,0.03572651743888855,0.6156333982944489
1015332,Perry Hall,Perry Hall,MRS,Red Sox,1166,RF,71.0,1.0,-0.12477734684944153,0.7358986735343933,0.6111213266849518
1016509,Tack Summers,Tack Summers,CHT,Hornets,1155,LF,120.0,,,0.6078752279281616,0.6078752279281616
1009280,Heinie Mueller,Heinie Mueller,NYG,Giants,30,LF,223.0,,,0.607213020324707,0.607213020324707
1014587,Cliff Bell,Cliff Bell,MRS,Red Sox,1166,P,90.0,154.0,1.3699268102645874,-0.7674901485443115,0.6024366617202759
1014911,Charles Corbett,Charles Corbett,- - -,- - -,0,P,15.0,35.6666,0.25820570811629295,0.3404754400253296,0.5986811481416225
1009850,Ernie Orsatti,Ernie Orsatti,STL,Cardinals,28,RF,105.0,,,0.5940369963645935,0.5940369963645935
1009740,Bob O'Farrell,Bob O'Farrell,STL,Cardinals,28,C,203.0,,,0.5885832905769348,0.5885832905769348
1015884,Luther McDonald,Luther McDonald,SLS,Stars,1168,P,53.0,138.6666,0.680110514163971,-0.10257832705974579,0.5775321871042252
1016214,Dick Redding,Dick Redding,BRG,Royal Giants,1099,P,23.0,42.3333,0.43341413140296936,0.14089398086071014,0.5743081122636795
1015842,Charlie Mason,Charlie Mason,NLG,Lincoln Giants,1103,LF,125.0,,,0.5658055543899536,0.5658055543899536
1003092,Joe Dawson,Joe Dawson,PIT,Pirates,27,P,26.0,80.6666,0.6693160533905029,-0.10509296506643295,0.56422308832407
1007570,Emil Levsen,Dutch Levsen,CLE,Indians,5,P,25.0,80.3333,0.6713554859161377,-0.10725905001163483,0.5640964359045029
1014782,Bullet Campbell,Bullet Campbell,HIL,Club,1102,P,39.0,101.6666,1.057244896888733,-0.4993618130683899,0.557883083820343
1003537,Joe Dugan,Joe Dugan,NYY,Yankees,9,3B,429.0,,,0.556969165802002,0.556969165802002
1015230,Bill Gatewood,Bill Gatewood,- - -,- - -,0,P,24.0,52.6666,0.5150314569473267,0.034055447205901146,0.5490869041532278
1012127,Earl Smith,Earl Smith,PIT,Pirates,27,C,222.0,,,0.5401248335838318,0.5401248335838318
1009157,Ray Morehart,Ray Morehart,NYY,Yankees,9,2B,230.0,,,0.5216246843338013,0.5216246843338013
1014908,Sam Cooper,Sam Cooper,HBG,Giants,1101,P,25.0,66.0,0.7086619734764099,-0.18732446432113647,0.5213375091552734
1012834,Bennie Tate,Bennie Tate,WAS,Senators,8,C,145.0,,,0.5106419324874878,0.5106419324874878
1010571,Pid Purdy,Pid Purdy,CIN,Reds,18,CF,70.0,,,0.5045918822288513,0.5045918822288513
1004205,Lew Fonseca,Lew Fonseca,CLE,Indians,5,2B,459.0,,,0.49845054745674133,0.49845054745674133
1014456,Billy Zitzmann,Billy Zitzmann,CIN,Reds,18,CF,273.0,,,0.49529626965522766,0.49529626965522766
1015839,Stack Martin,Stack Martin,DS,Stars,1161,1B/LF,209.0,,,0.4922882318496704,0.4922882318496704
1004910,Johnny Grabowski,Johnny Grabowski,NYY,Yankees,9,C,223.0,,,0.49082741141319275,0.49082741141319275
1005305,Fred Haney,Fred Haney,- - -,- - -,0,3B,152.0,,,0.47383565455675125,0.47383565455675125
1015747,Joe Lewis,Joe Lewis,HIL,Club,1102,C,165.0,,,0.46900826692581177,0.46900826692581177
1005360,Charlie Hargreaves,Charlie Hargreaves,BRO,Robins,22,C,151.0,,,0.46487581729888916,0.46487581729888916
1015750,Milton Lewis,Milton Lewis,AC,Bacharach Giants,1097,2B,316.0,5.0,-0.00606573186814785,0.46676376461982727,0.4606980327516794
1015067,Bill Drake,Bill Drake,DS,Stars,1161,P,45.0,112.0,0.5765385627746582,-0.12083713710308075,0.45570142567157745
1002820,Alvin Crowder,Alvin Crowder,- - -,- - -,0,P,48.0,140.9999,0.5543549992144108,-0.10033287107944489,0.4540221281349659
1002254,Bud Clancy,Bud Clancy,CHW,White Sox,4,1B,514.0,,,0.4524382948875427,0.4524382948875427
1011621,Heinie Schuble,Heinie Schuble,STL,Cardinals,28,SS,228.0,,,0.45080822706222534,0.45080822706222534
1005653,Butch Henline,Butch Henline,BRO,Robins,22,C,203.0,,,0.45024996995925903,0.45024996995925903
1004341,Walter French,Walter French,PHA,Athletics,10,RF,356.0,,,0.44698309898376465,0.44698309898376465
1011767,Luke Sewell,Luke Sewell,CLE,Indians,5,C,512.0,,,0.4459807574748993,0.4459807574748993
1015336,J. H. Hamilton,J. H. Hamilton,BBB,Black Barons,1149,3B/SS,216.0,,,0.42814919352531433,0.42814919352531433
1015736,Bobo Leonard,Bobo Leonard,CHT,Hornets,1155,CF,38.0,,,0.4276873469352722,0.4276873469352722
1013828,Zack Wheat,Zack Wheat,PHA,Athletics,10,LF,276.0,,,0.4275827407836914,0.4275827407836914
1015258,Willie Gisentaner,Willie Gisentaner,NLG,Lincoln Giants,1103,P/RF,42.0,54.0,0.7580479979515076,-0.3361785411834717,0.4218694567680359
1012988,Myles Thomas,Myles Thomas,NYY,Yankees,9,P,31.0,88.6666,0.19420811533927917,0.2231147438287735,0.4173228591680527
1015364,Earl Harrison,Earl Harrison,SLS,Stars,1168,P,38.0,74.0,0.2817992866039276,0.13178478181362152,0.41358406841754913
1001434,Jim Brillheart,Jim Brillheart,CHC,Cubs,17,P,52.0,128.6666,1.1218140125274658,-0.714948296546936,0.4068657159805298
1015658,Willie Jones,Willie Jones,AC,Bacharach Giants,1097,C,251.0,,,0.40143242478370667,0.40143242478370667
1010962,Topper Rigney,Topper Rigney,- - -,- - -,0,SS,177.0,,,0.3909418135881424,0.3909418135881424
1014718,Larry Brown,Larry Brown,- - -,- - -,0,C,225.0,,,0.39050011336803436,0.39050011336803436
1007160,Red Kress,Red Kress,SLB,Browns,2,SS,27.0,,,0.3868844211101532,0.3868844211101532
1005916,Fred Hofmann,Fred Hofmann,BOS,Red Sox,3,C,249.0,,,0.3790372610092163,0.3790372610092163
1001309,Herb Bradley,Herb Bradley,BOS,Red Sox,3,P,7.0,23.0,0.2884693741798401,0.0863434299826622,0.3748128041625023
1002391,Dick Coffman,Dick Coffman,WAS,Senators,8,P,5.0,16.0,0.2902500331401825,0.07000642269849777,0.36025645583868027
1016260,Roy Roberts,Roy Roberts,AC,Bacharach Giants,1097,P,54.0,137.0,0.7331972122192383,-0.3745083510875702,0.3586888611316681
1006191,Bill Hunnefield,Bill Hunnefield,CHW,White Sox,4,SS,406.0,,,0.3548204302787781,0.3548204302787781
1013121,George Toporcer,Specs Toporcer,STL,Cardinals,28,3B/SS,329.0,,,0.34832075238227844,0.34832075238227844
1016648,Admiral Walker,Admiral Walker,KCM,Monarchs,1163,P,14.0,30.3333,0.08697497099637985,0.2597334682941437,0.34670843929052353
1001920,Guy Cantrell,Guy Cantrell,- - -,- - -,0,P,9.0,28.0,0.3670032201334834,-0.02204767055809498,0.34495554957538843
1001734,Dick Burrus,Dick Burrus,BSN,Braves,16,1B,248.0,,,0.3327469527721405,0.3327469527721405
1010036,Ben Paschal,Ben Paschal,NYY,Yankees,9,RF/LF,87.0,,,0.3312830626964569,0.3312830626964569
1006467,Jing Johnson,Jing Johnson,PHA,Athletics,10,P,15.0,51.6666,0.3936742842197418,-0.06496591120958328,0.32870837301015854
1014088,Jimmie Wilson,Jimmie Wilson,PHI,Phillies,26,C,489.0,,,0.31905704736709595,0.31905704736709595
1009217,Johnny Morrison,Johnny Morrison,PIT,Pirates,27,P,14.0,53.6666,0.3604513704776764,-0.043411921709775925,0.31703944876790047
1015051,Johnnie Bob Dixon,Johnnie Bob Dixon,CHT,Hornets,1155,P,3.0,8.0,0.36398446559906006,-0.05304562300443649,0.31093884259462357
1011825,Bob Shawkey,Bob Shawkey,NYY,Yankees,9,P,11.0,43.6666,0.43677565455436707,-0.1266319751739502,0.31014367938041687
1014130,Ted Wingfield,Ted Wingfield,BOS,Red Sox,3,P,19.0,74.6666,0.28428909182548523,0.022995131090283394,0.3072842229157686
1010375,Clarke Pittenger,Pinky Pittenger,CIN,Reds,18,2B/SS,90.0,,,0.3061661422252655,0.3061661422252655
1014294,Russ Wrightstone,Russ Wrightstone,PHI,Phillies,26,1B,591.0,,,0.30368107557296753,0.30368107557296753
1013105,Charles Tolson,Chick Tolson,CHC,Cubs,17,1B,61.0,,,0.29848167300224304,0.29848167300224304
1005450,Grover Hartley,Grover Hartley,BOS,Red Sox,3,C,274.0,,,0.2829734981060028,0.2829734981060028
1001921,Ben Cantwell,Ben Cantwell,NYG,Giants,30,P,8.0,19.6666,0.24624481797218323,0.03064282238483429,0.2768876403570175
1016076,Will Owens,Will Owens,- - -,- - -,0,SS,28.0,,,0.27120842784643173,0.27120842784643173
1015218,Jelly Gardner,Jelly Gardner,NLG,Lincoln Giants,1103,CF,22.0,,,0.26641902327537537,0.26641902327537537
1009254,Ray Moss,Ray Moss,BRO,Robins,22,P,4.0,8.3333,0.15917134284973145,0.09878058731555939,0.25795193016529083
1005309,Don Hankins,Don Hankins,DET,Tigers,6,P,7.0,42.6666,0.30599555373191833,-0.05873395875096321,0.24726159498095512
1008073,Les Mann,Les Mann,- - -,- - -,0,RF/LF,150.0,,,0.24598217010498047,0.24598217010498047
1014688,Otto Briggs,Otto Briggs,HIL,Club,1102,RF,278.0,,,0.24574679136276245,0.24574679136276245
1001141,Stew Bolen,Stew Bolen,SLB,Browns,2,P,3.0,9.6666,0.19866813719272614,0.04420987516641617,0.2428780123591423
1015918,Geechie Meredith,Geechie Meredith,- - -,- - -,0,2B,261.0,,,0.23467468842864037,0.23467468842864037
1000283,Pete Appleton,Pete Appleton,CIN,Reds,18,P,11.0,29.6666,-0.007790619507431984,0.23825348913669586,0.23046286962926388
1015054,Rap Dixon,Rap Dixon,HBG,Giants,1101,RF,81.0,,,0.2266685515642166,0.2266685515642166
1010498,Ike Powers,Ike Powers,PHA,Athletics,10,P,5.0,26.0,0.14165794849395752,0.07931234687566757,0.2209702953696251
1006708,Benn Karr,Benn Karr,CLE,Indians,5,P,25.0,76.6666,0.09471902996301651,0.12028590589761734,0.21500493586063385
1014484,Ángel Alfonso,Ángel Alfonso,CSE,Cuban Stars East,1100,2B,241.0,,,0.21203398704528809,0.21203398704528809
1012653,Guy Sturdy,Guy Sturdy,SLB,Browns,2,1B,22.0,,,0.20825274288654327,0.20825274288654327
1009414,Glenn Myatt,Glenn Myatt,CLE,Indians,5,C,109.0,,,0.2077912986278534,0.2077912986278534
1015303,Claude Grier,Claude Grier,AC,Bacharach Giants,1097,P,9.0,17.3333,0.22785624861717224,-0.021248305216431618,0.20660794340074062
1004848,Johnny Gooch,Johnny Gooch,PIT,Pirates,27,C,319.0,,,0.20611786842346191,0.20611786842346191
1016730,Fred Wiley,Fred Wiley,NLG,Lincoln Giants,1103,P,4.0,9.3333,0.21679183840751648,-0.01635684445500374,0.20043499395251274
1004841,Mike Gonzalez,Mike Gonzalez,CHC,Cubs,17,C,123.0,,,0.19745245575904846,0.19745245575904846
1015799,Kid Lowe,Kid Lowe,MRS,Red Sox,1166,2B/3B,127.0,,,0.1964135318994522,0.1964135318994522
1014282,Jim Wright,Jim Wright,SLB,Browns,2,P,5.0,12.0,0.2338746041059494,-0.03817064315080643,0.19570396095514297
1015181,Bill Force,Bill Force,BBS,Black Sox,1098,P,53.0,117.0,0.7410202026367188,-0.5460544228553772,0.19496577978134155
1014925,Charlie Craig,Charlie Craig,- - -,- - -,0,P,21.0,52.6666,0.1695017982274294,0.021159350872039795,0.19066114909946918
1015251,Henry Gillespie,Henry Gillespie,AC,Bacharach Giants,1097,P/RF,32.0,42.6666,0.27598831057548523,-0.08625739812850952,0.1897309124469757
1000566,Jesse Barnes,Jesse Barnes,BRO,Robins,22,P,24.0,78.6666,0.23799169063568115,-0.05019858852028847,0.18779310211539268
1016341,Augustus Saunders,Augustus Saunders,CHT,Hornets,1155,3B,10.0,,,0.18010622262954712,0.18010622262954712
1000738,Boom-Boom Beck,Boom-Boom Beck,SLB,Browns,2,P,4.0,11.3333,0.18171824514865875,-0.00424239644780755,0.1774758487008512
1000972,Josh Billings,Josh Billings,DET,Tigers,6,P,28.0,67.0,0.10590682178735733,0.06708411872386932,0.17299094051122665
1007659,Carlisle Littlejohn,Carlisle Littlejohn,STL,Cardinals,28,P,12.0,42.0,0.0010883316863328218,0.1718330681324005,0.17292139981873333
1004175,Jake Flowers,Jake Flowers,BRO,Robins,22,SS,259.0,,,0.17247126996517181,0.17247126996517181
1016070,Dewitt Owens,Dewitt Owens,BBB,Black Barons,1149,SS,247.0,,,0.1689523309469223,0.1689523309469223
1006581,Percy Jones,Percy Jones,CHC,Cubs,17,P,41.0,112.6666,-0.1633259654045105,0.33222532272338867,0.16889935731887817
1001754,Bullet Joe Bush,Joe Bush,- - -,- - -,0,P,10.0,18.6666,-0.06630310043692589,0.2345525100827217,0.16824940964579582
1002627,Chuck Corgan,Chuck Corgan,BRO,Robins,22,2B,62.0,,,0.16551728546619415,0.16551728546619415
1016005,John Mungin,John Mungin,HBG,Giants,1101,P,22.0,41.6666,0.4398612976074219,-0.2744753956794739,0.165385901927948
1016127,José Pérez,José Pérez,HBG,Giants,1101,1B,273.0,,,0.16533294320106506,0.16533294320106506
1015439,Wesley Hicks,Wesley Hicks,MRS,Red Sox,1166,LF,69.0,,,0.16071198880672455,0.16071198880672455
1000557,Charlie Barnabe,Charlie Barnabe,CHW,White Sox,4,P,24.0,61.0,0.03329876437783241,0.12188974767923355,0.15518851205706596
1016750,Henry Williams,Henry Williams,SLS,Stars,1168,C,221.0,,,0.15348060429096222,0.15348060429096222
1014360,Elmer Yoter,Elmer Yoter,CHC,Cubs,17,3B,31.0,,,0.1501905918121338,0.1501905918121338
1015774,Hubert Lockhart,Hubert Lockhart,AC,Bacharach Giants,1097,P,37.0,89.3333,0.4771253764629364,-0.32971620559692383,0.14740917086601257
1014832,Rube Chambers,Rube Chambers,NLG,Lincoln Giants,1103,P,17.0,40.3333,0.25470852851867676,-0.11093682795763016,0.1437717005610466
1008578,Hal McKain,Hal McKain,CLE,Indians,5,P,4.0,11.0,0.21780405938625336,-0.07466062158346176,0.1431434378027916
1002682,Stan Coveleski,Stan Coveleski,WAS,Senators,8,P,6.0,14.3333,0.10840099304914474,0.03413078561425209,0.14253177866339684
1014590,Fred Bell,Fred Bell,DS,Stars,1161,P,4.0,9.0,0.17587943375110626,-0.03630775213241577,0.1395716816186905
1006018,Paul Hopkins,Paul Hopkins,WAS,Senators,8,P,3.0,9.0,0.018853994086384773,0.11836255341768265,0.13721654750406742
1015558,Harry Jeffries,Harry Jeffries,DS,Stars,1161,3B,266.0,,,0.13338004052639008,0.13338004052639008
1015971,Esteban Montalvo,Esteban Montalvo,NLG,Lincoln Giants,1103,1B/RF,39.0,,,0.13122668862342834,0.13122668862342834
1016199,Alex Radcliff,Alex Radcliff,CAG,American Giants,1151,2B,5.0,,,0.1291620135307312,0.1291620135307312
1014914,Francisco Correa,Francisco Correa,CSW,Cuban Stars West,1158,SS,233.0,,,0.12885171175003052,0.12885171175003052
1014579,(Unknown) Baylock,,HBG,Giants,1101,P,1.0,3.6666,0.14633886516094208,-0.018332919105887413,0.12800594605505466
1003462,Jess Doyle,Jess Doyle,DET,Tigers,6,P,3.0,12.3333,0.10787837952375412,0.01589914970099926,0.12377752922475338
1003686,Foster Edwards,Foster Edwards,BSN,Braves,16,P,27.0,92.0,0.40270698070526123,-0.28302350640296936,0.11968347430229187
1000675,Jim Battle,Jim Battle,CHW,White Sox,4,3B/SS,9.0,,,0.11558347195386887,0.11558347195386887
1010782,Bill Regan,Bill Regan,BOS,Red Sox,3,2B,512.0,,,0.11486602574586868,0.11486602574586868
1015426,Logan Hensley,Logan Hensley,SLS,Stars,1168,P,10.0,35.0,0.29154708981513977,-0.17681872844696045,0.11472836136817932
1014497,Raúl Álvarez,Raúl Álvarez,CSE,Cuban Stars East,1100,P,18.0,46.0,0.25811365246772766,-0.144168883562088,0.11394476890563965
1004463,Chick Galloway,Chick Galloway,PHA,Athletics,10,SS,205.0,,,0.11337023973464966,0.11337023973464966
1010864,Carl Reynolds,Carl Reynolds,CHW,White Sox,4,LF,49.0,,,0.11303065717220306,0.11303065717220306
1003122,Art Decatur,Art Decatur,PHI,Phillies,26,P,32.0,94.6666,0.1218150332570076,-0.009089908562600613,0.11272512469440699
1002276,Danny Clark,Danny Clark,STL,Cardinals,28,RF,80.0,,,0.112372487783432,0.112372487783432
1003112,Wayland Dean,Wayland Dean,- - -,- - -,0,P,3.0,5.0,-0.030244924128055573,0.1418275237083435,0.11158259958028793
1008933,Russ Miller,Russ Miller,PHI,Phillies,26,P,6.0,15.3333,0.08053755760192871,0.0297401025891304,0.11027766019105911
1014777,Benito Calderón,Benito Calderón,CSW,Cuban Stars West,1158,C,218.0,,,0.10820335894823074,0.10820335894823074
1014824,John Cason,John Cason,BRG,Royal Giants,1099,C,85.0,,,0.10626417398452759,0.10626417398452759
1012205,Sherry Smith,Sherry Smith,CLE,Indians,5,P,13.0,38.0,0.14810022711753845,-0.041924264281988144,0.10617596283555031
1010777,Andy Reese,Randy Reese,NYG,Giants,30,3B,381.0,,,0.10273919254541397,0.10273919254541397
1008818,Irish Meusel,Irish Meusel,BRO,Robins,22,RF/LF,87.0,,,0.10136006772518158,0.10136006772518158
1016480,Otis Starks,Otis Starks,BRG,Royal Giants,1099,P,19.0,41.6666,0.13290446996688843,-0.03365301340818405,0.09925145655870438
1010810,Art Reinhart,Art Reinhart,STL,Cardinals,28,P,35.0,81.6666,0.04539123550057411,0.053347960114479065,0.09873919561505318
1016478,Jim Starks,Jim Starks,- - -,- - -,0,CF,20.0,,,0.09455661475658417,0.09455661475658417
1003958,Jim Faulkner,Jim Faulkner,NYG,Giants,30,P,3.0,9.6666,0.016395047307014465,0.0754006877541542,0.09179573506116867
1007088,Ray Kolp,Ray Kolp,CIN,Reds,18,P,31.0,82.3333,0.13261069357395172,-0.040943194180727005,0.09166749939322472
1015497,(Unknown) Howard,,MRS,Red Sox,1166,P,1.0,3.6666,0.10767385363578796,-0.017681872472167015,0.08999198116362095
1014902,Andy Cooper,Andy Cooper,DS,Stars,1161,P,28.0,77.6666,0.386146605014801,-0.2977616786956787,0.08838492631912231
1002916,Mike Cvengros,Mike Cvengros,PIT,Pirates,27,P,21.0,53.6666,0.15784099698066711,-0.06963931024074554,0.08820168673992157
1016551,Dan Thomas,Dan Thomas,CHT,Hornets,1155,2B/3B,11.0,,,0.08491159230470657,0.08491159230470657
1000570,Red Barnes,Red Barnes,WAS,Senators,8,RF/CF,12.0,,,0.07631390541791916,0.07631390541791916
1004577,Doc Gautreau,Doc Gautreau,BSN,Braves,16,2B,270.0,,,0.0731595829129219,0.0731595829129219
1007271,Bill Lamar,Bill Lamar,PHA,Athletics,10,LF,355.0,,,0.06947873532772064,0.06947873532772064
1001414,Fred Brickell,Fred Brickell,PIT,Pirates,27,RF/LF,23.0,,,0.06874871999025345,0.06874871999025345
1013008,Fresco Thompson,Fresco Thompson,PHI,Phillies,26,2B,651.0,,,0.06861624121665955,0.06861624121665955
1004942,Hank Grampp,Hank Grampp,CHC,Cubs,17,P,,3.0,0.06535892188549042,0.0,0.06535892188549042
1008099,Rabbit Maranville,Rabbit Maranville,STL,Cardinals,28,SS,31.0,,,0.06461071223020554,0.06461071223020554
1014673,Red Bradley,Red Bradley,BBS,Black Sox,1098,P,3.0,2.6666,-0.009539783000946045,0.07385005056858063,0.06431026756763458
1009207,Guy Morrison,Guy Morrison,BSN,Braves,16,P,9.0,34.3333,0.0024441147688776255,0.06177271157503128,0.0642168263439089
1016402,Owen Smaulding,Owen Smaulding,KCM,Monarchs,1163,P,11.0,20.0,-0.2697373032569885,0.33070680499076843,0.06096950173377991
1015104,(Unknown) Edwards,,SLS,Stars,1168,P,,1.0,0.05546512454748154,0.0,0.05546512454748154
1013298,Luke Urban,Luke Urban,BSN,Braves,16,C,116.0,,,0.05219072476029396,0.05219072476029396
1002229,John Churry,John Churry,CHC,Cubs,17,C,1.0,,,0.05140892043709755,0.05140892043709755
1000407,Ed Baecht,Ed Baecht,PHI,Phillies,26,P,2.0,6.0,0.08774491399526596,-0.03819798678159714,0.04954692721366882
1007981,Roy Mahaffey,Roy Mahaffey,PIT,Pirates,27,P,5.0,9.3333,-0.0020971065387129784,0.051641251891851425,0.04954414535313845
1016589,(Unknown) Tomlin,,SLS,Stars,1168,PH/PR,1.0,,,0.048553332686424255,0.048553332686424255
1001020,Lena Blackburne,Lena Blackburne,CHW,White Sox,4,PH/PR,1.0,,,0.04818836227059364,0.04818836227059364
1015571,(Unknown) Jenkins,,HBG,Giants,1101,PH/PR,1.0,,,0.047902289777994156,0.047902289777994156
1015451,John Hines,John Hines,CAG,American Giants,1151,RF,216.0,,,0.046880412846803665,0.046880412846803665
1012204,Rufus Smith,Rufus Smith,DET,Tigers,6,P,3.0,8.0,0.09966591000556946,-0.05597482994198799,0.04369108006358147
1010193,Cy Perkins,Cy Perkins,PHA,Athletics,10,C,154.0,,,0.03907077759504318,0.03907077759504318
1016792,(Unknown) Williams,,AC,Bacharach Giants,1097,C,4.0,,,0.035928819328546524,0.035928819328546524
1013336,Clay Van Alstyne,Clay Van Alstyne,WAS,Senators,8,P,,3.0,0.03514917194843292,0.0,0.03514917194843292
1009803,Oran O'Neal,Skinny O'Neal,PHI,Phillies,26,P,1.0,5.0,0.05351506546139717,-0.01909899339079857,0.0344160720705986
1016224,Ambrose Reid,Ambrose Reid,AC,Bacharach Giants,1097,LF,219.0,,,0.032950494438409805,0.032950494438409805
1008059,Clyde Manion,Clyde Manion,DET,Tigers,6,PH/PR,1.0,,,0.032677777111530304,0.032677777111530304
1014092,John Wilson,John Wilson,BOS,Red Sox,3,P,9.0,25.3333,0.12459658086299896,-0.0943412333726883,0.03025534749031067
1013739,Lefty Weinert,Lefty Weinert,CHC,Cubs,17,P,6.0,19.6666,0.006763529032468796,0.02209043689072132,0.028853965923190117
1009527,Ernie Nevers,Ernie Nevers,SLB,Browns,2,P,33.0,94.6666,0.10709794610738754,-0.07866726815700531,0.028430677950382233
1001025,George Blaeholder,George Blaeholder,SLB,Browns,2,P,3.0,9.0,-0.016174014657735825,0.04420987516641617,0.028035860508680344
1016173,Bartolo Portuondo,Bartolo Portuondo,CSE,Cuban Stars East,1100,1B,114.0,,,0.025661634281277657,0.025661634281277657
1016632,Harry Vaughn,Harry Vaughn,KCM,Monarchs,1163,CF,5.0,,,0.024771306663751602,0.024771306663751602
1009904,Mel Ott,Mel Ott,NYG,Giants,30,CF/LF,180.0,,,0.024043789133429527,0.024043789133429527
1000621,Dick Bartell,Dick Bartell,PIT,Pirates,27,SS,4.0,,,0.023642750456929207,0.023642750456929207
1015272,(Unknown) Goldie,,CHT,Hornets,1155,1B,5.0,,,0.02299124002456665,0.02299124002456665
1007009,Joe Klinger,Joe Klinger,NYG,Giants,30,LF,5.0,,,0.02232041023671627,0.02232041023671627
1000872,Johnny Berger,Johnny Berger,WAS,Senators,8,C,17.0,,,0.02170543372631073,0.02170543372631073
1014618,Leo Birdine,Leo Birdine,- - -,- - -,0,P/RF,24.0,8.6666,0.05656449496746063,-0.03508763387799263,0.021476861089468002
1000498,Win Ballou,Win Ballou,SLB,Browns,2,P,30.0,90.3333,0.42855390906333923,-0.407122939825058,0.02143096923828125
1000480,Henry Baldwin,Henry Baldwin,PHI,Phillies,26,3B/SS,17.0,,,0.01953689008951187,0.01953689008951187
1003247,Bernard DeViveiros,Bernie DeViveiros,DET,Tigers,6,SS,26.0,,,0.018468979746103287,0.018468979746103287
1010365,Wally Pipp,Wally Pipp,CIN,Reds,18,1B,489.0,,,0.017711475491523743,0.017711475491523743
1002443,Hap Collard,Hap Collard,CLE,Indians,5,P,,5.3333,0.01670330949127674,0.0,0.01670330949127674
1015321,Speedball Hackett,Speedball Hackett,HBG,Giants,1101,P,,1.0,0.013493964448571205,0.0,0.013493964448571205
1006718,Tony Kaufmann,Tony Kaufmann,- - -,- - -,0,P,29.0,72.33319999999999,-0.3240867778658867,0.33696004189550877,0.012873264029622078
1000705,Walter Beall,Walter Beall,NYY,Yankees,9,P,,1.0,0.010860937647521496,0.0,0.010860937647521496
1003709,Rube Ehrhardt,Rube Ehrhardt,BRO,Robins,22,P,25.0,95.6666,-0.064045250415802,0.07459951192140579,0.01055426150560379
1010051,Joe Pate,Joe Pate,PHA,Athletics,10,P,11.0,53.6666,-0.08534331619739532,0.09553061425685883,0.010187298059463501
1015235,Rich Gee,Rich Gee,BRG,Royal Giants,1099,SS,4.0,,,0.010046788491308689,0.010046788491308689
1005078,Heinie Groh,Heinie Groh,PIT,Pirates,27,3B,37.0,,,0.007489718031138182,0.007489718031138182
1006641,Ralph Judd,Ralph Judd,WAS,Senators,8,P,1.0,4.0,0.025076068937778473,-0.018269525840878487,0.006806543096899986
1015248,George Giles,George Giles,KCM,Monarchs,1163,1B,212.0,,,0.006403451785445213,0.006403451785445213
1016744,Dock Williams,Dock Williams,- - -,- - -,0,RF/CF,5.0,,,0.005718667060136795,0.005718667060136795
1008673,Pat McNulty,Pat McNulty,CLE,Indians,5,CF,46.0,,,0.004654384218156338,0.004654384218156338
1016607,Cool Turner,Cool Turner,- - -,- - -,0,2B,54.0,,,0.004220627248287201,0.004220627248287201
1012952,Tommy Thevenow,Tommy Thevenow,STL,Cardinals,28,SS,207.0,,,0.0038844032678753138,0.0038844032678753138
1013688,Bob Way,Bob Way,CHW,White Sox,4,2B,3.0,,,0.0037839000578969717,0.0037839000578969717
1004948,George Grant,George Grant,CLE,Indians,5,P,23.0,74.6666,0.2750166058540344,-0.27174875140190125,0.0032678544521331787
1000840,Frank Bennett,Frank Bennett,BOS,Red Sox,3,P,3.0,12.3333,0.05859993398189545,-0.05540507286787033,0.003194861114025116
1014523,Paul Arnold,Paul Arnold,BRG,Royal Giants,1099,LF,140.0,,,0.0030108867213129997,0.0030108867213129997
1013540,Jim Walkup,Jim Walkup,DET,Tigers,6,P,1.0,1.6665999999999999,0.021667785942554474,-0.01865827478468418,0.0030095111578702927
1016421,Milton Smith,Milton Smith,SLS,Stars,1168,C,,,,0.002966776955872774,0.002966776955872774
1012200,Red Smith,Red Smith,NYG,Giants,30,C,,,,0.002966776955872774,0.002966776955872774
1014668,Charlie Bradford,Charlie Bradford,NLG,Lincoln Giants,1103,P,,1.0,0.0029456198681145906,0.0,0.0029456198681145906
1014328,Emil Yde,Emil Yde,PIT,Pirates,27,P,18.0,29.6666,0.0632224977016449,-0.060585662722587585,0.002636834979057312
1006602,Bubber Jonnard,Bubber Jonnard,PHI,Phillies,26,C,154.0,,,0.0026056242641061544,0.0026056242641061544
1006421,Augie Johns,Augie Johns,DET,Tigers,6,P,,1.0,0.002446733647957444,0.0,0.002446733647957444
1013816,Buzz Wetzel,Buzz Wetzel,PHA,Athletics,10,P,1.0,4.6666,-0.05121065303683281,0.053102217614650726,0.0018915645778179169
1001531,Joe Brown,Joe Brown,CHW,White Sox,4,P,,0.0,0.0,0.0,0.0
1016187,Wilbert Pritchett,Wilbert Pritchett,BBS,Black Sox,1098,P,3.0,13.0,0.05353908613324165,-0.05499875545501709,-0.0014596693217754364
1006419,Art Johnson,Art Johnson,NYG,Giants,30,P,,3.0,-0.0018404936417937279,0.0,-0.0018404936417937279
1008569,Stuffy McInnis,Stuffy McInnis,PHI,Phillies,26,1B,,,,-0.004153487738221884,-0.004153487738221884
1015421,(Unknown) Henderson,,NLG,Lincoln Giants,1103,P,1.0,1.0,0.013493964448571205,-0.018332919105887413,-0.004838954657316208
1015149,José María Fernández,José María Fernández,CSE,Cuban Stars East,1100,C,201.0,,,-0.005917552392929792,-0.005917552392929792
1015801,Miles Lucas,Miles Lucas,HBG,Giants,1101,P,,1.0,-0.007662683725357056,0.0,-0.007662683725357056
1008128,William Marriott,William Marriott,BRO,Robins,22,3B,11.0,,,-0.009831407107412815,-0.009831407107412815
1005528,Jackie Hayes,Jackie Hayes,WAS,Senators,8,SS,31.0,,,-0.01180338580161333,-0.01180338580161333
1015036,Lou Dials,Lou Dials,CAG,American Giants,1151,RF/LF,21.0,,,-0.01191176287829876,-0.01191176287829876
1010456,Ned Porter,Ned Porter,NYG,Giants,30,P,,2.0,-0.012084301561117172,0.0,-0.012084301561117172
1010972,Jimmy Ring,Jimmy Ring,STL,Cardinals,28,P,8.0,33.0,-0.1420028656721115,0.1298282891511917,-0.0121745765209198
1009946,Ernie Padgett,Ernie Padgett,CLE,Indians,5,2B,7.0,,,-0.014512448571622372,-0.014512448571622372
1004722,Grant Gillis,Grant Gillis,WAS,Senators,8,SS,38.0,,,-0.01659233495593071,-0.01659233495593071
1011517,Ray Schalk,Ray Schalk,CHW,White Sox,4,C,29.0,,,-0.01664295420050621,-0.01664295420050621
1016486,N. Stevens,N. Stevens,DS,Stars,1161,C,16.0,,,-0.016792485490441322,-0.016792485490441322
1012301,Dick Spalding,Dick Spalding,PHI,Phillies,26,LF,494.0,,,-0.01733638532459736,-0.01733638532459736
1014339,Carroll Yerkes,Carroll Yerkes,PHA,Athletics,10,P,,1.0,-0.017569569870829582,0.0,-0.017569569870829582
1015047,Dizzy Dismukes,Dizzy Dismukes,SLS,Stars,1168,P,1.0,3.0,-0.0004137333307880908,-0.017681872472167015,-0.018095605802955106
1010126,Red Peery,Red Peery,PIT,Pirates,27,P,,1.0,-0.018688933923840523,0.0,-0.018688933923840523
1015359,Andy Harris,Andy Harris,NLG,Lincoln Giants,1103,1B/3B,32.0,,,-0.01913321577012539,-0.01913321577012539
1008919,Otis Miller,Otto Miller,SLB,Browns,2,SS,87.0,,,-0.019374266266822815,-0.019374266266822815
1011946,Ed Sicking,Ed Sicking,PIT,Pirates,27,2B,8.0,,,-0.019375041127204895,-0.019375041127204895
1015124,Lloyd Evans,Lloyd Evans,KCM,Monarchs,1163,C,1.0,,,-0.02035386860370636,-0.02035386860370636
1003113,Buddy Dear,Buddy Dear,WAS,Senators,8,2B,1.0,,,-0.02094152197241783,-0.02094152197241783
1008749,Joe Mellana,Joe Mellana,PHA,Athletics,10,3B,7.0,,,-0.021192200481891632,-0.021192200481891632
1011284,Dick Rudolph,Dick Rudolph,BSN,Braves,16,P,,1.3333,-0.02221236564218998,0.0,-0.02221236564218998
1002588,Johnny Cooney,Johnny Cooney,BSN,Braves,16,PH/PR,1.0,,,-0.023006290197372437,-0.023006290197372437
1004020,Chick Fewster,Chick Fewster,BRO,Robins,22,PH/PR,1.0,,,-0.023360466584563255,-0.023360466584563255
1011769,Tommy Sewell,Tommy Sewell,CHC,Cubs,17,PH/PR,1.0,,,-0.02343183197081089,-0.02343183197081089
1000353,Lefty Atkinson,Lefty Atkinson,WAS,Senators,8,PH/PR,1.0,,,-0.023908298462629318,-0.023908298462629318
1015734,(Unknown) Lee,,HBG,Giants,1101,PH/PR,1.0,,,-0.023971691727638245,-0.023971691727638245
1016446,(Unknown) Smith,,HIL,Club,1102,PH/PR,1.0,,,-0.023971691727638245,-0.023971691727638245
1001364,Fred Bratschi,Fred Bratschi,BOS,Red Sox,3,PH/PR,1.0,,,-0.024107128381729126,-0.024107128381729126
1001163,Hank Boney,Hank Boney,NYG,Giants,30,P,,4.0,-0.024267349392175674,0.0,-0.024267349392175674
1015033,Fred Dewitt,Fred Dewitt,KCM,Monarchs,1163,CF,1.0,,,-0.025694066658616066,-0.025694066658616066
1005552,Bunny Hearn,Bunny Hearn,BSN,Braves,16,P,5.0,12.6666,-0.08284516632556915,0.05691036954522133,-0.025934796780347824
1014197,Ray Wolf,Ray Wolf,CIN,Reds,18,1B,1.0,,,-0.027336839586496353,-0.027336839586496353
1011124,Oscar Roettger,Oscar Roettger,BRO,Robins,22,RF,6.0,,,-0.0279635488986969,-0.0279635488986969
1002761,Bob Cremins,Bob Cremins,BOS,Red Sox,3,P,,5.3333,-0.02995363064110279,0.0,-0.02995363064110279
1015582,Bill Johnson,Bill Johnson,HIL,Club,1102,C/LF,202.0,,,-0.030107323080301285,-0.030107323080301285
1015911,Lewis Means,Lewis Means,AC,Bacharach Giants,1097,C,28.0,,,-0.031017977744340897,-0.031017977744340897
1002818,Buck Crouse,Buck Crouse,CHW,White Sox,4,C,255.0,,,-0.03152136877179146,-0.03152136877179146
1016352,Joe Scott,Joe Scott,MRS,Red Sox,1166,1B,18.0,,,-0.0335715115070343,-0.0335715115070343
1015537,Dick Jackson,Dick Jackson,BBS,Black Sox,1098,2B,248.0,,,-0.03368743136525154,-0.03368743136525154
1015231,Ernest Gatewood,Ernest Gatewood,AC,Bacharach Giants,1097,C,17.0,,,-0.03369009494781494,-0.03369009494781494
1000656,Charlie Bates,Charlie Bates,PHA,Athletics,10,RF,41.0,,,-0.03372061997652054,-0.03372061997652054
1013508,Bill Walker,Bill Walker,NYG,Giants,30,P,,4.0,-0.03507871553301811,0.0,-0.03507871553301811
1003972,Gus Felix,Gus Felix,BRO,Robins,22,LF,498.0,,,-0.035529445856809616,-0.035529445856809616
1013304,Dutch Ussat,Dutch Ussat,CLE,Indians,5,3B,18.0,,,-0.03584932163357735,-0.03584932163357735
1003704,Elmer Eggert,Elmer Eggert,BOS,Red Sox,3,2B,4.0,,,-0.03648691624403,-0.03648691624403
1011519,Bobby Schang,Bobby Schang,STL,Cardinals,28,C,5.0,,,-0.03781955689191818,-0.03781955689191818
1016408,Cleo Smith,Cleo Smith,BRG,Royal Giants,1099,3B,23.0,,,-0.04065630957484245,-0.04065630957484245
1007039,Jack Knight,Jack Knight,BSN,Braves,16,P,,3.0,-0.04185528680682182,0.0,-0.04185528680682182
1006605,Buck Jordan,Buck Jordan,NYG,Giants,30,PH/PR,5.0,,,-0.04540008306503296,-0.04540008306503296
1001750,Frank Bushey,Frank Bushey,BOS,Red Sox,3,P,,1.3333,-0.04568645358085632,0.0,-0.04568645358085632
1013211,Ollie Tucker,Ollie Tucker,WAS,Senators,8,RF,31.0,,,-0.04614296928048134,-0.04614296928048134
1005933,Bill Hohman,Bill Hohman,PHI,Phillies,26,LF,20.0,,,-0.046356722712516785,-0.046356722712516785
1015687,(Unknown) Kenwood,,HIL,Club,1102,P,1.0,1.6665999999999999,-0.08628202974796295,0.03864190727472305,-0.0476401224732399
1004010,Wes Ferrell,Wes Ferrell,CLE,Indians,5,P,,1.0,-0.04796098172664642,0.0,-0.04796098172664642
1012529,Stuffy Stewart,Stuffy Stewart,WAS,Senators,8,2B,140.0,,,-0.04881979897618294,-0.04881979897618294
1006375,Tex Jeanes,Tex Jeanes,NYG,Giants,30,RF/LF,22.0,1.0,-0.05329258367419243,0.004266740754246712,-0.04902584291994572
1012980,Herb Thomas,Herb Thomas,- - -,- - -,0,2B,101.0,,,-0.05029863212257624,-0.05029863212257624
1006705,Marty Karow,Marty Karow,BOS,Red Sox,3,3B/SS,11.0,,,-0.05089735612273216,-0.05089735612273216
1003118,John DeBerry,Hank DeBerry,BRO,Robins,22,C,224.0,,,-0.05134090781211853,-0.05134090781211853
1010124,Homer Peel,Homer Peel,STL,Cardinals,28,RF,2.0,,,-0.05159103497862816,-0.05159103497862816
1015202,Jimmy Fuller,Jimmy Fuller,NLG,Lincoln Giants,1103,C,6.0,,,-0.06008905544877052,-0.06008905544877052
1012520,Frank Stewart,Frank Stewart,CHW,White Sox,4,P,1.0,4.0,-0.042886048555374146,-0.018046844750642776,-0.06093289330601692
1006505,Syl Johnson,Syl Johnson,STL,Cardinals,28,P,,3.0,-0.06136522442102432,0.0,-0.06136522442102432
1003253,Albert DeVormer,Al DeVormer,NYG,Giants,30,C,158.0,,,-0.06200376898050308,-0.06200376898050308
1013756,Johnny Welch,Johnny Welch,CHC,Cubs,17,P,,1.0,-0.06353863328695297,0.0,-0.06353863328695297
1014016,Lefty Willis,Lefty Willis,PHA,Athletics,10,P,7.0,27.0,0.01019694097340107,-0.07442747801542282,-0.06423053704202175
1011268,Luther Roy,Luther Roy,CHC,Cubs,17,P,3.0,19.6666,-0.08324968069791794,0.01849479414522648,-0.06475488655269146
1016302,William Ross,William Ross,DS,Stars,1161,P,31.0,60.6666,-0.3425185978412628,0.27227574586868286,-0.07024285197257996
1009029,George Mogridge,George Mogridge,BSN,Braves,16,P,15.0,48.6666,-0.05515702813863754,-0.015467635355889797,-0.07062466349452734
1013879,Jack White,Jack White,CIN,Reds,18,2B/SS,4.0,,,-0.07196596264839172,-0.07196596264839172
1013782,Julie Wera,Julie Wera,NYY,Yankees,9,3B,44.0,,,-0.07316751778125763,-0.07316751778125763
1016282,Bernardo Rodríguez,Bernardo Rodríguez,CSE,Cuban Stars East,1100,P,9.0,24.3333,-0.05386259779334068,-0.021248305216431618,-0.0751109030097723
1005951,Mul Holland,Mul Holland,NYG,Giants,30,P,,2.0,-0.07586556673049927,0.0,-0.07586556673049927
1000503,Dave Bancroft,Dave Bancroft,BSN,Braves,16,SS,427.0,,,-0.07710470259189606,-0.07710470259189606
1002865,Nick Cullop,Nick Cullop,- - -,- - -,0,RF/CF,104.0,1.0,0.013041597791016102,-0.10832113958895206,-0.09527954179793596
1000463,Neal Baker,Neal Baker,PHA,Athletics,10,P,6.0,17.3333,-0.05513612926006317,-0.04075656458735466,-0.09589269384741783
1014532,Cornelius Augustus,Cornelius Augustus,MRS,Red Sox,1166,P,3.0,6.3333,-0.04298844560980797,-0.05304562300443649,-0.09603406861424446
1014835,Edward Chapman,Edward Chapman,DS,Stars,1161,P,1.0,2.0,-0.07933685928583145,-0.017681872472167015,-0.09701873175799847
1014727,B. Brown,B. Brown,MRS,Red Sox,1166,LF,4.0,,,-0.09743606299161911,-0.09743606299161911
1004810,Hal Goldsmith,Hal Goldsmith,BSN,Braves,16,P,22.0,71.6666,-0.12288933247327805,0.025333289057016373,-0.09755604341626167
1006551,Dick Jones,Dick Jones,WAS,Senators,8,P,,3.3333,-0.09784066677093506,0.0,-0.09784066677093506
1012145,George Smith,George Smith,DET,Tigers,6,P,20.0,71.3333,-0.4431442320346832,0.34444236755371094,-0.09870186448097229
1014946,Chance Cummings,Chance Cummings,NLG,Lincoln Giants,1103,1B,4.0,,,-0.1000402495265007,-0.1000402495265007
1011161,Red Rollings,Red Rollings,BOS,Red Sox,3,3B,207.0,,,-0.10101821273565292,-0.10101821273565292
1009823,Eddie Onslow,Eddie Onslow,WAS,Senators,8,1B,19.0,,,-0.10113123059272766,-0.10113123059272766
1013766,Ed Wells,Ed Wells,DET,Tigers,6,P,7.0,20.0,-0.11442337930202484,0.013140026479959488,-0.10128335282206535
1002412,Bert Cole,Bert Cole,CHW,White Sox,4,P,20.0,66.6666,0.019824644550681114,-0.12116162478923798,-0.10133698023855686
1011125,Wally Roettger,Wally Roettger,STL,Cardinals,28,LF,2.0,,,-0.102923184633255,-0.102923184633255
1012326,Roy Spencer,Roy Spencer,PIT,Pirates,27,C,97.0,,,-0.1033940538764,-0.1033940538764
1006756,Vic Keen,Vic Keen,STL,Cardinals,28,P,4.0,33.6666,-0.10325246304273605,-0.0004460221389308572,-0.10369848518166691
1004332,Howard Freigau,Howard Freigau,CHC,Cubs,17,3B,96.0,,,-0.10370589792728424,-0.10370589792728424
1003614,Eddie Dyer,Eddie Dyer,STL,Cardinals,28,P,1.0,2.0,-0.14272160828113556,0.03889482468366623,-0.10382678359746933
1002278,Earl Clark,Earl Clark,BSN,Braves,16,LF,49.0,,,-0.10400623828172684,-0.10400623828172684
1015505,Robert Hudspeth,Robert Hudspeth,BRG,Royal Giants,1099,1B,143.0,,,-0.10417507588863373,-0.10417507588863373
1016864,Charles Zomphier,Charles Zomphier,- - -,- - -,0,2B/3B,166.0,,,-0.1055913120508194,-0.1055913120508194
1004633,George Gerken,George Gerken,CLE,Indians,5,CF/LF,15.0,,,-0.1073894277215004,-0.1073894277215004
1004963,Sid Graves,Sid Graves,BSN,Braves,16,CF,21.0,,,-0.10930846631526947,-0.10930846631526947
1016263,Bobby Robinson,Bobby Robinson,- - -,- - -,0,3B,320.0,,,-0.11049144715070724,-0.11049144715070724
1015043,Lamon Dillard,Lamon Dillard,NLG,Lincoln Giants,1103,P,3.0,8.0,-0.039539311081171036,-0.07191507518291473,-0.11145438626408577
1011462,Rusty Saunders,Rusty Saunders,PHA,Athletics,10,LF,18.0,,,-0.11190787702798843,-0.11190787702798843
1007416,Herman Layne,Herman Layne,PIT,Pirates,27,CF/LF,7.0,,,-0.11797288060188293,-0.11797288060188293
1007320,Sam Langford,Sam Langford,CLE,Indians,5,CF,77.0,,,-0.11823409050703049,-0.11823409050703049
1015769,John Henry Lloyd,John Henry Lloyd,NLG,Lincoln Giants,1103,2B,115.0,,,-0.11909981817007065,-0.11909981817007065
1016474,Joe Spruill,Joe Spruill,NLG,Lincoln Giants,1103,P,,1.0,-0.12052752077579498,0.0,-0.12052752077579498
1012805,Lefty Taber,Lefty Taber,PHI,Phillies,26,P,1.0,3.3333,-0.10241907089948654,-0.01909899339079857,-0.12151806429028511
1000593,Bob Barrett,Bob Barrett,BRO,Robins,22,3B,382.0,,,-0.1275216042995453,-0.1275216042995453
1014480,Chuffie Alexander,Chuffie Alexander,BBB,Black Barons,1149,2B,132.0,,,-0.1287497878074646,-0.1287497878074646
1006320,Elmer Jacobs,Elmer Jacobs,CHW,White Sox,4,P,25.0,74.3333,0.034435782581567764,-0.1685560941696167,-0.13412031158804893
1016368,Hank Shanks,Hank Shanks,BBB,Black Barons,1149,1B,24.0,,,-0.13414783775806427,-0.13414783775806427
1013282,Willie Underhill,Willie Underhill,CLE,Indians,5,P,2.0,8.3333,-0.09686853736639023,-0.03733031079173088,-0.1341988481581211
1002796,Joe Cronin,Joe Cronin,PIT,Pirates,27,2B/SS,24.0,,,-0.13435184955596924,-0.13435184955596924
1016099,Manuel Parrado,Manuel Parrado,CSE,Cuban Stars East,1100,C/1B,12.0,6.0,-0.04747284948825836,-0.08931092172861099,-0.13678377121686935
1008698,Doug McWeeny,Doug McWeeny,BRO,Robins,22,P,60.0,164.3333,0.32269880175590515,-0.4598580002784729,-0.13715919852256775
1015084,Frank Duncan,Frank Duncan,CHT,Hornets,1155,CF,26.0,,,-0.1377640962600708,-0.1377640962600708
1000377,Martin Autry,Chick Autry,CLE,Indians,5,C,46.0,,,-0.14528383314609528,-0.14528383314609528
1003148,Bill Deitrick,Bill Deitrick,PHI,Phillies,26,SS,6.0,,,-0.14688485860824585,-0.14688485860824585
1013260,Ty Tyson,Ty Tyson,NYG,Giants,30,LF,174.0,,,-0.1485254466533661,-0.1485254466533661
1014795,Francisco Cárdenas,Francisco Cárdenas,CSE,Cuban Stars East,1100,RF,2.0,,,-0.15209686756134033,-0.15209686756134033
1015342,Art Hancock,Art Hancock,CHT,Hornets,1155,1B/LF,6.0,,,-0.15238434076309204,-0.15238434076309204
1010355,Babe Pinelli,Babe Pinelli,CIN,Reds,18,3B/SS,85.0,,,-0.15250036120414734,-0.15250036120414734
1014564,John Barnes,John Barnes,CHT,Hornets,1155,C,76.0,,,-0.15324243903160095,-0.15324243903160095
1000810,Herman Bell,Hi Bell,STL,Cardinals,28,P,11.0,57.3333,-0.027261018753051758,-0.12700600922107697,-0.15426702797412872
1015931,A. Miller,A. Miller,MRS,Red Sox,1166,LF,21.0,,,-0.155284583568573,-0.155284583568573
1000832,Benny Bengough,Benny Bengough,NYY,Yankees,9,C,90.0,,,-0.15552513301372528,-0.15552513301372528
1013813,Sam West,Sam West,WAS,Senators,8,RF/CF/LF,75.0,,,-0.15556859970092773,-0.15556859970092773
1004322,John Freeman,John Freeman,BOS,Red Sox,3,CF/LF,2.0,,,-0.15711459517478943,-0.15711459517478943
1016498,Ted Stockard,Ted Stockard,CHT,Hornets,1155,3B,7.0,,,-0.15731096267700195,-0.15731096267700195
1014662,Lefty Bowers,Lefty Bowers,BBS,Black Sox,1098,P,,5.3333,-0.15872420370578766,0.0,-0.15872420370578766
1015950,Juanelo Mirabal,Juanelo Mirabal,CSE,Cuban Stars East,1100,P,18.0,47.3333,0.042009368538856506,-0.20114371180534363,-0.15913434326648712
1014580,William Baynard,William Baynard,NLG,Lincoln Giants,1103,RF,14.0,,,-0.1596461832523346,-0.1596461832523346
1012675,Clyde Sukeforth,Clyde Sukeforth,CIN,Reds,18,C,68.0,,,-0.16048605740070343,-0.16048605740070343
1001699,Johnny Burnett,Johnny Burnett,CLE,Indians,5,2B,8.0,,,-0.16927316784858704,-0.16927316784858704
1014052,Kid Willson,Kid Willson,CHW,White Sox,4,CF/LF,10.0,,,-0.17150910198688507,-0.17150910198688507
1009092,Bill Moore,Bill Moore,BOS,Red Sox,3,C,83.0,,,-0.1755746752023697,-0.1755746752023697
1016211,(Unknown) Rector,,BRG,Royal Giants,1099,LF,3.0,,,-0.17606855928897858,-0.17606855928897858
1014709,Country Brown,Country Brown,BRG,Royal Giants,1099,2B/RF,108.0,,,-0.17934101819992065,-0.17934101819992065
1007615,Carl Lind,Carl Lind,CLE,Indians,5,2B,44.0,,,-0.19144493341445923,-0.19144493341445923
1003912,Chet Falk,Chet Falk,SLB,Browns,2,P,5.0,15.6666,-0.17247936129570007,-0.02327149361371994,-0.19575085490942
1002174,Virgil Cheeves,Virgil Cheeves,NYG,Giants,30,P,1.0,6.3333,-0.1782604306936264,-0.01781603880226612,-0.19607646949589252
1013952,Harry Wilke,Harry Wilke,CHC,Cubs,17,3B,9.0,,,-0.2019861787557602,-0.2019861787557602
1013566,Augie Walsh,Augie Walsh,PHI,Phillies,26,P,4.0,10.0,-0.1987970769405365,-0.004521999508142471,-0.20331907644867897
1012245,Frank Snyder,Frank Snyder,STL,Cardinals,28,C,210.0,,,-0.20335868000984192,-0.20335868000984192
1013753,Frank Welch,Frank Welch,BOS,Red Sox,3,RF,34.0,,,-0.20472802221775055,-0.20472802221775055
1016060,Grady Orange,Grady Orange,KCM,Monarchs,1163,2B/3B,111.0,,,-0.21060000360012054,-0.21060000360012054
1002265,Bill Clarkson,Bill Clarkson,NYG,Giants,30,P,24.0,86.6666,-0.08460170030593872,-0.12781167030334473,-0.21241337060928345
1009387,George Murray,George Murray,WAS,Senators,8,P,8.0,18.0,-0.2168900966644287,0.0040133954025805,-0.2128767012618482
1012973,Fay Thomas,Fay Thomas,NYG,Giants,30,P,2.0,16.3333,-0.17914851009845734,-0.03563207760453224,-0.21478058770298958
1002486,Adam Comorosky,Adam Comorosky,PIT,Pirates,27,LF,68.0,,,-0.21818257868289948,-0.21818257868289948
1009730,Harry O'Donnell,Harry O'Donnell,PHI,Phillies,26,C,18.0,,,-0.22385483980178833,-0.22385483980178833
1016389,Felipe Sierra,Felipe Sierra,CSW,Cuban Stars West,1158,2B,228.0,,,-0.228613018989563,-0.228613018989563
1009556,Chet Nichols,Chet Nichols,PIT,Pirates,27,P,9.0,27.6666,-0.16566957533359528,-0.06449490785598755,-0.23016448318958282
1002587,Jimmy Cooney,Jimmy Cooney,- - -,- - -,0,SS,431.0,,,-0.2303648665547371,-0.2303648665547371
1010889,Hal Rhyne,Hal Rhyne,PIT,Pirates,27,2B,197.0,,,-0.2311571091413498,-0.2311571091413498
1001187,Ike Boone,Ike Boone,CHW,White Sox,4,RF,57.0,,,-0.23317860066890717,-0.23317860066890717
1014831,Pelayo Chacón,Pelayo Chacón,CSE,Cuban Stars East,1100,1B,38.0,,,-0.23717278242111206,-0.23717278242111206
1004657,Joe Giard,Joe Giard,NYY,Yankees,9,P,7.0,27.0,-0.25537344813346863,0.01742597296833992,-0.2379474751651287
1016447,(Unknown) Smith,,MRS,Red Sox,1166,RF/LF,18.0,,,-0.23981627821922302,-0.23981627821922302
1015333,Eppie Hamilton,Eppie Hamilton,MRS,Red Sox,1166,C,128.0,,,-0.239942729473114,-0.239942729473114
1000842,Herschel Bennett,Herschel Bennett,SLB,Browns,2,RF,283.0,,,-0.241632878780365,-0.241632878780365
1015970,Bill Monroe,Bill Monroe,BBS,Black Sox,1098,2B,41.0,,,-0.25017592310905457,-0.25017592310905457
1016144,Ernie Phillips,Ernie Phillips,BBB,Black Barons,1149,P,6.0,12.3333,-0.28839311003685,0.037656717002391815,-0.25073639303445816
1014569,Bernardo Baró,Bernardo Baró,CSE,Cuban Stars East,1100,RF,226.0,9.0,0.23313672840595245,-0.4857823848724365,-0.25264565646648407
1014802,Wayne Carr,Wayne Carr,BRG,Royal Giants,1099,P/RF,11.0,16.0,0.0009490698575973511,-0.2538924217224121,-0.25294335186481476
1001676,Bobby Burke,Bobby Burke,WAS,Senators,8,P,27.0,100.0,-0.008055120706558228,-0.2504827678203583,-0.2585378885269165
1008658,Dinny McNamara,Dinny McNamara,BSN,Braves,16,CF,11.0,,,-0.2601894438266754,-0.2601894438266754
1000880,Moe Berg,Moe Berg,CHW,White Sox,4,C/2B,77.0,,,-0.2631053924560547,-0.2631053924560547
1013599,Paul Louis Wanninger,Pee-Wee Wanninger,- - -,- - -,0,SS,171.0,,,-0.2637346684932709,-0.2637346684932709
1015319,Earl Gurley,Earl Gurley,- - -,- - -,0,RF,54.0,18.0,-0.12429774552583694,-0.1442485162988305,-0.26854626182466745
1015445,Johnson Hill,Johnson Hill,BRG,Royal Giants,1099,3B,33.0,,,-0.2687423527240753,-0.2687423527240753
1000852,Jack Bentley,Jack Bentley,NYG,Giants,30,P/1B,10.0,9.6666,-0.31808042526245117,0.04709925130009651,-0.27098117396235466
1006324,Merwin Jacobson,Merwin Jacobson,BRO,Robins,22,RF,7.0,,,-0.2759837210178375,-0.2759837210178375
1009606,Al Nixon,Al Nixon,PHI,Phillies,26,CF,164.0,,,-0.27842041850090027,-0.27842041850090027
1000756,Jim Beckman,Jim Beckman,CIN,Reds,18,P,2.0,12.3333,-0.3044443726539612,0.021885666996240616,-0.28255870565772057
1016299,Howard Ross,Howard Ross,CHT,Hornets,1155,P,15.0,30.0,-0.4662940204143524,0.1805398017168045,-0.2857542186975479
1016290,Julio Rojo,Julio Rojo,- - -,- - -,0,C,115.0,,,-0.28604204300791025,-0.28604204300791025
1015592,George Johnson,George Johnson,- - -,- - -,0,CF,212.0,,,-0.29380936920642853,-0.29380936920642853
1016739,Charley Williams,Charley Williams,CAG,American Giants,1151,2B,334.0,,,-0.2947869300842285,-0.2947869300842285
1016247,Manuel Rigal,Manuel Rigal,CSW,Cuban Stars West,1158,3B,154.0,,,-0.2996552884578705,-0.2996552884578705
1016165,(Unknown) Pontello,,CSE,Cuban Stars East,1100,P,3.0,7.3333,-0.24511761963367462,-0.05499875545501709,-0.3001163750886917
1015085,Joe Duncan,Joe Duncan,AC,Bacharach Giants,1097,C,39.0,,,-0.3150548040866852,-0.3150548040866852
1015049,George Dixon,George Dixon,CHT,Hornets,1155,C,73.0,,,-0.3164485692977905,-0.3164485692977905
1011789,Wally Shaner,Wally Shaner,BOS,Red Sox,3,LF,435.0,,,-0.3202402889728546,-0.3202402889728546
1015389,Lemuel Hawkins,Lemuel Hawkins,KCM,Monarchs,1163,1B/CF,317.0,,,-0.32072100043296814,-0.32072100043296814
1005268,Jim Hamby,Jim Hamby,NYG,Giants,30,C,59.0,,,-0.3353002965450287,-0.3353002965450287
1004727,Johnny Gill,Johnny Gill,CLE,Indians,5,LF,69.0,,,-0.33592456579208374,-0.33592456579208374
1007837,Del Lundgren,Del Lundgren,BOS,Red Sox,3,P,47.0,136.3333,-0.12954196333885193,-0.2120872288942337,-0.34162919223308563
1015340,Lewis Hampton,Lewis Hampton,DS,Stars,1161,P,27.0,53.6666,-0.5498329997062683,0.19369809329509735,-0.35613490641117096
1015935,Eddie Miller,Eddie Miller,CAG,American Giants,1151,P/1B,77.0,72.0,0.22630241513252258,-0.583153247833252,-0.35685083270072937
1008666,Earl McNeely,Earl McNeely,WAS,Senators,8,RF/CF,204.0,,,-0.3570140302181244,-0.3570140302181244
1016686,Ted Waters,Ted Waters,HIL,Club,1102,RF/CF/LF,8.0,,,-0.35870596766471863,-0.35870596766471863
1010396,Norman Plitt,Norman Plitt,- - -,- - -,0,P,21.0,69.6666,-0.30738266464322805,-0.052549516782164574,-0.3599321814253926
1007852,Rube Lutzke,Rube Lutzke,CLE,Indians,5,3B,359.0,,,-0.36048826575279236,-0.36048826575279236
1015539,Sanford Jackson,Sanford Jackson,CAG,American Giants,1151,SS/CF,314.0,,,-0.36154043674468994,-0.36154043674468994
1015115,Luis Entenza,Luis Entenza,CSW,Cuban Stars West,1158,LF,194.0,,,-0.3626091778278351,-0.3626091778278351
1012717,Homer Summa,Homer Summa,CLE,Indians,5,RF,640.0,,,-0.3666953146457672,-0.3666953146457672
1009124,Randy Moore,Randy Moore,CHW,White Sox,4,RF,15.0,,,-0.37189820408821106,-0.37189820408821106
1014131,Al Wingo,Al Wingo,DET,Tigers,6,RF/LF,167.0,,,-0.37552207708358765,-0.37552207708358765
1016630,Tetelo Vargas,Tetelo Vargas,CSE,Cuban Stars East,1100,1B/SS,63.0,,,-0.38622912764549255,-0.38622912764549255
1004139,Ray Flaskamper,Roy Flaskamper,CHW,White Sox,4,SS,103.0,,,-0.3863763213157654,-0.3863763213157654
1002211,Walter Christensen,Cuckoo Christensen,CIN,Reds,18,CF,210.0,,,-0.39048030972480774,-0.39048030972480774
1015789,Cando López,Cando López,CSW,Cuban Stars West,1158,CF,167.0,,,-0.39299923181533813,-0.39299923181533813
1008950,Art Mills,Art Mills,BSN,Braves,16,P,7.0,37.6666,-0.2720140814781189,-0.12157262116670609,-0.393586702644825
1009255,Johnny Mostil,Johnny Mostil,CHW,White Sox,4,CF,17.0,,,-0.39454546570777893,-0.39454546570777893
1012896,Zack Taylor,Zack Taylor,- - -,- - -,0,C,388.0,,,-0.40139681845903397,-0.40139681845903397
1011244,Jack Rothrock,Jack Rothrock,BOS,Red Sox,3,2B/SS,463.0,,,-0.411811500787735,-0.411811500787735
1015212,Márgaro Gámiz,Márgaro Gámiz,HBG,Giants,1101,C,172.0,,,-0.41483351588249207,-0.41483351588249207
1016845,Bill Yancey,Bill Yancey,HIL,Club,1102,3B/SS,89.0,,,-0.41612717509269714,-0.41612717509269714
1011833,Merv Shea,Merv Shea,DET,Tigers,6,C,94.0,,,-0.4326281249523163,-0.4326281249523163
1016682,Namon Washington,Namon Washington,HIL,Club,1102,CF/LF,100.0,,,-0.43843209743499756,-0.43843209743499756
1015029,Bingo DeMoss,Bingo DeMoss,DS,Stars,1161,2B,150.0,,,-0.44089993834495544,-0.44089993834495544
1012277,Rudy Sommers,Rudy Sommers,BOS,Red Sox,3,P,2.0,14.0,-0.4807053506374359,0.034937262535095215,-0.4457680881023407
1009817,Mickey O'Neil,Mickey O'Neil,- - -,- - -,0,C,49.0,,,-0.44842715561389923,-0.44842715561389923
1015929,Willie Miles,Willie Miles,CHT,Hornets,1155,3B/RF,95.0,,,-0.45356443524360657,-0.45356443524360657
1014861,Bob Clarke,Bob Clarke,BBS,Black Sox,1098,C,150.0,,,-0.4649193286895752,-0.4649193286895752
1015076,Ed Dudley,Ed Dudley,NLG,Lincoln Giants,1103,P,5.0,10.0,-0.51889568567276,0.0371842123568058,-0.4817114733159542
1009820,Steve O'Neill,Steve O'Neill,SLB,Browns,2,C,224.0,,,-0.4922458231449127,-0.4922458231449127
1015018,Nelson Dean,Nelson Dean,- - -,- - -,0,P,33.0,83.3333,-0.3328540223883465,-0.16715709120035172,-0.5000111135886982
1000355,Dick Attreau,Dick Attreau,PHI,Phillies,26,1B,100.0,,,-0.500657320022583,-0.500657320022583
1015732,Script Lee,Script Lee,HIL,Club,1102,P,39.0,76.6666,-0.09981518238782883,-0.411611407995224,-0.5114265903830528
1015520,Cowan Hyde,Cowan Hyde,MRS,Red Sox,1166,RF,65.0,,,-0.5180286169052124,-0.5180286169052124
1012368,Freddy Spurgeon,Freddy Spurgeon,CLE,Indians,5,2B,221.0,,,-0.5221996307373047,-0.5221996307373047
1016272,Newt Robinson,Newt Robinson,- - -,- - -,0,SS,111.0,,,-0.5233163088560104,-0.5233163088560104
1010434,Jim Poole,Jim Poole,PHA,Athletics,10,1B,112.0,,,-0.5295255184173584,-0.5295255184173584
1001779,Johnny Butler,Johnny Butler,BRO,Robins,22,3B/SS,577.0,,,-0.5522186160087585,-0.5522186160087585
1016484,Frank Stephens,Frank Stephens,- - -,- - -,0,P,128.0,116.3332,-0.8942219614982605,0.32604870200157166,-0.5681732594966888
1015154,George Fiall,George Fiall,- - -,- - -,0,3B/SS,29.0,,,-0.5792865455150604,-0.5792865455150604
1015169,Tom Finley,Tom Finley,BRG,Royal Giants,1099,3B/SS,137.0,,,-0.59272301197052,-0.59272301197052
1010780,Bobby Reeves,Bobby Reeves,WAS,Senators,8,SS,420.0,,,-0.5956501364707947,-0.5956501364707947
1015215,Chano García,Chano García,NLG,Lincoln Giants,1103,3B,36.0,,,-0.6010855436325073,-0.6010855436325073
1011850,Earl Sheely,Earl Sheely,CHW,White Sox,4,1B,157.0,,,-0.6096603870391846,-0.6096603870391846
1001533,Jumbo Brown,Jumbo Brown,CLE,Indians,5,P,5.0,18.6666,-0.7815747261047363,0.16437183320522308,-0.6172028928995132
1014724,Scrappy Brown,Scrappy Brown,BBS,Black Sox,1098,SS,242.0,,,-0.6194347739219666,-0.6194347739219666
1014046,Claude Willoughby,Claude Willoughby,PHI,Phillies,26,P,29.0,97.6666,-0.33420878648757935,-0.2868860065937042,-0.6210947930812836
1009036,Johnny Mokan,Johnny Mokan,PHI,Phillies,26,RF/LF,243.0,,,-0.6297507882118225,-0.6297507882118225
1010035,Jay Partridge,Jay Partridge,BRO,Robins,22,2B,611.0,,,-0.6361156702041626,-0.6361156702041626
1013176,Overton Tremper,Overton Tremper,BRO,Robins,22,LF,62.0,,,-0.639884889125824,-0.639884889125824
1015129,Clarence Everett,Clarence Everett,- - -,- - -,0,SS,117.0,,,-0.6442113537341356,-0.6442113537341356
1014496,Rogelio Alonso,Rogelio Alonso,CSW,Cuban Stars West,1158,RF,183.0,53.3333,0.12926509976387024,-0.7764715552330017,-0.6472064554691315
1004347,Bernie Friberg,Bernie Friberg,PHI,Phillies,26,3B,396.0,,,-0.6757472157478333,-0.6757472157478333
1016469,Willie Spearman,Willie Spearman,- - -,- - -,0,P,17.0,31.3333,-0.681201234459877,0.004261654103174806,-0.6769395803567022
1014977,Albert Davis,Albert Davis,DS,Stars,1161,P,34.0,69.6666,-0.7953818440437317,0.09341362118721008,-0.7019682228565216
1014677,Slim Branham,Slim Branham,CHT,Hornets,1155,P,18.0,38.0,-1.1579458713531494,0.43234768509864807,-0.7255981862545013
1001965,Cleo Carlyle,Cleo Carlyle,BOS,Red Sox,3,RF/LF,324.0,,,-0.7545833587646484,-0.7545833587646484
1012278,Don Songer,Don Songer,- - -,- - -,0,P,13.0,54.999900000000004,-0.855771891772747,0.09735777601599693,-0.7584141157567501
1001354,Dud Branom,Dud Branom,PHA,Athletics,10,1B,102.0,,,-0.7685363292694092,-0.7685363292694092
1000064,Spencer Adams,Spencer Adams,SLB,Browns,2,2B/3B,294.0,,,-0.7729162573814392,-0.7729162573814392
1015274,David Gómez,David Gómez,CSW,Cuban Stars West,1158,P/1B,80.0,95.3333,-0.19424055516719818,-0.5804365277290344,-0.7746770828962326
1003332,Leo Dixon,Leo Dixon,SLB,Browns,2,C,111.0,,,-0.7785758376121521,-0.7785758376121521
1016362,Dick Seay,Dick Seay,BRG,Royal Giants,1099,SS,72.0,,,-0.8074272274971008,-0.8074272274971008
1015922,Pablo Mesa,Pablo Mesa,CSE,Cuban Stars East,1100,LF,86.0,,,-0.8444950580596924,-0.8444950580596924
1003598,Cedric Durst,Cedric Durst,NYY,Yankees,9,RF/LF,142.0,,,-0.8591633439064026,-0.8591633439064026
1004667,Frank Gibson,Frank Gibson,BSN,Braves,16,C,173.0,,,-0.8789599537849426,-0.8789599537849426
1014966,Fred Daniels,Fred Daniels,BBB,Black Barons,1149,P,20.0,40.6666,-0.8584561347961426,-0.054221685975790024,-0.9126778207719326
1016673,Frank Warfield,Frank Warfield,HIL,Club,1102,2B,361.0,,,-0.9501983523368835,-0.9501983523368835
1014755,Tex Burnett,Tex Burnett,- - -,- - -,0,C,78.0,,,-0.9528427422046661,-0.9528427422046661
1016850,Burdell Young,Burdell Young,NLG,Lincoln Giants,1103,1B/RF,105.0,,,-0.9544898271560669,-0.9544898271560669
1015119,Bill Evans,Bill Evans,CHT,Hornets,1155,CF,99.0,,,-0.9669057130813599,-0.9669057130813599
1016692,Charlie Watts,Charlie Watts,CHT,Hornets,1155,2B/SS,104.0,,,-0.9671593904495239,-0.9671593904495239
1012828,Arlie Tarbert,Arlie Tarbert,BOS,Red Sox,3,RF/LF,78.0,,,-1.0213812589645386,-1.0213812589645386
1011278,Art Ruble,Art Ruble,DET,Tigers,6,CF/LF,114.0,,,-1.0477979183197021,-1.0477979183197021
1015608,Pearley Johnson,Pearley Johnson,BBS,Black Sox,1098,RF,196.0,,,-1.0815376043319702,-1.0815376043319702
1014728,George Brown,George Brown,- - -,- - -,0,P,12.0,40.6666,-1.1635384857654572,0.08017495647072792,-1.0833635292947292
1006316,Baby Doll Jacobson,Baby Doll Jacobson,- - -,- - -,0,CF/LF,318.0,,,-1.0943166613578796,-1.0943166613578796
1014593,Jute Bell,Jute Bell,MRS,Red Sox,1166,P,59.0,102.3333,-0.45387527346611023,-0.6839466691017151,-1.1378219425678253
1016192,Bill Pryor,Bill Pryor,MRS,Red Sox,1166,P,96.0,117.0,-0.5404676198959351,-0.6564533114433289,-1.196920931339264
1010312,Eddie Pick,Eddie Pick,CHC,Cubs,17,3B,210.0,,,-1.2011507749557495,-1.2011507749557495
1015983,Square Moore,Square Moore,CHT,Hornets,1155,P,24.0,54.6666,-1.4850361347198486,0.2645765244960785,-1.2204596102237701
1013098,Phil Todt,Phil Todt,BOS,Red Sox,3,1B,571.0,,,-1.222778081893921,-1.222778081893921
1014933,Rogelio Crespo,Rogelio Crespo,CSE,Cuban Stars East,1100,3B,208.0,,,-1.252166986465454,-1.252166986465454
1014999,Saul Davis,Saul Davis,MRS,Red Sox,1166,SS/RF,323.0,0.0,0.0,-1.3344002962112427,-1.3344002962112427
1016350,Bob Scott,Bob Scott,- - -,- - -,0,LF,74.0,,,-1.3428116142749786,-1.3428116142749786
1016703,Charles Wesley,Charles Wesley,MRS,Red Sox,1166,2B,177.0,,,-1.3611327409744263,-1.3611327409744263
1004627,Wally Gerber,Wally Gerber,SLB,Browns,2,SS,498.0,,,-1.4147902727127075,-1.4147902727127075
1016119,Rafael Pedroso,Rafael Pedroso,CSW,Cuban Stars West,1158,1B,231.0,,,-1.569704532623291,-1.569704532623291
1003713,Ike Eichrodt,Ike Eichrodt,CLE,Indians,5,CF,293.0,,,-1.6075215339660645,-1.6075215339660645
1016048,Johnnie Oden,Johnnie Oden,- - -,- - -,0,3B,205.0,,,-1.6820696592330933,-1.6820696592330933
1015540,Tom Jackson,Tom Jackson,- - -,- - -,0,P,20.0,39.3332,-1.3278561234474182,-0.35832908749580383,-1.686185210943222
1015891,J. C. McHaskell,J. C. McHaskell,MRS,Red Sox,1166,1B,329.0,,,-1.874334454536438,-1.874334454536438
1016475,Hulon Stamps,Hulon Stamps,MRS,Red Sox,1166,P,41.0,115.3333,-1.8980531692504883,-0.31774696707725525,-2.2158001363277435
1015940,Percy Miller,Percy Miller,CHT,Hornets,1155,P,37.0,45.3333,-2.746983289718628,0.3874956965446472,-2.3594875931739807
1008748,Oscar Melillo,Ski Melillo,SLB,Browns,2,2B,400.0,,,-2.457085371017456,-2.457085371017456
