playerid,playerName,playerNameRoute,abbName,shortName,teamId,pos,PA,IP,pitWAR,batWAR,totalWAR
1013377,Arky Vaughan,Arky Vaughan,PIT,Pirates,27,SS,610.0,,,9.53206729888916,9.53206729888916
1004598,Lou Gehrig,Lou Gehrig,NYY,Yankees,9,1B,672.0,,,8.636748313903809,8.636748313903809
1004285,Jimmie Foxx,Jimmie Foxx,PHA,Athletics,10,1B,649.0,,,8.447990417480469,8.447990417480469
1004010,Wes Ferrell,Wes Ferrell,BOS,Red Sox,3,P,179.0,322.3333,5.425312042236328,2.6224868297576904,8.047798871994019
1009904,Mel Ott,Mel Ott,NYG,Giants,30,RF,683.0,,,7.625917434692383,7.625917434692383
1011259,Schoolboy Rowe,Schoolboy Rowe,DET,Tigers,6,P,124.0,275.6666,6.214846611022949,1.3853169679641724,7.600163578987122
1004996,Hank Greenberg,Hank Greenberg,DET,Tigers,6,1B,710.0,,,7.525228500366211,7.525228500366211
1005692,Billy Herman,Billy Herman,CHC,Cubs,17,2B,735.0,,,7.307912349700928,7.307912349700928
1004596,Charlie Gehringer,Charlie Gehringer,DET,Tigers,6,2B,709.0,,,7.275858402252197,7.275858402252197
1003106,Dizzy Dean,Dizzy Dean,STL,Cardinals,28,P,134.0,325.3333,6.547916889190674,0.33332446217536926,6.881241351366043
1005339,Mel Harder,Mel Harder,CLE,Indians,5,P,111.0,287.3333,6.87141227722168,-0.09651380777359009,6.77489846944809
1005099,Lefty Grove,Lefty Grove,BOS,Red Sox,3,P,108.0,273.0,7.095402717590332,-0.5348815321922302,6.560521185398102
1000284,Luke Appling,Luke Appling,CHW,White Sox,4,SS,654.0,,,6.420010566711426,6.420010566711426
1008719,Joe Medwick,Joe Medwick,STL,Cardinals,28,LF,670.0,,,6.363279342651367,6.363279342651367
1004440,Augie Galan,Augie Galan,CHC,Cubs,17,LF,748.0,,,6.108320713043213,6.108320713043213
1001055,Cy Blanton,Cy Blanton,PIT,Pirates,27,P,104.0,254.3333,6.659500598907471,-0.5718073844909668,6.087693214416504
1009415,Buddy Myer,Buddy Myer,WAS,Senators,8,2B,720.0,,,5.936462879180908,5.936462879180908
1013456,Joe Vosmik,Joe Vosmik,CLE,Indians,5,LF,688.0,,,5.793224811553955,5.793224811553955
1000875,Wally Berger,Wally Berger,BSN,Braves,16,CF,644.0,,,5.602236747741699,5.602236747741699
1008103,Johnny Marcum,Johnny Marcum,PHA,Athletics,10,P,132.0,242.6666,4.034759044647217,1.150038242340088,5.184797286987305
1007490,Hank Leiber,Hank Leiber,NYG,Giants,30,CF,680.0,,,5.096799850463867,5.096799850463867
1005458,Gabby Hartnett,Gabby Hartnett,CHC,Cubs,17,C,461.0,,,5.084613800048828,5.084613800048828
1012927,Bill Terry,Bill Terry,NYG,Giants,30,1B,653.0,,,4.9313273429870605,4.9313273429870605
1005183,Stan Hack,Stan Hack,CHC,Cubs,17,3B,504.0,,,4.838613510131836,4.838613510131836
1002464,Ripper Collins,Ripper Collins,STL,Cardinals,28,1B,647.0,,,4.7212419509887695,4.7212419509887695
1002384,Mickey Cochrane,Mickey Cochrane,DET,Tigers,6,C,522.0,,,4.528417110443115,4.528417110443115
1011128,Billy Rogell,Billy Rogell,DET,Tigers,6,SS,648.0,,,4.464908599853516,4.464908599853516
1013597,Paul Waner,Paul Waner,PIT,Pirates,27,RF,623.0,,,4.331803798675537,4.331803798675537
1006132,Willis Hudlin,Willis Hudlin,CLE,Indians,5,P,93.0,231.6666,3.6593716144561768,0.6635560989379883,4.322927713394165
1006123,Carl Hubbell,Carl Hubbell,NYG,Giants,30,P,116.0,302.6666,3.812499761581421,0.38268375396728516,4.195183515548706
1003110,Paul Dean,Paul Dean,STL,Cardinals,28,P,95.0,269.6666,4.792915344238281,-0.6671783924102783,4.125736951828003
1012787,Bill Swift,Bill Swift,PIT,Pirates,27,P,82.0,203.6666,3.8182971477508545,0.27878817915916443,4.097085326910019
1001421,Tommy Bridges,Tommy Bridges,DET,Tigers,6,P,119.0,274.3333,3.721930742263794,0.30215540528297424,4.024086147546768
1003043,Curt Davis,Curt Davis,PHI,Phillies,26,P,86.0,231.0,4.129847526550293,-0.12732882797718048,4.0025186985731125
1003224,Paul Derringer,Paul Derringer,CIN,Reds,18,P,99.0,276.6666,4.641340732574463,-0.6471679210662842,3.9941728115081787
1011732,George Selkirk,George Selkirk,NYY,Yankees,9,RF,541.0,,,3.854940414428711,3.854940414428711
1006428,Bob Johnson,Bob Johnson,PHA,Athletics,10,LF,664.0,,,3.853607654571533,3.853607654571533
1005224,Odell Hale,Odell Hale,CLE,Indians,5,3B,648.0,,,3.802769422531128,3.802769422531128
1013637,Lon Warneke,Lon Warneke,CHC,Cubs,17,P,102.0,261.6666,3.597257137298584,0.0814170241355896,3.6786741614341736
1004338,Larry French,Larry French,CHC,Cubs,17,P,96.0,246.3333,4.155913829803467,-0.5238991975784302,3.6320146322250366
1000378,Earl Averill,Earl Averill,CLE,Indians,5,CF,638.0,,,3.608297109603882,3.608297109603882
1009117,Jo-Jo Moore,Jo-Jo Moore,NYG,Giants,30,LF,744.0,,,3.596169948577881,3.596169948577881
1004283,Pete Fox,Pete Fox,DET,Tigers,6,RF,581.0,,,3.518097400665283,3.518097400665283
1001176,Zeke Bonura,Zeke Bonura,CHW,White Sox,4,1B,611.0,,,3.478285074234009,3.478285074234009
1011157,Red Rolfe,Red Rolfe,NYY,Yankees,9,3B,706.0,,,3.4517440795898438,3.4517440795898438
1006505,Syl Johnson,Syl Johnson,PHI,Phillies,26,P,66.0,174.6666,3.3020739555358887,0.14765141904354095,3.4497253745794296
1004343,Lonny Frey,Lonny Frey,BRO,Dodgers,22,SS,588.0,,,3.3922977447509766,3.3922977447509766
1012270,Moose Solters,Moose Solters,- - -,- - -,0,LF,672.0,,,3.3464425057172775,3.3464425057172775
1009546,Bobo Newsom,Bobo Newsom,- - -,- - -,0,P,93.0,240.99990000000003,2.966361105442047,0.3753485381603241,3.341709643602371
1009321,Van Mungo,Van Mungo,BRO,Dodgers,22,P,92.0,214.3333,2.851350784301758,0.44417569041252136,3.295526474714279
1007718,Ernie Lombardi,Ernie Lombardi,CIN,Reds,18,C,351.0,,,3.245776653289795,3.245776653289795
1002141,Ben Chapman,Ben Chapman,NYY,Yankees,9,CF,629.0,,,3.232356071472168,3.232356071472168
1011296,Red Ruffing,Red Ruffing,NYY,Yankees,9,P,114.0,222.0,1.8529022932052612,1.3583818674087524,3.2112841606140137
1007447,Bill Lee,Bill Lee,CHC,Cubs,17,P,107.0,252.0,2.992201566696167,0.1535012274980545,3.1457027941942215
1015042,Martín Dihigo,Martín Dihigo,NYC,Cubans,1141,3B/CF,164.0,43.3333,1.1240681409835815,1.9778300523757935,3.101898193359375
1011648,Hal Schumacher,Hal Schumacher,NYG,Giants,30,P,112.0,261.6666,3.0506906509399414,0.04921643063426018,3.0999070815742016
1006991,Chuck Klein,Chuck Klein,CHC,Cubs,17,RF,485.0,,,3.0872421264648438,3.0872421264648438
1002796,Joe Cronin,Joe Cronin,BOS,Red Sox,3,SS,630.0,,,3.086942195892334,3.086942195892334
1013162,Cecil Travis,Cecil Travis,WAS,Senators,8,3B,590.0,,,3.073507785797119,3.073507785797119
1013813,Sam West,Sam West,SLB,Browns,2,CF,615.0,,,3.015533208847046,3.015533208847046
1000621,Dick Bartell,Dick Bartell,NYG,Giants,30,SS,603.0,,,3.014153003692627,3.014153003692627
1013866,Earl Whitehill,Earl Whitehill,WAS,Senators,8,P,116.0,279.3333,3.0647761821746826,-0.07889912277460098,2.9858770594000816
1007468,Thornton Lee,Thornton Lee,CLE,Indians,5,P,68.0,180.6666,2.9491829872131348,-0.048587605357170105,2.9005953818559647
1005691,Babe Herman,Babe Herman,- - -,- - -,0,LF,471.0,,,2.890212059020996,2.890212059020996
1000253,Ivy Andrews,Ivy Andrews,SLB,Browns,2,P,74.0,213.3333,3.490103006362915,-0.6162152886390686,2.8738877177238464
1014588,Cool Papa Bell,Cool Papa Bell,PC,Crawfords,1143,CF,228.0,,,2.862412929534912,2.862412929534912
1006314,Travis Jackson,Travis Jackson,NYG,Giants,30,3B,556.0,,,2.7963738441467285,2.7963738441467285
1000150,Johnny Allen,Johnny Allen,NYY,Yankees,9,P,73.0,167.0,2.6598660945892334,0.13333356380462646,2.79319965839386
1015243,Josh Gibson,Josh Gibson,PC,Crawfords,1143,C,192.0,1.6665999999999999,-0.010946987196803093,2.7940332889556885,2.7830863017588854
1000982,Ralph Birkofer,Ralph Birkofer,PIT,Pirates,27,P,59.0,150.3333,2.5821502208709717,0.18224914371967316,2.764399364590645
1016700,Willie Wells,Willie Wells,CAG,American Giants,1133,SS,209.0,,,2.708951950073242,2.708951950073242
1005793,Pinky Higgins,Pinky Higgins,PHA,Athletics,10,3B,573.0,,,2.702655553817749,2.702655553817749
1002820,Alvin Crowder,Alvin Crowder,DET,Tigers,6,P,103.0,241.0,2.9473073482513428,-0.25169944763183594,2.695607900619507
1007422,Tony Lazzeri,Tony Lazzeri,NYY,Yankees,9,2B,544.0,,,2.659487009048462,2.659487009048462
1006115,Waite Hoyt,Waite Hoyt,PIT,Pirates,27,P,58.0,164.0,2.455700635910034,0.2028137594461441,2.6585143953561783
1006653,Billy Jurges,Billy Jurges,CHC,Cubs,17,SS,584.0,,,2.6457414627075195,2.6457414627075195
1002315,Watson Clark,Watty Clark,BRO,Dodgers,22,P,87.0,207.0,2.7209863662719727,-0.10275082290172577,2.618235543370247
1002352,Harlond Clift,Harlond Clift,SLB,Browns,2,3B,569.0,,,2.606853723526001,2.606853723526001
1007559,Sam Leslie,Sam Leslie,BRO,Dodgers,22,1B,581.0,,,2.5730016231536865,2.5730016231536865
1002848,Tony Cuccinello,Tony Cuccinello,BRO,Dodgers,22,2B/3B,404.0,,,2.564892053604126,2.564892053604126
1002802,Frankie Crosetti,Frankie Crosetti,NYY,Yankees,9,SS,351.0,,,2.5487051010131836,2.5487051010131836
1001153,Cliff Bolton,Cliff Bolton,WAS,Senators,8,C,436.0,,,2.5387632846832275,2.5387632846832275
1013783,Billy Werber,Billy Werber,BOS,Red Sox,3,3B,549.0,,,2.528529644012451,2.528529644012451
1003271,Bill Dickey,Bill Dickey,NYY,Yankees,9,C,491.0,,,2.499691963195801,2.499691963195801
1013756,Johnny Welch,Johnny Welch,BOS,Red Sox,3,P,60.0,143.0,2.414855480194092,0.07006250321865082,2.4849179834127426
1016104,Pat Patterson,Pat Patterson,PC,Crawfords,1143,2B,174.0,,,2.476944923400879,2.476944923400879
1005229,Bill Hallahan,Bill Hallahan,STL,Cardinals,28,P,62.0,181.3333,2.651390790939331,-0.25272342562675476,2.3986673653125763
1011188,Charlie Root,Charley Root,CHC,Cubs,17,P,84.0,201.3333,2.226619243621826,0.17057736217975616,2.3971966058015823
1007637,Ed Linke,Ed Linke,WAS,Senators,8,P,76.0,178.0,1.658051609992981,0.6959986686706543,2.3540502786636353
1007887,Ted Lyons,Ted Lyons,CHW,White Sox,4,P,89.0,190.6666,2.3205058574676514,0.03323202580213547,2.353737883269787
1004821,Lefty Gomez,Lefty Gomez,NYY,Yankees,9,P,93.0,246.0,3.0701565742492676,-0.7191128134727478,2.3510437607765198
1015737,Buck Leonard,Buck Leonard,HG,Grays,1137,1B,175.0,,,2.3231077194213867,2.3231077194213867
1016837,Zollie Wright,Zollie Wright,CEG,Elite Giants,1132,RF,140.0,,,2.307857036590576,2.307857036590576
1004007,Rick Ferrell,Rick Ferrell,BOS,Red Sox,3,C,536.0,,,2.293783664703369,2.293783664703369
1012674,Gus Suhr,Gus Suhr,PIT,Pirates,27,1B,604.0,,,2.2936346530914307,2.2936346530914307
1009883,Fritz Ostermueller,Fritz Ostermueller,BOS,Red Sox,3,P,54.0,137.6666,2.047018527984619,0.2357604205608368,2.282778948545456
1012817,Vito Tamulis,Vito Tamulis,NYY,Yankees,9,P,66.0,160.6666,1.8468962907791138,0.42666783928871155,2.2735641300678253
1010957,Lew Riggs,Lew Riggs,CIN,Reds,18,3B,583.0,,,2.232912302017212,2.232912302017212
1000366,Elden Auker,Elden Auker,DET,Tigers,6,P,80.0,195.0,2.158881187438965,0.06268215924501419,2.221563346683979
1002727,Doc Cramer,Doc Cramer,PHA,Athletics,10,CF,701.0,,,2.216050863265991,2.216050863265991
1004857,Ival Goodman,Ival Goodman,CIN,Reds,18,RF,637.0,,,2.1962053775787354,2.1962053775787354
1006400,Woody Jensen,Woody Jensen,PIT,Pirates,27,LF,657.0,,,2.1657683849334717,2.1657683849334717
1008189,Pepper Martin,Pepper Martin,STL,Cardinals,28,3B,575.0,,,2.131650924682617,2.131650924682617
1003078,Virgil Davis,Spud Davis,STL,Cardinals,28,C,354.0,,,2.110288381576538,2.110288381576538
1007808,Red Lucas,Red Lucas,PIT,Pirates,27,P,76.0,125.6666,1.2201231718063354,0.8783125877380371,2.0984357595443726
1010111,Monte Pearson,Monte Pearson,CLE,Indians,5,P,70.0,181.6666,1.990688443183899,0.053242895752191544,2.0439313389360905
1015248,George Giles,George Giles,BE,Eagles,1140,1B,202.0,,,2.043912649154663,2.043912649154663
1015091,Jake Dunn,Jake Dunn,PS,Stars,1144,SS/CF,215.0,,,1.9844908714294434,1.9844908714294434
1001875,Bruce Campbell,Bruce Campbell,CLE,Indians,5,RF,343.0,,,1.9788527488708496,1.9788527488708496
1013337,Russ Van Atta,Russ Van Atta,- - -,- - -,0,P,50.0,174.9999,2.059669309295714,-0.09256549179553986,1.967103817500174
1010342,Tony Piet,Tony Piet,- - -,- - -,0,2B,341.0,,,1.9638632088899612,1.9638632088899612
1015525,Will Jackman,Will Jackman,BE,Eagles,1140,P,48.0,117.0,1.5216425657272339,0.440288782119751,1.9619313478469849
1013596,Lloyd Waner,Lloyd Waner,PIT,Pirates,27,CF,562.0,,,1.9531704187393188,1.9531704187393188
1013699,Jim Weaver,Jim Weaver,PIT,Pirates,27,P,67.0,176.3333,2.459564447402954,-0.5211692452430725,1.9383952021598816
1003190,Frank Demaree,Frank Demaree,CHC,Cubs,17,RF/CF,420.0,,,1.9322494268417358,1.9322494268417358
1004893,Goose Goslin,Goose Goslin,DET,Tigers,6,LF,651.0,,,1.928091049194336,1.928091049194336
1006589,Sad Sam Jones,Sam Jones,CHW,White Sox,4,P,61.0,140.0,1.7863460779190063,0.09702959656715393,1.8833756744861603
1003596,Leo Durocher,Leo Durocher,STL,Cardinals,28,SS,546.0,,,1.8638197183609009,1.8638197183609009
1012623,Joe Stripp,Joe Stripp,BRO,Dodgers,22,3B,405.0,,,1.8457512855529785,1.8457512855529785
1003617,Jimmy Dykes,Jimmie Dykes,CHW,White Sox,4,3B,473.0,,,1.836357593536377,1.836357593536377
1012865,Danny Taylor,Danny Taylor,BRO,Dodgers,22,LF,404.0,,,1.7891712188720703,1.7891712188720703
1016780,Harry Williams,Harry Williams,BE,Eagles,1140,2B/3B,218.0,,,1.7886946201324463,1.7886946201324463
1015992,Leroy Morney,Leroy Morney,CEG,Elite Giants,1132,SS,108.0,,,1.7880048751831055,1.7880048751831055
1005955,Al Hollingsworth,Al Hollingsworth,CIN,Reds,18,P,58.0,173.3333,2.0892481803894043,-0.3131699860095978,1.7760781943798065
1003164,William DeLancey,Bill DeLancey,STL,Cardinals,28,C,345.0,,,1.7757984399795532,1.7757984399795532
1013508,Bill Walker,Bill Walker,STL,Cardinals,28,P,68.0,193.3333,2.3174078464508057,-0.5455183982849121,1.7718894481658936
1014997,Roosevelt Davis,Roosevelt Davis,PC,Crawfords,1143,P,35.0,86.0,1.402251958847046,0.3579051196575165,1.7601570785045624
1012568,John Stone,John Stone,WAS,Senators,8,RF,498.0,,,1.7366371154785156,1.7366371154785156
1007053,Jack Knott,Jack Knott,SLB,Browns,2,P,70.0,187.6666,2.377915382385254,-0.6469237208366394,1.7309916615486145
1015848,Leroy Matlock,Leroy Matlock,PC,Crawfords,1143,P,28.0,71.0,1.7635221481323242,-0.037047456949949265,1.726474691182375
1007037,Bill Knickerbocker,Bill Knickerbocker,CLE,Indians,5,SS,577.0,,,1.7213232517242432,1.7213232517242432
1006498,Roy Johnson,Roy Johnson,BOS,Red Sox,3,LF,635.0,,,1.7187105417251587,1.7187105417251587
1006851,Vern Kennedy,Vern Kennedy,CHW,White Sox,4,P,81.0,211.6666,1.5691725015640259,0.11758089065551758,1.6867533922195435
1004334,Tony Freitas,Tony Freitas,CIN,Reds,18,P,55.0,143.6666,1.7528642416000366,-0.06737133860588074,1.6854929029941559
1014722,Ray Brown,Ray Brown,HG,Grays,1137,P/CF,136.0,105.0,1.3753572702407837,0.3048989474773407,1.6802562177181244
1008051,Gus Mancuso,Gus Mancuso,NYG,Giants,30,C,489.0,,,1.6785637140274048,1.6785637140274048
1016080,Ted Page,Ted Page,PS,Stars,1144,RF,164.0,,,1.658413290977478,1.658413290977478
1005826,Jesse Hill,Jesse Hill,NYY,Yankees,9,LF,444.0,,,1.6482244729995728,1.6482244729995728
1004364,Frankie Frisch,Frankie Frisch,STL,Cardinals,28,2B,402.0,,,1.6263277530670166,1.6263277530670166
1010489,Jake Powell,Jake Powell,WAS,Senators,8,CF,604.0,,,1.6255086660385132,1.6255086660385132
1009128,Terry Moore,Terry Moore,STL,Cardinals,28,CF,477.0,,,1.6185779571533203,1.6185779571533203
1007160,Red Kress,Red Kress,WAS,Senators,8,SS,279.0,5.6666,0.02487322874367237,1.56889808177948,1.5937713105231524
1014796,Matt Carlisle,Matt Carlisle,HG,Grays,1137,2B,180.0,,,1.591996669769287,1.591996669769287
1015363,Curtis Harris,Curtis Harris,PC,Crawfords,1143,PH/PR,113.0,,,1.566224217414856,1.566224217414856
1003633,George Earnshaw,George Earnshaw,- - -,- - -,0,P,70.0,184.0,1.5520121976733208,0.0077309031039476395,1.5597431007772684
1005209,Jesse Haines,Jesse Haines,STL,Cardinals,28,P,36.0,115.3333,1.4035595655441284,0.1485593318939209,1.5521188974380493
1004297,Fred Frankhouse,Fred Frankhouse,BSN,Braves,16,P,86.0,230.6666,0.8686133623123169,0.680360734462738,1.548974096775055
1000139,Ethan Allen,Ethan Allen,PHI,Phillies,26,CF,700.0,,,1.527411699295044,1.527411699295044
1001822,Sugar Cain,Sugar Cain,- - -,- - -,0,P,69.0,193.6666,1.9219240937381983,-0.3964279890060425,1.5254961047321558
1010275,Babe Phelps,Babe Phelps,BRO,Dodgers,22,C,130.0,,,1.4954564571380615,1.4954564571380615
1005186,Bump Hadley,Bump Hadley,WAS,Senators,8,P,94.0,230.3333,1.2603118419647217,0.21814480423927307,1.4784566462039948
1007365,Lyn Lary,Lyn Lary,- - -,- - -,0,SS,562.0,,,1.467883139848709,1.467883139848709
1005756,Ed Heusser,Ed Heusser,STL,Cardinals,28,P,36.0,123.3333,1.682910442352295,-0.2180560678243637,1.4648543745279312
1001533,Jumbo Brown,Jumbo Brown,NYY,Yankees,9,P,34.0,87.3333,1.172872543334961,0.2883584797382355,1.4612310230731964
1009116,Johnny Moore,Johnny Moore,PHI,Phillies,26,RF,654.0,,,1.4443122148513794,1.4443122148513794
1001752,Guy Bush,Guy Bush,PIT,Pirates,27,P,75.0,204.3333,1.564272165298462,-0.1305578649044037,1.4337143003940582
1005924,Shanty Hogan,Shanty Hogan,BSN,Braves,16,C,188.0,,,1.42801034450531,1.42801034450531
1013190,Hal Trosky Sr.,Hal Trosky,CLE,Indians,5,1B,680.0,,,1.4197546243667603,1.4197546243667603
1016481,Turkey Stearnes,Turkey Stearnes,CAG,American Giants,1133,CF,196.0,,,1.4134211540222168,1.4134211540222168
1013882,John Whitehead,John Whitehead,CHW,White Sox,4,P,90.0,222.3333,1.942107081413269,-0.5368908643722534,1.4052162170410156
1000396,Johnny Babich,Johnny Babich,BRO,Dodgers,22,P,52.0,143.3333,1.4828879833221436,-0.08395307511091232,1.3989349082112312
1016057,Alejandro Oms,Alejandro Oms,NYC,Cubans,1141,RF/CF,173.0,,,1.3974167108535767,1.3974167108535767
1007904,Danny MacFayden,Danny MacFayden,- - -,- - -,0,P,63.0,187.6666,1.6552278399467468,-0.2908443287014961,1.3643835112452507
1007455,Hal Lee,Hal Lee,BSN,Braves,16,LF,445.0,,,1.3523563146591187,1.3523563146591187
1011607,Gene Schott,Gene Schott,CIN,Reds,18,P,63.0,159.0,1.324388861656189,0.025155549868941307,1.3495444115251303
1014405,Tom Zachary,Tom Zachary,BRO,Dodgers,22,P,59.0,158.0,1.5469461679458618,-0.19983291625976562,1.3471132516860962
1014597,Jerry Benjamin,Jerry Benjamin,HG,Grays,1137,RF/CF,192.0,,,1.3240132331848145,1.3240132331848145
1009244,Wally Moses,Wally Moses,PHA,Athletics,10,RF,373.0,,,1.2798761129379272,1.2798761129379272
1005804,Oral Hildebrand,Oral Hildebrand,CLE,Indians,5,P,63.0,171.3333,1.50677490234375,-0.22699010372161865,1.2797847986221313
1013583,Bucky Walters,Bucky Walters,PHI,Phillies,26,P,107.0,151.0,1.5441666841506958,-0.2644747495651245,1.2796919345855713
1014718,Larry Brown,Larry Brown,CAG,American Giants,1133,C,125.0,,,1.259987711906433,1.259987711906433
1016829,Wild Bill Wright,Wild Bill Wright,CEG,Elite Giants,1132,CF,135.0,,,1.254969835281372,1.254969835281372
1007076,Len Koenecke,Len Koenecke,BRO,Dodgers,22,CF,374.0,,,1.2450069189071655,1.2450069189071655
1002093,Phil Cavarretta,Phil Cavarretta,CHC,Cubs,17,1B,636.0,,,1.2393161058425903,1.2393161058425903
1016476,Neck Stanley,Neck Stanley,NYC,Cubans,1141,P,24.0,65.6666,1.2746601104736328,-0.03573169931769371,1.238928411155939
1015566,Fats Jenkins,Fats Jenkins,BE,Eagles,1140,LF,211.0,,,1.2360392808914185,1.2360392808914185
1016512,Mule Suttles,Mule Suttles,CAG,American Giants,1133,LF,166.0,,,1.2240428924560547,1.2240428924560547
1002568,Dusty Cooke,Dusty Cooke,BOS,Red Sox,3,RF/CF,346.0,,,1.2176023721694946,1.2176023721694946
1016584,Luis Tiant,Luis Tiant,NYC,Cubans,1141,P,24.0,71.6666,1.337241768836975,-0.12180788069963455,1.2154338881373405
1007077,Mark Koenig,Mark Koenig,NYG,Giants,30,2B,420.0,,,1.2136613130569458,1.2136613130569458
1013063,Les Tietje,Les Tietje,CHW,White Sox,4,P,67.0,169.6666,1.2770260572433472,-0.0792243704199791,1.197801686823368
1014596,William Bell,William Bell,- - -,- - -,0,P,19.0,47.3333,0.8835741281509399,0.3011612333357334,1.1847353614866734
1004912,Earl Grace,Earl Grace,PIT,Pirates,27,C,257.0,,,1.1792384386062622,1.1792384386062622
1016571,Sam Thompson,Sam Thompson,CEG,Elite Giants,1132,P,24.0,65.6666,1.3700659275054932,-0.191017284989357,1.1790486425161362
1001540,Lloyd Brown,Lloyd Brown,CLE,Indians,5,P,41.0,122.0,1.4200383424758911,-0.24504713714122772,1.1749912053346634
1014650,Ted Bond,Ted Bond,- - -,- - -,0,SS,150.0,,,1.1623126864433289,1.1623126864433289
1002391,Dick Coffman,Dick Coffman,SLB,Browns,2,P,51.0,143.6666,1.2336069345474243,-0.0781271830201149,1.1554797515273094
1015079,Tommie Dukes,Tommie Dukes,HG,Grays,1137,C,147.0,,,1.1524966955184937,1.1524966955184937
1001796,Sammy Byrd,Sammy Byrd,CIN,Reds,18,CF/LF,460.0,,,1.1517715454101562,1.1517715454101562
1016808,Jud Wilson,Jud Wilson,PS,Stars,1144,1B,209.0,,,1.1478973627090454,1.1478973627090454
1011244,Jack Rothrock,Jack Rothrock,STL,Cardinals,28,RF,579.0,,,1.1241087913513184,1.1241087913513184
1001269,Joe Bowman,Joe Bowman,PHI,Phillies,26,P,72.0,148.3333,1.5381135940551758,-0.41488564014434814,1.1232279539108276
1005173,Mule Haas,Mule Haas,CHW,White Sox,4,RF/CF,379.0,,,1.1201345920562744,1.1201345920562744
1015886,Webster McDonald,Webster McDonald,PS,Stars,1144,P,53.0,142.3333,1.2965538501739502,-0.17986194789409637,1.1166919022798538
1011978,Al Simmons,Al Simmons,CHW,White Sox,4,CF,561.0,,,1.1138875484466553,1.1138875484466553
1012701,Joe Sullivan,Joe Sullivan,DET,Tigers,6,P,48.0,125.6666,1.2186845541000366,-0.1056370958685875,1.1130474582314491
1016713,Chaney White,Chaney White,PS,Stars,1144,LF,209.0,,,1.1110119819641113,1.1110119819641113
1009418,Billy Myers,Billy Myers,CIN,Reds,18,SS,486.0,,,1.1046899557113647,1.1046899557113647
1001878,Gilly Campbell,Gilly Campbell,CIN,Reds,18,C,261.0,,,1.103285312652588,1.103285312652588
1001921,Ben Cantwell,Ben Cantwell,BSN,Braves,16,P,74.0,210.6666,0.693554699420929,0.4050028920173645,1.0985575914382935
1014963,Ray Dandridge,Ray Dandridge,ND,Dodgers,1139,3B,155.0,,,1.0841681957244873,1.0841681957244873
1015469,Lefty Holmes,Lefty Holmes,PS,Stars,1144,P,31.0,75.0,0.8469638228416443,0.23352956771850586,1.0804933905601501
1014943,Jimmie Crutchfield,Jimmie Crutchfield,PC,Crawfords,1143,RF,174.0,,,1.0740140676498413,1.0740140676498413
1005626,Rollie Hemsley,Rollie Hemsley,SLB,Browns,2,C,560.0,,,1.064208984375,1.064208984375
1015189,Willie Foster,Willie Foster,CAG,American Giants,1133,P,34.0,82.3333,1.0919524431228638,-0.037840429693460464,1.0541120134294033
1012524,Lefty Stewart,Lefty Stewart,- - -,- - -,0,P,34.0,93.6666,1.1427125334739685,-0.10546473041176796,1.0372478030622005
1015514,Bert Hunter,Bert Hunter,PC,Crawfords,1143,P,39.0,87.0,1.077912449836731,-0.04563862457871437,1.0322738252580166
1015012,Leon Day,Leon Day,BE,Eagles,1140,P,46.0,103.6666,1.26883065700531,-0.2389434278011322,1.0298872292041779
1016326,Lázaro Salazar,Lázaro Salazar,NYC,Cubans,1141,1B/LF,151.0,2.0,0.07044275104999542,0.9576617479324341,1.0281044989824295
1015054,Rap Dixon,Rap Dixon,- - -,- - -,0,CF/LF,127.0,,,1.0211009085178375,1.0211009085178375
1004342,Benny Frey,Benny Frey,CIN,Reds,18,P,38.0,114.3333,0.5482253432273865,0.4712625741958618,1.0194879174232483
1015374,Vic Harris,Vic Harris,HG,Grays,1137,LF,196.0,,,1.0080293416976929,1.0080293416976929
1009722,Ken O'Dea,Ken O'Dea,CHC,Cubs,17,C,231.0,,,1.0028765201568604,1.0028765201568604
1013501,Rube Walberg,Rube Walberg,BOS,Red Sox,3,P,42.0,142.6666,1.1563156843185425,-0.17297236621379852,0.983343318104744
1005678,Roy Henshaw,Roy Henshaw,CHC,Cubs,17,P,57.0,142.6666,0.8337705731391907,0.1448897272348404,0.9786603003740311
1014087,Jack Wilson,Jack Wilson,BOS,Red Sox,3,P,18.0,64.0,0.7258753776550293,0.252376914024353,0.9782522916793823
1001453,Johnny Broaca,Johnny Broaca,NYY,Yankees,9,P,89.0,201.0,1.386528491973877,-0.4136095643043518,0.9729189276695251
1010864,Carl Reynolds,Carl Reynolds,BOS,Red Sox,3,RF,273.0,,,0.9625059962272644,0.9625059962272644
1010537,Ray Prim,Ray Prim,PHI,Phillies,26,P,24.0,73.3333,1.253834843635559,-0.3067713975906372,0.9470634460449219
1016097,Roy Parnell,Roy Parnell,CEG,Elite Giants,1132,LF,143.0,,,0.9397606253623962,0.9397606253623962
1015509,Sammy Hughes,Sammy Hughes,CEG,Elite Giants,1132,2B,134.0,,,0.9301405549049377,0.9301405549049377
1001285,Buzz Boyle,Buzz Boyle,BRO,Dodgers,22,RF,522.0,,,0.9220390915870667,0.9220390915870667
1007981,Roy Mahaffey,Roy Mahaffey,PHA,Athletics,10,P,54.0,136.0,1.095828890800476,-0.18099260330200195,0.9148362874984741
1015107,Rocky Ellis,Rocky Ellis,PS,Stars,1144,P,37.0,98.3333,0.8775520324707031,0.020952947437763214,0.8985049799084663
1016129,Bill Perkins,Bill Perkins,PC,Crawfords,1143,C/RF,144.0,,,0.8968212604522705,0.8968212604522705
1009943,Tom Padden,Tom Padden,PIT,Pirates,27,C,353.0,,,0.8949014544487,0.8949014544487
1002421,Ed Coleman,Ed Coleman,- - -,- - -,0,RF,468.0,,,0.8844095021486282,0.8844095021486282
1016541,Johnny Taylor,Johnny Taylor,NYC,Cubans,1141,P,28.0,74.3333,1.222917914390564,-0.3399985730648041,0.8829193413257599
1016453,Felton Snow,Felton Snow,CEG,Elite Giants,1132,3B,134.0,,,0.8788928389549255,0.8788928389549255
1003837,Bobby Estalella,Bobby Estalella,WAS,Senators,8,3B,68.0,,,0.8687834143638611,0.8687834143638611
1014058,Vernon Wilshere,Whitey Wilshere,PHA,Athletics,10,P,52.0,142.3333,1.244105577468872,-0.376640647649765,0.8674649298191071
1006161,Roy Hughes,Roy Hughes,CLE,Indians,5,2B/SS,293.0,,,0.8539981842041016,0.8539981842041016
1014721,Ossie Brown,Ossie Brown,CAG,American Giants,1133,P,25.0,63.3333,0.7612252235412598,0.08860073238611221,0.849825955927372
1004607,Charlie Gelbert,Charlie Gelbert,STL,Cardinals,28,3B/SS,187.0,,,0.8441597819328308,0.8441597819328308
1013029,Tommy Thompson,Tommy Thompson,BSN,Braves,16,RF,343.0,,,0.8428475260734558,0.8428475260734558
1013519,Gee Walker,Gee Walker,DET,Tigers,6,CF/LF,385.0,,,0.824079155921936,0.824079155921936
1015304,Bob Griffith,Bob Griffith,CEG,Elite Giants,1132,P,19.0,49.6666,0.6331634521484375,0.18643565475940704,0.8195991069078445
1001860,Dolph Camilli,Dolph Camilli,PHI,Phillies,26,1B,672.0,,,0.818638265132904,0.818638265132904
1012089,Al Smith,Al Smith,NYG,Giants,30,P,39.0,124.0,0.8980867266654968,-0.08141700178384781,0.816669724881649
1004122,Freddie Fitzsimmons,Freddie Fitzsimmons,NYG,Giants,30,P,34.0,94.0,0.6407873630523682,0.12871944904327393,0.7695068120956421
1015120,Bob Evans,Bob Evans,ND,Dodgers,1139,P,23.0,67.6666,0.9314969182014465,-0.17458824813365936,0.7569086700677872
1001617,Jim Bucher,Jim Bucher,BRO,Dodgers,22,2B/3B,487.0,,,0.7532160878181458,0.7532160878181458
1012602,Monty Stratton,Monty Stratton,CHW,White Sox,4,P,15.0,38.0,0.8428120017051697,-0.09531152248382568,0.747500479221344
1015384,Bill Harvey,Bill Harvey,PC,Crawfords,1143,P,22.0,51.6666,0.7531676888465881,-0.014021449722349644,0.7391462391242385
1002478,Earle Combs,Earle Combs,NYY,Yankees,9,LF,335.0,,,0.732771635055542,0.732771635055542
1000933,Huck Betts,Huck Betts,BSN,Braves,16,P,50.0,159.6666,0.7818755507469177,-0.05304863303899765,0.7288269177079201
1014815,Spoon Carter,Spoon Carter,PC,Crawfords,1143,P,26.0,55.6666,0.6215855479240417,0.09820758551359177,0.7197931334376335
1014633,Frank Blake,Frank Blake,NYC,Cubans,1141,P,21.0,49.3333,0.9601501822471619,-0.24650561809539795,0.7136445641517639
1005939,Sammy Holbrook,Sammy Holbrook,WAS,Senators,8,C,169.0,,,0.7006889581680298,0.7006889581680298
1016782,Jim Willis,Jim Willis,CEG,Elite Giants,1132,P,23.0,53.0,0.6148251295089722,0.082970529794693,0.6977956593036652
1006623,Orville Jorgens,Orville Jorgens,PHI,Phillies,26,P,68.0,188.3333,1.337835431098938,-0.6464296579360962,0.6914057731628418
1002075,Slick Castleman,Slick Castleman,NYG,Giants,30,P,68.0,173.6666,0.7950417995452881,-0.11061067134141922,0.6844311282038689
1005537,Ray Hayworth,Ray Hayworth,DET,Tigers,6,C,190.0,,,0.6783497929573059,0.6783497929573059
1001090,Ossie Bluege,Ossie Bluege,WAS,Senators,8,3B/SS,363.0,,,0.6598880887031555,0.6598880887031555
1005930,Chief Hogsett,Chief Hogsett,DET,Tigers,6,P,23.0,96.6666,0.4723198711872101,0.18016712367534637,0.6524869948625565
1006774,Hal Kelleher,Hal Kelleher,PHI,Phillies,26,P,9.0,25.0,0.5438799858093262,0.10298070311546326,0.6468606889247894
1016485,Jake Stephens,Jake Stephens,PS,Stars,1144,SS,175.0,,,0.6416423916816711,0.6416423916816711
1012973,Fay Thomas,Fay Thomas,SLB,Browns,2,P,44.0,147.0,1.0104165077209473,-0.3713301718235016,0.6390863358974457
1012684,Billy Sullivan,Billy Sullivan,CIN,Reds,18,1B,265.0,,,0.6251901984214783,0.6251901984214783
1000868,Boze Berger,Boze Berger,CLE,Indians,5,2B,504.0,,,0.6208550333976746,0.6208550333976746
1001504,Clint Brown,Clint Brown,CLE,Indians,5,P,12.0,49.0,0.5832770466804504,0.037016212940216064,0.6202932596206665
1016126,Javier Pérez,Javier Pérez,- - -,- - -,0,3B,168.0,,,0.6154244467616081,0.6154244467616081
1001197,Frenchy Bordagaray,Frenchy Bordagaray,BRO,Dodgers,22,RF/CF,453.0,,,0.6144556403160095,0.6144556403160095
1014913,Willie Cornelius,Willie Cornelius,CAG,American Giants,1133,P,28.0,59.0,0.4779164493083954,0.1318012923002243,0.6097177416086197
1010885,Gordon Rhodes,Gordon Rhodes,BOS,Red Sox,3,P,49.0,146.3333,0.9814824461936951,-0.38001516461372375,0.6014672815799713
1007631,Freddie Lindstrom,Freddie Lindstrom,CHC,Cubs,17,3B/CF,363.0,,,0.5988307595252991,0.5988307595252991
1007751,Al Lopez,Al Lopez,BRO,Dodgers,22,C,425.0,,,0.5917006134986877,0.5917006134986877
1016348,George Scales,George Scales,HG,Grays,1137,3B,121.0,,,0.5893161296844482,0.5893161296844482
1002914,Kiki Cuyler,Kiki Cuyler,- - -,- - -,0,CF,430.0,,,0.5876218751072884,0.5876218751072884
1012047,Gordon Slade,Gordon Slade,CIN,Reds,18,2B/SS,219.0,,,0.5873963832855225,0.5873963832855225
1011351,Mike Ryba,Mike Ryba,STL,Cardinals,28,P,7.0,16.0,0.4629009962081909,0.11183225363492966,0.5747332498431206
1013094,Al Todd,Al Todd,PHI,Phillies,26,C,353.0,,,0.5731680989265442,0.5731680989265442
1011388,Jack Saltzgaver,Jack Saltzgaver,NYY,Yankees,9,2B/3B,175.0,,,0.5593370199203491,0.5593370199203491
1014822,Mickey Casey,Mickey Casey,PS,Stars,1144,C,91.0,,,0.5497989654541016,0.5497989654541016
1013643,Rabbit Warstler,Rabbit Warstler,PHA,Athletics,10,2B,569.0,,,0.5442047715187073,0.5442047715187073
1016337,Anastasio Santaella,Anastasio Santaella,NYC,Cubans,1141,2B,115.0,,,0.5440400242805481,0.5440400242805481
1016085,Clarence Palm,Clarence Palm,BE,Eagles,1140,C,141.0,,,0.541594386100769,0.541594386100769
1016504,Joe Strong,Joe Strong,HG,Grays,1137,P,50.0,89.0,0.4863332509994507,0.051800210028886795,0.5381334610283375
1003289,Bill Dietrich,Bill Dietrich,PHA,Athletics,10,P,64.0,185.3333,1.2015507221221924,-0.6693993806838989,0.5321513414382935
1016172,Andy Porter,Andy Porter,CEG,Elite Giants,1132,P,13.0,34.6666,0.4883178472518921,0.042176615446805954,0.530494462698698
1004067,Carl Fischer,Carl Fischer,- - -,- - -,0,P,27.0,100.6666,0.5951397977769375,-0.06652606092393398,0.5286137368530035
1013251,Johnnie Tyler,Johnnie Tyler,BSN,Braves,16,LF,53.0,,,0.5266196727752686,0.5266196727752686
1013909,Pinky Whitney,Pinky Whitney,BSN,Braves,16,2B/3B,491.0,,,0.517733633518219,0.517733633518219
1001348,Ed Brandt,Ed Brandt,BSN,Braves,16,P,63.0,174.6666,0.5546541213989258,-0.039646632969379425,0.5150074884295464
1014814,Paul Carter,Paul Carter,PS,Stars,1144,P,22.0,63.3333,0.2607300579547882,0.2497166097164154,0.5104466676712036
1001953,Tex Carleton,Tex Carleton,CHC,Cubs,17,P,65.0,171.0,0.9145174026489258,-0.40739449858665466,0.5071229040622711
1016362,Dick Seay,Dick Seay,PS,Stars,1144,2B,213.0,,,0.5055389404296875,0.5055389404296875
1001541,Mace Brown,Mace Brown,PIT,Pirates,27,P,27.0,72.6666,0.5697499513626099,-0.06428142637014389,0.505468524992466
1003785,Woody English,Woody English,CHC,Cubs,17,3B/SS,109.0,,,0.5013577938079834,0.5013577938079834
1001603,Clay Bryant,Clay Bryant,CHC,Cubs,17,P,9.0,22.6666,0.2585935890674591,0.23327325284481049,0.4918668419122696
1005073,Lee Grissom,Lee Grissom,CIN,Reds,18,P,8.0,21.0,0.6236132383346558,-0.134769469499588,0.48884376883506775
1010279,Ray Phelps,Ray Phelps,CHW,White Sox,4,P,43.0,125.0,0.8608266115188599,-0.3752754032611847,0.48555120825767517
1016847,Laymon Yokely,Laymon Yokely,PS,Stars,1144,P,6.0,18.0,0.39743903279304504,0.08415277302265167,0.4815918058156967
1015875,Frank McCoy,Frank McCoy,ND,Dodgers,1139,C,49.0,,,0.48003166913986206,0.48003166913986206
1011767,Luke Sewell,Luke Sewell,CHW,White Sox,4,C,458.0,,,0.47874411940574646,0.47874411940574646
1011313,Jack Russell,Jack Russell,WAS,Senators,8,P,38.0,126.0,0.37880632281303406,0.0988282710313797,0.47763459384441376
1015802,Dick Lundy,Dick Lundy,- - -,- - -,0,2B,100.0,,,0.4760887175798416,0.4760887175798416
1014125,Ralph Winegarner,Ralph Winegarner,CLE,Indians,5,P,94.0,67.3333,-0.04269450902938843,0.5108861327171326,0.46819162368774414
1015080,Louis Dula,Louis Dula,HG,Grays,1137,P/RF,29.0,41.6666,0.09680899232625961,0.3654465675354004,0.46225555986166
1001389,Don Brennan,Don Brennan,CIN,Reds,18,P,33.0,114.3333,0.6282334923744202,-0.16784164309501648,0.4603918492794037
1014088,Jimmie Wilson,Jimmie Wilson,PHI,Phillies,26,C,313.0,,,0.45427533984184265,0.45427533984184265
1006609,Jimmy Jordan,Jimmy Jordan,BRO,Dodgers,22,2B/SS,312.0,,,0.4495779573917389,0.4495779573917389
1014838,Oscar Charleston,Oscar Charleston,PC,Crawfords,1143,1B,172.0,,,0.43438419699668884,0.43438419699668884
1003064,Kiddo Davis,Kiddo Davis,NYG,Giants,30,RF,105.0,,,0.42998966574668884,0.42998966574668884
1008089,Heinie Manush,Heinie Manush,WAS,Senators,8,LF,519.0,,,0.42742976546287537,0.42742976546287537
1012100,Bob Smith,Bob Smith,BSN,Braves,16,P,70.0,203.3333,0.5869737267494202,-0.1609824150800705,0.42599131166934967
1014839,Porter Charleston,Porter Charleston,PS,Stars,1144,P,8.0,22.0,0.14621317386627197,0.27846917510032654,0.4246823489665985
1015888,Terris McDuffie,Terris McDuffie,BE,Eagles,1140,P,16.0,22.6666,0.5650547742843628,-0.14170023798942566,0.42335453629493713
1005191,Chick Hafey,Chick Hafey,CIN,Reds,18,CF,66.0,,,0.41997212171554565,0.41997212171554565
1006016,Marty Hopkins,Marty Hopkins,CHW,White Sox,4,3B,188.0,,,0.4158078730106354,0.4158078730106354
1007386,Cookie Lavagetto,Cookie Lavagetto,PIT,Pirates,27,2B/3B,249.0,,,0.39185479283332825,0.39185479283332825
1016552,Dave Thomas,Dave Thomas,NYC,Cubans,1141,1B,82.0,,,0.39174672961235046,0.39174672961235046
1014768,Bill Byrd,Bill Byrd,CEG,Elite Giants,1132,P/RF,42.0,35.0,0.2839168906211853,0.10466168820858002,0.3885785788297653
1001025,George Blaeholder,George Blaeholder,- - -,- - -,0,P,59.0,166.6666,1.1766321659088135,-0.7883279249072075,0.388304241001606
1015653,Slim Jones,Slim Jones,PS,Stars,1144,P,28.0,67.3333,0.698016345500946,-0.31095027923583984,0.3870660662651062
1005801,Walter Hilcher,Whitey Hilcher,CIN,Reds,18,P,6.0,19.3333,0.41134360432624817,-0.029525067657232285,0.3818185366690159
1015395,Johnny Hayes,Johnny Hayes,ND,Dodgers,1139,C,122.0,,,0.381226122379303,0.381226122379303
1003807,Hank Erickson,Hank Erickson,CIN,Reds,18,C,97.0,,,0.3756040334701538,0.3756040334701538
1014926,Homer Craig,Homer Craig,ND,Dodgers,1139,P,23.0,64.3333,0.23608627915382385,0.13664916157722473,0.3727354407310486
1016502,Sam Streeter,Sam Streeter,PC,Crawfords,1143,P,25.0,61.6666,0.42193153500556946,-0.05450335144996643,0.367428183555603
1013655,George Washington,George Washington,CHW,White Sox,4,RF,355.0,,,0.36735883355140686,0.36735883355140686
1007533,Dutch Leonard,Dutch Leonard,BRO,Dodgers,22,P,41.0,137.6666,0.9072574377059937,-0.5434271097183228,0.3638303279876709
1006605,Buck Jordan,Buck Jordan,BSN,Braves,16,1B,491.0,,,0.3607180714607239,0.3607180714607239
1010585,Frankie Pytlak,Frankie Pytlak,CLE,Indians,5,C,164.0,,,0.35554566979408264,0.35554566979408264
1015695,Harry Kincannon,Harry Kincannon,PC,Crawfords,1143,P,14.0,33.3333,0.42646652460098267,-0.07719536125659943,0.34927116334438324
1016199,Alex Radcliff,Alex Radcliff,CAG,American Giants,1133,3B,225.0,,,0.34830281138420105,0.34830281138420105
1005579,Don Heffner,Don Heffner,NYY,Yankees,9,2B,40.0,,,0.34325793385505676,0.34325793385505676
1014930,Dewey Creacy,Dewey Creacy,PS,Stars,1144,3B,232.0,,,0.3425775170326233,0.3425775170326233
1001829,Earl Caldwell,Earl Caldwell,SLB,Browns,2,P,13.0,36.6666,0.3645510971546173,-0.03218302130699158,0.33236807584762573
1009124,Randy Moore,Randy Moore,BSN,Braves,16,RF,435.0,,,0.3317576050758362,0.3317576050758362
1016740,Chester Williams,Chester Williams,PC,Crawfords,1143,SS,198.0,,,0.33062127232551575,0.33062127232551575
1005876,George Hockette,George Hockette,BOS,Red Sox,3,P,18.0,61.0,0.3931019902229309,-0.06375622749328613,0.3293457627296448
1000468,Tom Baker,Tom Baker,BRO,Dodgers,22,P,20.0,42.0,-0.05693202465772629,0.3858058452606201,0.32887382060289383
1016499,Ed Stone,Ed Stone,BE,Eagles,1140,RF/CF,198.0,,,0.3167380690574646,0.3167380690574646
1007127,Fabian Kowalik,Fabian Kowalik,CHC,Cubs,17,P,15.0,55.0,0.35323837399482727,-0.04025953263044357,0.3129788413643837
1010016,Roy Parmelee,Roy Parmelee,NYG,Giants,30,P,91.0,226.0,0.0966232642531395,0.21374163031578064,0.31036489456892014
1010252,Leon Pettit,Leon Pettit,WAS,Senators,8,P,36.0,109.0,0.21649377048015594,0.08919461816549301,0.30568838864564896
1001002,Jim Bivin,Jim Bivin,PHI,Phillies,26,P,52.0,161.6666,0.46241700649261475,-0.1606188416481018,0.30179816484451294
1016602,Ted Trent,Ted Trent,CAG,American Giants,1133,P,31.0,91.3333,0.6662161946296692,-0.3672652244567871,0.2989509701728821
1011390,Jack Salveson,Jack Salveson,- - -,- - -,0,P,23.0,73.6666,0.08811122179031372,0.20397339761257172,0.29208461940288544
1016549,Walter Thomas,Walter Thomas,CAG,American Giants,1133,P,26.0,50.3333,0.5545353889465332,-0.2748424708843231,0.2796929180622101
1007406,Roxie Lawson,Roxie Lawson,DET,Tigers,6,P,15.0,40.0,0.15454410016536713,0.12349660694599152,0.27804070711135864
1015810,Biz Mackey,Biz Mackey,PS,Stars,1144,C/1B,163.0,,,0.2754478454589844,0.2754478454589844
1002978,Harry Danning,Harry Danning,NYG,Giants,30,C,163.0,,,0.27525606751441956,0.27525606751441956
1005528,Jackie Hayes,Jackie Hayes,CHW,White Sox,4,2B,374.0,,,0.27504390478134155,0.27504390478134155
1010463,Bob Poser,Bob Poser,SLB,Browns,2,P,6.0,13.6666,0.23507723212242126,0.039452288299798965,0.27452952042222023
1010260,John Pezzullo,Pretzel Pezzullo,PHI,Phillies,26,P,26.0,84.3333,0.21169675886631012,0.056002914905548096,0.2676996737718582
1016705,Jim West,Jim West,CEG,Elite Giants,1132,1B,125.0,,,0.2667490243911743,0.2667490243911743
1002142,Calvin Chapman,Calvin Chapman,CIN,Reds,18,2B/SS,57.0,,,0.26106345653533936,0.26106345653533936
1002194,Lou Chiozza,Lou Chiozza,PHI,Phillies,26,2B,513.0,,,0.25926071405410767,0.25926071405410767
1014746,Buddy Burbage,Buddy Burbage,HG,Grays,1137,RF,91.0,,,0.2584567666053772,0.2584567666053772
1016745,Elbert Williams,Elbert Williams,BE,Eagles,1140,P,37.0,82.0,0.3367674946784973,-0.08237525820732117,0.25439223647117615
1012502,Walter Stephenson,Walter Stephenson,CHC,Cubs,17,C,27.0,,,0.2537008225917816,0.2537008225917816
1010103,Frank Pearce,Frank Pearce,PHI,Phillies,26,P,4.0,13.0,0.184512659907341,0.06812483072280884,0.25263749063014984
1008871,Bing Miller,Bing Miller,BOS,Red Sox,3,RF,154.0,,,0.25255194306373596,0.25255194306373596
1009188,Ed Moriarty,Ed Moriarty,BSN,Braves,16,2B,34.0,,,0.25179407000541687,0.25179407000541687
1015393,Bun Hayes,Bun Hayes,- - -,- - -,0,P,21.0,59.0,0.502674899995327,-0.2511007096618414,0.2515741903334856
1005105,Frank Grube,Frank Grube,- - -,- - -,0,C,28.0,,,0.24533831141889095,0.24533831141889095
1008507,Bill McGee,Bill McGee,STL,Cardinals,28,P,3.0,9.0,0.22531239688396454,0.019356897100806236,0.24466929398477077
1010289,Eddie Phillips,Eddie Phillips,CLE,Indians,5,C,235.0,,,0.24329493939876556,0.24329493939876556
1011327,Babe Ruth,Babe Ruth,BSN,Braves,16,LF,92.0,,,0.23912200331687927,0.23912200331687927
1005190,Bud Hafey,Bud Hafey,- - -,- - -,0,CF,201.0,,,0.23797890543937683,0.23797890543937683
1012283,Vic Sorrell,Vic Sorrell,DET,Tigers,6,P,18.0,51.3333,0.5610471367835999,-0.32968583703041077,0.2313612997531891
1015258,Willie Gisentaner,Willie Gisentaner,HG,Grays,1137,P,46.0,73.6666,0.539418637752533,-0.3139601945877075,0.22545844316482544
1007600,Dutch Lieber,Dutch Lieber,PHA,Athletics,10,P,14.0,46.6666,0.3282090723514557,-0.11156199127435684,0.21664708107709885
1016752,Jim Williams,Jim Williams,- - -,- - -,0,LF,145.0,,,0.21548916399478912,0.21548916399478912
1009105,Euel Moore,Euel Moore,- - -,- - -,0,P,18.0,48.3333,0.08982721343636513,0.12457292526960373,0.21440013870596886
1009368,Johnny Murphy,Johnny Murphy,NYY,Yankees,9,P,43.0,117.0,-0.0370354987680912,0.24666929244995117,0.20963379368185997
1004489,Bob Garbark,Bob Garbark,CLE,Indians,5,C,23.0,,,0.20244792103767395,0.20244792103767395
1016478,Jim Starks,Jim Starks,- - -,- - -,0,1B,111.0,,,0.1962779499590397,0.1962779499590397
1014551,Sam Bankhead,Sam Bankhead,PC,Crawfords,1143,LF,233.0,,,0.18944814801216125,0.18944814801216125
1009500,Emmett Nelson,Emmett Nelson,CIN,Reds,18,P,16.0,60.3333,0.3010388910770416,-0.11685894429683685,0.18417994678020477
1014914,Francisco Correa,Francisco Correa,NYC,Cubans,1141,2B/SS,102.0,,,0.1831403225660324,0.1831403225660324
1003798,Aubrey Epps,Aubrey Epps,PIT,Pirates,27,C,4.0,,,0.17861652374267578,0.17861652374267578
1011833,Merv Shea,Merv Shea,CHW,White Sox,4,C,154.0,,,0.17096930742263794,0.17096930742263794
1014715,Jim Brown,Jim Brown,CAG,American Giants,1133,1B,23.0,,,0.170168936252594,0.170168936252594
1000880,Moe Berg,Moe Berg,BOS,Red Sox,3,C,105.0,,,0.16825568675994873,0.16825568675994873
1011877,Vince Sherlock,Vince Sherlock,BRO,Dodgers,22,2B,27.0,,,0.1626814752817154,0.1626814752817154
1012028,Frank Skaff,Frank Skaff,BRO,Dodgers,22,3B,11.0,,,0.16266785562038422,0.16266785562038422
1007843,Dolf Luque,Dolf Luque,NYG,Giants,30,P,2.0,3.6666,0.0503295436501503,0.10982126742601395,0.16015081107616425
1013165,Pie Traynor,Pie Traynor,PIT,Pirates,27,3B,220.0,,,0.15690699219703674,0.15690699219703674
1000831,Ray Benge,Ray Benge,BRO,Dodgers,22,P,48.0,124.6666,0.322784423828125,-0.1668444126844406,0.1559400111436844
1014539,Alonza Bailey,Alonza Bailey,ND,Dodgers,1139,P,13.0,28.6666,0.327740341424942,-0.17247949540615082,0.1552608460187912
1014141,Tom Winsett,Tom Winsett,STL,Cardinals,28,RF,15.0,,,0.1550849974155426,0.1550849974155426
1016328,Harry Salmon,Harry Salmon,HG,Grays,1137,P,3.0,5.3333,0.06751713156700134,0.08678910881280899,0.15430624037981033
1008031,Les Mallon,Les Mallon,BSN,Braves,16,2B/3B,448.0,,,0.15115667879581451,0.15115667879581451
1015305,Clarence Griffin,Clarence Griffin,BE,Eagles,1140,CF,101.0,,,0.15002131462097168,0.15002131462097168
1004472,Lee Gamble,Lee Gamble,CIN,Reds,18,LF,6.0,,,0.14846107363700867,0.14846107363700867
1013881,Jo-Jo White,Jo-Jo White,DET,Tigers,6,CF,483.0,,,0.1420837789773941,0.1420837789773941
1009283,Ray Mueller,Ray Mueller,BSN,Braves,16,C,101.0,,,0.13995438814163208,0.13995438814163208
1006936,Lynn King,Lynn King,STL,Cardinals,28,CF,26.0,,,0.13899743556976318,0.13899743556976318
1007151,Mike Kreevich,Mike Kreevich,CHW,White Sox,4,3B,24.0,,,0.12773320078849792,0.12773320078849792
1011129,Buck Rogers,Buck Rogers,WAS,Senators,8,P,3.0,10.0,0.1803162693977356,-0.05372186377644539,0.1265944056212902
1005733,Leroy Herrmann,Leroy Herrmann,CIN,Reds,18,P,31.0,108.0,-0.015959246084094048,0.1379336267709732,0.12197438068687916
1002588,Johnny Cooney,Johnny Cooney,BRO,Dodgers,22,CF,32.0,,,0.11852274090051651,0.11852274090051651
1006621,Arndt Jorgens,Art Jorgens,NYY,Yankees,9,C,98.0,,,0.1108216866850853,0.1108216866850853
1006994,Norbert Kleinke,Nub Kleinke,STL,Cardinals,28,P,2.0,12.6666,0.14096948504447937,-0.034796759486198425,0.10617272555828094
1015827,Duke Markham,Duke Markham,ND,Dodgers,1139,LF,28.0,,,0.09377340227365494,0.09377340227365494
1005529,Jim Hayes,Jim Hayes,WAS,Senators,8,P,10.0,28.0,0.0935765951871872,-5.916564623476006e-05,0.09351742954095243
1016671,Joe Ware,Joe Ware,ND,Dodgers,1139,1B,11.0,,,0.08796558529138565,0.08796558529138565
1000172,Mel Almada,Mel Almada,BOS,Red Sox,3,CF,676.0,,,0.08695545792579651,0.08695545792579651
1016092,Tom Parker,Tom Parker,HG,Grays,1137,P/RF,49.0,43.0,-0.1676931381225586,0.2498743236064911,0.0821811854839325
1005141,Harry Gumbert,Harry Gumbert,NYG,Giants,30,P,8.0,23.6666,0.21436023712158203,-0.13420018553733826,0.08016005158424377
1010075,Bill Patton,Bill Patton,PHA,Athletics,10,C,12.0,,,0.0766330286860466,0.0766330286860466
1016480,Otis Starks,Otis Starks,BE,Eagles,1140,P,28.0,56.3333,0.3560122549533844,-0.2800484001636505,0.07596385478973389
1005567,Tommy Heath,Tommy Heath,SLB,Browns,2,C,114.0,,,0.07459518313407898,0.07459518313407898
1014067,Charlie Wilson,Charlie Wilson,STL,Cardinals,28,3B,33.0,,,0.07447841763496399,0.07447841763496399
1014742,Ches Buchanan,Ches Buchanan,PS,Stars,1144,P,1.0,3.3333,0.0870358869433403,-0.01877165399491787,0.06826423294842243
1014614,Jimmy Binder,Jimmy Binder,HG,Grays,1137,3B,123.0,,,0.06798530369997025,0.06798530369997025
1016529,Candy Jim Taylor,Candy Jim Taylor,CEG,Elite Giants,1132,P,5.0,0.3333,-0.027046076953411102,0.09127763658761978,0.06423155963420868
1000902,Charlie Berry,Charlie Berry,PHA,Athletics,10,C,202.0,,,0.063863106071949,0.063863106071949
1010788,Frank Reiber,Frank Reiber,DET,Tigers,6,C,14.0,,,0.06112144514918327,0.06112144514918327
1010125,Jack Peerson,Jack Peerson,PHA,Athletics,10,SS,21.0,,,0.05768761411309242,0.05768761411309242
1008100,Firpo Marberry,Firpo Marberry,DET,Tigers,6,P,6.0,19.0,0.03887993097305298,0.01868465170264244,0.05756458267569542
1016716,Eugene White,Eugene White,BE,Eagles,1140,2B/3B,2.0,,,0.05527598038315773,0.05527598038315773
1009454,Sam Narron,Sam Narron,STL,Cardinals,28,C,7.0,,,0.05443127825856209,0.05443127825856209
1016645,Arnold Waites,Arnold Waites,PS,Stars,1144,LF,4.0,,,0.05427616462111473,0.05427616462111473
1014860,Ray Clark,Ray Clark,ND,Dodgers,1139,PH/PR,1.0,,,0.052780382335186005,0.052780382335186005
1004053,Herman Fink,Herman Fink,PHA,Athletics,10,P,5.0,15.6666,0.0711207240819931,-0.019400134682655334,0.05172058939933777
1009822,Ralph Onis,Ralph Onis,BRO,Dodgers,22,C,1.0,,,0.05136166140437126,0.05136166140437126
1000994,Max Bishop,Max Bishop,BOS,Red Sox,3,2B,162.0,,,0.04963966831564903,0.04963966831564903
1008014,Joe Malay,Joe Malay,NYG,Giants,30,PH/PR,1.0,,,0.04887297376990318,0.04887297376990318
1001040,Al Blanche,Al Blanche,BSN,Braves,16,P,6.0,17.3333,0.06998689472675323,-0.026243295520544052,0.04374359920620918
1010243,Ted Petoskey,Ted Petoskey,CIN,Reds,18,CF/LF,5.0,,,0.042888008058071136,0.042888008058071136
1003941,Doc Farrell,Doc Farrell,BOS,Red Sox,3,2B,8.0,,,0.04259071126580238,0.04259071126580238
1015914,Lefty Mellix,Lefty Mellix,HG,Grays,1137,P,3.0,9.0,0.027041682973504066,0.015237067826092243,0.04227875079959631
1016036,Billy Nicholas,Billy Nicholas,BE,Eagles,1140,P,1.0,2.6666,-0.011095880530774593,0.052780382335186005,0.04168450180441141
1010813,Bobby Reis,Bobby Reis,BRO,Dodgers,22,P/RF,91.0,41.3333,0.03420586511492729,0.007131736259907484,0.041337601374834776
1016200,Ted Radcliffe,Ted Radcliffe,BE,Eagles,1140,P,33.0,57.6666,0.008294740691781044,0.03182322531938553,0.04011796601116657
1014128,Jim Winford,Jim Winford,STL,Cardinals,28,P,3.0,11.3333,0.09201479703187943,-0.05219513922929764,0.03981965780258179
1002542,Bill Conroy,Bill Conroy,PHA,Athletics,10,C,5.0,,,0.03937816619873047,0.03937816619873047
1008851,John Mihalic,John Mihalic,WAS,Senators,8,SS,24.0,,,0.03892570361495018,0.03892570361495018
1011500,Les Scarsella,Les Scarsella,CIN,Reds,18,1B,13.0,,,0.038715459406375885,0.038715459406375885
1015711,Obie Lackey,Obie Lackey,PS,Stars,1144,2B,20.0,,,0.0386267825961113,0.0386267825961113
1009872,Wayne Osborne,Wayne Osborne,PIT,Pirates,27,P,,1.3333,0.03795919567346573,0.0,0.03795919567346573
1004442,Milt Galatzer,Milt Galatzer,CLE,Indians,5,RF,302.0,,,0.036277174949645996,0.036277174949645996
1002847,Al Cuccinello,Al Cuccinello,NYG,Giants,30,2B,173.0,,,0.0353357158601284,0.0353357158601284
1009248,Charlie Moss,Charlie Moss,PHA,Athletics,10,C,4.0,,,0.035094138234853745,0.035094138234853745
1004004,Bill Ferrazzi,Bill Ferrazzi,PHA,Athletics,10,P,2.0,7.0,0.013079451397061348,0.020647022873163223,0.03372647427022457
1013702,Monte Weaver,Monte Weaver,WAS,Senators,8,P,3.0,12.0,0.015715694054961205,0.017830172553658485,0.03354586660861969
1016832,Henry Wright,Henry Wright,CEG,Elite Giants,1132,P,9.0,22.6666,0.2015465348958969,-0.16894491016864777,0.032601624727249146
1015710,Percy Lacey,Percy Lacey,ND,Dodgers,1139,P,7.0,14.6666,0.10686170309782028,-0.07437369972467422,0.03248800337314606
1004727,Johnny Gill,Johnny Gill,CHC,Cubs,17,PH/PR,3.0,,,0.03123529627919197,0.03123529627919197
1003658,Al Eckert,Al Eckert,STL,Cardinals,28,P,,3.0,0.02787630259990692,0.0,0.02787630259990692
1008953,Buster Mills,Buster Mills,BRO,Dodgers,22,CF/LF,65.0,,,0.02590065263211727,0.02590065263211727
1015957,Bud Mitchell,Bud Mitchell,CEG,Elite Giants,1132,P,2.0,4.6666,0.07154300808906555,-0.04935138672590256,0.022191621363162994
1007704,Bob Logan,Bob Logan,BRO,Dodgers,22,P,,2.6666,0.021352380514144897,0.0,0.021352380514144897
1013638,Hal Warnock,Hal Warnock,SLB,Browns,2,CF/LF,7.0,,,0.019218074157834053,0.019218074157834053
1003717,Harry Eisenstat,Harry Eisenstat,BRO,Dodgers,22,P,1.0,4.6666,0.034796684980392456,-0.01717844232916832,0.017618242651224136
1007268,Frank Lamanske,Frank Lamanske,BRO,Dodgers,22,P,1.0,3.6666,0.03349925950169563,-0.01717844232916832,0.016320817172527313
1006718,Tony Kaufmann,Tony Kaufmann,STL,Cardinals,28,P,,3.6666,0.015220697969198227,0.0,0.015220697969198227
1001255,Stew Bowers,Stew Bowers,BOS,Red Sox,3,P,6.0,23.6666,-0.002843436086550355,0.0158880315721035,0.013044595485553145
1002193,Dino Chiozza,Dino Chiozza,PHI,Phillies,26,SS,,,,0.011568418703973293,0.011568418703973293
1016625,Fermín Valdés,Fermín Valdés,NYC,Cubans,1141,2B/SS,8.0,,,0.011201281100511551,0.011201281100511551
1016229,Joe Reynolds,Joe Reynolds,PS,Stars,1144,P,5.0,13.0,0.10494480282068253,-0.0938582792878151,0.011086523532867432
1004936,Skinny Graham,Skinny Graham,BOS,Red Sox,3,RF,11.0,,,0.010780702345073223,0.010780702345073223
1007172,John Kroner,John Kroner,BOS,Red Sox,3,3B,6.0,,,0.009757202118635178,0.009757202118635178
1002603,Mays Copeland,Mays Copeland,STL,Cardinals,28,P,,0.6666,0.008518882095813751,0.0,0.008518882095813751
1016441,(Unknown) Smith,,HG,Grays,1137,P,,0.6666,0.008314182050526142,0.0,0.008314182050526142
1010046,Claude Passeau,Claude Passeau,PIT,Pirates,27,P,1.0,3.0,0.024276133626699448,-0.017248541116714478,0.00702759250998497
1012154,Hal Smith,Hal Smith,PIT,Pirates,27,P,,3.0,0.004806597717106342,0.0,0.004806597717106342
1016757,Lefty Williams,Lefty Williams,HG,Grays,1137,P,1.0,2.6666,0.022776760160923004,-0.01877165399491787,0.004005106166005135
1004620,Charles George,Greek George,CLE,Indians,5,C,,,,0.0028921046759933233,0.0028921046759933233
1013741,Phil Weintraub,Phil Weintraub,NYG,Giants,30,1B,129.0,,,0.0027388976886868477,0.0027388976886868477
1015244,Paul Gibson,Paul Gibson,ND,Dodgers,1139,P,1.0,2.0,-0.03745749220252037,0.03825623542070389,0.0007987432181835175
1015002,Steel Arm Davis,Steel Arm Davis,CAG,American Giants,1133,1B/LF,107.0,,,0.0006109947571530938,0.0006109947571530938
1013608,Dick Ward,Dick Ward,STL,Cardinals,28,P,,0.0,0.0,0.0,0.0
1007480,Lou Legett,Lou Legett,BOS,Red Sox,3,PH/PR,,,,0.0,0.0
1012785,Steve Swetonic,Steve Swetonic,PIT,Pirates,27,PH/PR,,,,0.0,0.0
1011858,Hugh Shelley,Hugh Shelley,DET,Tigers,6,LF,10.0,,,-0.0023919588420540094,-0.0023919588420540094
1016220,Jimmy Reese,Jimmy Reese,BE,Eagles,1140,P,1.0,3.0,0.016328832134604454,-0.01877165399491787,-0.0024428218603134155
1004782,Joe Glenn,Joe Glenn,NYY,Yankees,9,C,49.0,,,-0.002566730370745063,-0.002566730370745063
1004443,Denny Galehouse,Denny Galehouse,CLE,Indians,5,P,4.0,13.0,-0.0029900986701250076,-0.001829176559112966,-0.004819275229237974
1016765,Nish Williams,Nish Williams,CEG,Elite Giants,1132,C,90.0,,,-0.008048606105148792,-0.008048606105148792
1003131,Rod Dedeaux,Rod Dedeaux,BRO,Dodgers,22,SS,4.0,,,-0.009209479205310345,-0.009209479205310345
1011621,Heinie Schuble,Heinie Schuble,DET,Tigers,6,2B/3B,9.0,,,-0.011484676040709019,-0.011484676040709019
1008621,Al McLean,Al McLean,WAS,Senators,8,P,2.0,8.6666,0.02373935468494892,-0.03581457585096359,-0.012075221166014671
1008317,Mel Mazzera,Mel Mazzera,SLB,Browns,2,RF/CF/LF,34.0,,,-0.01214388757944107,-0.01214388757944107
1008109,Red Marion,Red Marion,WAS,Senators,8,RF/CF/LF,11.0,,,-0.013636701740324497,-0.013636701740324497
1001339,Art Bramhall,Art Bramhall,PHI,Phillies,26,3B/SS,1.0,,,-0.017129376530647278,-0.017129376530647278
1010980,Walt Ripley,Walt Ripley,BOS,Red Sox,3,P,,4.0,-0.021543528884649277,0.0,-0.021543528884649277
1006602,Bubber Jonnard,Bubber Jonnard,PHI,Phillies,26,C,1.0,,,-0.021756744012236595,-0.021756744012236595
1013541,Jim Walkup,Jim Walkup,SLB,Browns,2,P,55.0,181.3333,0.2893804609775543,-0.313933789730072,-0.0245533287525177
1015488,Carl Howard,Carl Howard,BE,Eagles,1140,PH/PR,1.0,,,-0.02467569336295128,-0.02467569336295128
1010918,Paul Richards,Paul Richards,- - -,- - -,0,C,292.0,,,-0.02625427395105362,-0.02625427395105362
1006461,Hank Johnson,Hank Johnson,BOS,Red Sox,3,P,9.0,31.0,0.14239266514778137,-0.1690378487110138,-0.026645183563232422
1016177,Malvin Powell,Malvin Powell,CAG,American Giants,1133,P,46.0,44.3333,0.08050273358821869,-0.10738684237003326,-0.026884108781814575
1008057,Leo Mangum,Leo Mangum,BSN,Braves,16,P,,4.6666,-0.028245821595191956,0.0,-0.028245821595191956
1002031,Joe Cascarella,Joe Cascarella,- - -,- - -,0,P,13.0,49.3333,0.11840035766363144,-0.1487434282898903,-0.03034307062625885
1001676,Bobby Burke,Bobby Burke,WAS,Senators,8,P,25.0,66.3333,-0.0008861984242685139,-0.030673798173666,-0.031559996597934514
1009707,Whitey Ock,Whitey Ock,BRO,Dodgers,22,C,4.0,,,-0.03240993618965149,-0.03240993618965149
1004540,Debs Garms,Debs Garms,SLB,Browns,2,RF,17.0,,,-0.03389577567577362,-0.03389577567577362
1000589,Bob Barr,Bob Barr,BRO,Dodgers,22,P,,2.3333,-0.03550124540925026,0.0,-0.03550124540925026
1013342,Dazzy Vance,Dazzy Vance,BRO,Dodgers,22,P,17.0,51.0,0.1840108335018158,-0.2204815149307251,-0.0364706814289093
1005330,Snipe Hansen,Snipe Hansen,- - -,- - -,0,P,9.0,30.9999,0.060893015936017036,-0.10004651919007301,-0.03915350325405598
1013174,Nick Tremark,Nick Tremark,BRO,Dodgers,22,RF,14.0,,,-0.03928805887699127,-0.03928805887699127
1006683,Willie Kamm,Willie Kamm,CLE,Indians,5,3B,18.0,,,-0.04276333376765251,-0.04276333376765251
1009921,Jack Owens,Jack Owens,PHA,Athletics,10,C,8.0,,,-0.043867506086826324,-0.043867506086826324
1006516,Roy Joiner,Roy Joiner,CHC,Cubs,17,P,1.0,3.3333,-0.026887502521276474,-0.016994375735521317,-0.04388187825679779
1016000,C. D. Mosley,C. D. Mosley,HG,Grays,1137,P,3.0,6.0,0.010935802012681961,-0.056314967572689056,-0.045379165560007095
1014304,Whit Wyatt,Whit Wyatt,CHW,White Sox,4,P,17.0,52.0,-0.22907130420207977,0.18017612397670746,-0.048895180225372314
1015087,Frank Duncan,Frank Duncan,NYC,Cubans,1141,C,122.0,,,-0.0494687557220459,-0.0494687557220459
1010634,Rip Radcliff,Rip Radcliff,CHW,White Sox,4,LF,682.0,,,-0.050493597984313965,-0.050493597984313965
1007577,Bill Lewis,Bill Lewis,BSN,Braves,16,C,5.0,,,-0.051096316426992416,-0.051096316426992416
1013856,Burgess Whitehead,Burgess Whitehead,STL,Cardinals,28,2B,358.0,,,-0.05191851034760475,-0.05191851034760475
1016542,(Unknown) Taylor,,ND,Dodgers,1139,P,,0.6666,-0.052980054169893265,0.0,-0.052980054169893265
1006127,Earl Huckleberry,Earl Huckleberry,PHA,Athletics,10,P,4.0,6.6666,-0.04021045193076134,-0.015733841806650162,-0.0559442937374115
1014755,Tex Burnett,Tex Burnett,BE,Eagles,1140,C/1B/3B,101.0,,,-0.05745013430714607,-0.05745013430714607
1013349,Hy Vandenberg,Hy Vandenberg,BOS,Red Sox,3,P,1.0,5.3333,-0.1133265569806099,0.05277005210518837,-0.060556504875421524
1003652,Vallie Eaves,Vallie Eaves,PHA,Athletics,10,P,4.0,14.0,0.01188716571778059,-0.07276172935962677,-0.06087456364184618
1005679,Phil Hensiek,Phil Hensiek,WAS,Senators,8,P,3.0,13.0,-0.1795141100883484,0.11776071041822433,-0.061753399670124054
1016296,(Unknown) Rose,,HG,Grays,1137,P,1.0,3.0,-0.045553483068943024,-0.01877165399491787,-0.0643251370638609
1006030,Rogers Hornsby,Rogers Hornsby,SLB,Browns,2,1B/2B,27.0,,,-0.06733441352844238,-0.06733441352844238
1009110,Gene Moore,Gene Moore,STL,Cardinals,28,PH/PR,3.0,,,-0.06990726292133331,-0.06990726292133331
1015229,Robert Gaston,Robert Gaston,HG,Grays,1137,C,28.0,,,-0.07231970876455307,-0.07231970876455307
1005865,Myril Hoag,Myril Hoag,NYY,Yankees,9,RF,124.0,,,-0.07303552329540253,-0.07303552329540253
1014757,Willie Burns,Willie Burns,ND,Dodgers,1139,P,24.0,62.0,0.07569918781518936,-0.1504572629928589,-0.07475807517766953
1002504,Jocko Conlan,Jocko Conlan,CHW,White Sox,4,RF/CF,162.0,,,-0.07863671332597733,-0.07863671332597733
1009289,Hugh Mulcahy,Hugh Mulcahy,PHI,Phillies,26,P,17.0,52.6666,0.34310173988342285,-0.42307940125465393,-0.07997766137123108
1013343,Joe Vance,Joe Vance,CHW,White Sox,4,P,11.0,31.0,-0.019803784787654877,-0.06154133379459381,-0.08134511858224869
1012239,Bernie Snyder,Bernie Snyder,PHA,Athletics,10,2B/SS,34.0,,,-0.08260811120271683,-0.08260811120271683
1001512,Earl Browne,Earl Browne,PIT,Pirates,27,1B,36.0,,,-0.08285927772521973,-0.08285927772521973
1012012,Fred Sington,Fred Sington,WAS,Senators,8,RF/LF,27.0,,,-0.087754026055336,-0.087754026055336
1016464,Clyde Spearman,Clyde Spearman,NYC,Cubans,1141,RF,74.0,,,-0.09405600279569626,-0.09405600279569626
1009173,Chet Morgan,Chet Morgan,DET,Tigers,6,LF,28.0,,,-0.09462741762399673,-0.09462741762399673
1012996,Tommy Thomas,Tommy Thomas,- - -,- - -,0,P,3.0,12.3333,-0.04566804599016905,-0.05623442679643631,-0.10190247278660536
1004997,Harvey Green,Harvey Green,BRO,Dodgers,22,P,,1.0,-0.11105110496282578,0.0,-0.11105110496282578
1015563,Charlie Jemison,Charlie Jemison,ND,Dodgers,1139,P,,0.6666,-0.11109845340251923,0.0,-0.11109845340251923
1016322,Bill Sadler,Bill Sadler,BE,Eagles,1140,SS,74.0,,,-0.11181998252868652,-0.11181998252868652
1002010,Kit Carson,Kit Carson,CLE,Indians,5,RF,24.0,,,-0.11213547736406326,-0.11213547736406326
1016288,Nat Rogers,Nat Rogers,CAG,American Giants,1133,RF,6.0,,,-0.1130479946732521,-0.1130479946732521
1013287,Woody Upchurch,Woody Upchurch,PHA,Athletics,10,P,7.0,21.3333,-0.1583911031484604,0.04414954036474228,-0.11424156278371811
1014767,Subby Byas,Subby Byas,CAG,American Giants,1133,C,66.0,,,-0.1160971149802208,-0.1160971149802208
1005942,Joe Holden,Joe Holden,PHI,Phillies,26,C,9.0,,,-0.11997835338115692,-0.11997835338115692
1010756,Jack Redmond,Jack Redmond,WAS,Senators,8,C,37.0,,,-0.12280307710170746,-0.12280307710170746
1007804,Fred Lucas,Fred Lucas,PHI,Phillies,26,RF/CF/LF,37.0,,,-0.12876860797405243,-0.12876860797405243
1002175,Italo Chelini,Italo Chelini,CHW,White Sox,4,P,2.0,5.0,-0.16593344509601593,0.03434377908706665,-0.13158966600894928
1009918,Marv Owen,Marv Owen,DET,Tigers,6,3B,544.0,,,-0.13163906335830688,-0.13163906335830688
1015232,(Unknown) Gavin,,BE,Eagles,1140,P,,1.0,-0.1401776224374771,0.0,-0.1401776224374771
1005494,Clyde Hatter,Clyde Hatter,DET,Tigers,6,P,11.0,33.3333,-0.17557404935359955,0.034727223217487335,-0.1408468261361122
1003367,Art Doll,Art Doll,BSN,Braves,16,C,10.0,,,-0.1418042629957199,-0.1418042629957199
1013512,Dixie Walker,Dixie Walker,NYY,Yankees,9,LF,13.0,,,-0.14200522005558014,-0.14200522005558014
1009740,Bob O'Farrell,Bob O'Farrell,STL,Cardinals,28,C,12.0,,,-0.1424364149570465,-0.1424364149570465
1012543,Lee Stine,Lee Stine,CHW,White Sox,4,P,,2.0,-0.14732742309570312,0.0,-0.14732742309570312
1013522,Hub Walker,Hub Walker,DET,Tigers,6,CF,29.0,,,-0.14863762259483337,-0.14863762259483337
1001495,Bob Brown,Bob Brown,BSN,Braves,16,P,20.0,65.0,0.02637077122926712,-0.17532046139240265,-0.14894969016313553
1006647,Lyle Judy,Lyle Judy,STL,Cardinals,28,2B,14.0,,,-0.15142124891281128,-0.15142124891281128
1000853,Al Benton,Al Benton,PHA,Athletics,10,P,28.0,78.3333,0.16356325149536133,-0.31682026386260986,-0.15325701236724854
1016310,Leon Ruffin,Leon Ruffin,BE,Eagles,1140,C,41.0,,,-0.1561620682477951,-0.1561620682477951
1013387,Al Veach,Al Veach,PHA,Athletics,10,P,4.0,10.0,-0.08631931245326996,-0.07276172935962677,-0.15908104181289673
1011934,Clyde Shoun,Clyde Shoun,CHC,Cubs,17,P,3.0,12.6666,-0.11562927812337875,-0.05098312348127365,-0.1666124016046524
1014387,Pep Young,Pep Young,PIT,Pirates,27,2B,523.0,,,-0.16843634843826294,-0.16843634843826294
1007286,Dick Lanahan,Dick Lanahan,WAS,Senators,8,P,7.0,20.6666,-0.13554136455059052,-0.041829101741313934,-0.17737046629190445
1001571,Bill Brubaker,Bill Brubaker,PIT,Pirates,27,3B,13.0,,,-0.1782514750957489,-0.1782514750957489
1012431,Bill Starr,Bill Starr,WAS,Senators,8,C,24.0,,,-0.179006427526474,-0.179006427526474
1015038,Heliodoro Díaz,Heliodoro Díaz,NYC,Cubans,1141,C,22.0,11.0,0.10113351047039032,-0.2806108295917511,-0.17947731912136078
1002605,Henry Coppola,Henry Coppola,WAS,Senators,8,P,18.0,59.3333,-0.16029274463653564,-0.022667592391371727,-0.18296033702790737
1008202,Wedo Martini,Wedo Martini,PHA,Athletics,10,P,2.0,6.3333,-0.15486745536327362,-0.036380864679813385,-0.191248320043087
1005068,Charlie Grimm,Charlie Grimm,CHC,Cubs,17,1B,8.0,,,-0.19128522276878357,-0.19128522276878357
1013076,Bud Tinning,Bud Tinning,STL,Cardinals,28,P,1.0,7.6666,-0.17838944494724274,-0.017398379743099213,-0.19578782469034195
1013671,George Watkins,George Watkins,PHI,Phillies,26,LF,655.0,,,-0.19989344477653503,-0.19989344477653503
1006000,Alex Hooks,Alex Hooks,PHA,Athletics,10,1B,48.0,,,-0.20455248653888702,-0.20455248653888702
1010878,Flint Rhem,Flint Rhem,BSN,Braves,16,P,11.0,40.3333,-0.02713017910718918,-0.17929145693778992,-0.2064216360449791
1008654,Eric McNair,Eric McNair,PHA,Athletics,10,SS,573.0,,,-0.21168500185012817,-0.21168500185012817
1010917,Nolen Richardson,Nolen Richardson,NYY,Yankees,9,SS,49.0,,,-0.21301332116127014,-0.21301332116127014
1015148,Rodolfo Fernández,Rodolfo Fernández,NYC,Cubans,1141,P,3.0,11.6666,-0.15892086923122406,-0.056314967572689056,-0.21523583680391312
1005390,Ray Harrell,Ray Harrell,STL,Cardinals,28,P,5.0,29.6666,-0.13661321997642517,-0.08699190616607666,-0.22360512614250183
1014583,John Beckwith,John Beckwith,HG,Grays,1137,C,17.0,,,-0.22469373047351837,-0.22469373047351837
1003274,George Dickey,George Dickey,BOS,Red Sox,3,C,12.0,,,-0.2276359498500824,-0.2276359498500824
1004150,Elbie Fletcher,Elbie Fletcher,BSN,Braves,16,1B,157.0,,,-0.2412305325269699,-0.2412305325269699
1015829,Jack Marshall,Jack Marshall,CAG,American Giants,1133,2B,210.0,,,-0.241469606757164,-0.241469606757164
1015247,Dennis Gilchrist,Dennis Gilchrist,- - -,- - -,0,2B/SS,61.0,,,-0.24739805981516838,-0.24739805981516838
1014515,Pedro Arango,Pedro Arango,NYC,Cubans,1141,3B,76.0,,,-0.2474948912858963,-0.2474948912858963
1016768,Roy S. Williams,Roy S. Williams,- - -,- - -,0,P,1.0,6.6666,-0.23203853517770767,-0.01877165399491787,-0.25081018917262554
1002039,Hugh Casey,Hugh Casey,CHC,Cubs,17,P,6.0,25.6666,-0.2254379838705063,-0.030414221808314323,-0.2558522056788206
1015789,Cando López,Cando López,NYC,Cubans,1141,CF/LF,71.0,,,-0.2599741518497467,-0.2599741518497467
1002351,Flea Clifton,Flea Clifton,DET,Tigers,6,3B,120.0,,,-0.26141515374183655,-0.26141515374183655
1014573,Pepper Bassett,Pepper Bassett,PS,Stars,1144,C,43.0,,,-0.26570430397987366,-0.26570430397987366
1015722,Enrique Lantigua,Enrique Lantigua,NYC,Cubans,1141,C,12.0,,,-0.26929840445518494,-0.26929840445518494
1015758,Leonard Lindsay,Leonard Lindsay,ND,Dodgers,1139,1B,35.0,,,-0.2707151472568512,-0.2707151472568512
1015268,Tom Glover,Tom Glover,CEG,Elite Giants,1132,P,2.0,4.0,-0.2350757122039795,-0.03754330798983574,-0.27261902019381523
1003457,Carl Doyle,Carl Doyle,PHA,Athletics,10,P,31.0,79.6666,-0.05405039340257645,-0.22066745162010193,-0.2747178450226784
1009280,Heinie Mueller,Heinie Mueller,SLB,Browns,2,1B,28.0,,,-0.2759349048137665,-0.2759349048137665
1012386,Tuck Stainback,Tuck Stainback,CHC,Cubs,17,RF,97.0,,,-0.28215014934539795,-0.28215014934539795
1013990,Dib Williams,Dib Williams,- - -,- - -,0,2B/3B,293.0,,,-0.2928616553544998,-0.2928616553544998
1002461,Phil Collins,Phil Collins,- - -,- - -,0,P,36.0,97.3332,-0.055197298526763916,-0.23817306756973267,-0.2933703660964966
1002486,Adam Comorosky,Adam Comorosky,CIN,Reds,18,CF/LF,147.0,,,-0.3120075762271881,-0.3120075762271881
1003229,James DeShong,Jimmie DeShong,NYY,Yankees,9,P,18.0,69.0,-0.2073051631450653,-0.10766582936048508,-0.3149709925055504
1009272,Joe Mowry,Joe Mowry,BSN,Braves,16,RF/LF,152.0,,,-0.3236326575279236,-0.3236326575279236
1014903,Anthony Cooper,Anthony Cooper,ND,Dodgers,1139,2B,50.0,,,-0.32790911197662354,-0.32790911197662354
1015884,Luther McDonald,Luther McDonald,CAG,American Giants,1133,P,8.0,20.6666,-0.25308841466903687,-0.07862121611833572,-0.3317096307873726
1008748,Oscar Melillo,Ski Melillo,- - -,- - -,0,2B,514.0,,,-0.33313339948654175,-0.33313339948654175
1015927,Jimmy Miles,Jimmy Miles,CAG,American Giants,1133,LF,22.0,,,-0.33439815044403076,-0.33439815044403076
1004414,Frank Gabler,Frank Gabler,NYG,Giants,30,P,16.0,60.0,-0.25652357935905457,-0.09691779315471649,-0.35344137251377106
1008375,Johnny McCarthy,Johnny McCarthy,BRO,Dodgers,22,1B,50.0,,,-0.3575759828090668,-0.3575759828090668
1014280,Glenn Wright,Glenn Wright,CHW,White Sox,4,2B,26.0,,,-0.3641902506351471,-0.3641902506351471
1000712,Belve Bean,Belve Bean,- - -,- - -,0,P,9.0,32.0,-0.624945878982544,0.25333547592163086,-0.3716104030609131
1015216,Cocaína García,Cocaína García,NYC,Cubans,1141,P,36.0,47.0,0.15506607294082642,-0.527736246585846,-0.37267017364501953
1006685,Alex Kampouris,Alex Kampouris,CIN,Reds,18,2B,545.0,,,-0.37442734837532043,-0.37442734837532043
1012348,Al Spohrer,Al Spohrer,BSN,Braves,16,C,275.0,,,-0.386334091424942,-0.386334091424942
1014970,Pepper Daniels,Pepper Daniels,BE,Eagles,1140,C,9.0,,,-0.3877171277999878,-0.3877171277999878
1010363,George Pipgras,George Pipgras,BOS,Red Sox,3,P,1.0,5.0,-0.380117267370224,-0.018781984224915504,-0.3988992515951395
1016845,Bill Yancey,Bill Yancey,- - -,- - -,0,SS,124.0,,,-0.4009062685072422,-0.4009062685072422
1016652,Hoss Walker,Hoss Walker,- - -,- - -,0,SS,25.0,,,-0.41635680198669434,-0.41635680198669434
1011632,Fred Schulte,Fred Schulte,WAS,Senators,8,RF/CF,255.0,,,-0.4322996139526367,-0.4322996139526367
1009414,Glenn Myatt,Glenn Myatt,- - -,- - -,0,C,58.0,,,-0.4406143557280302,-0.4406143557280302
1007578,Buddy Lewis,Buddy Lewis,WAS,Senators,8,3B,28.0,,,-0.44164949655532837,-0.44164949655532837
1002112,Leon Chagnon,Leon Chagnon,NYG,Giants,30,P,9.0,38.3333,-0.2955722510814667,-0.15097521245479584,-0.4465474635362625
1012846,Fred Tauby,Fred Tauby,CHW,White Sox,4,RF,36.0,,,-0.4538092613220215,-0.4538092613220215
1012896,Zack Taylor,Zack Taylor,BRO,Dodgers,22,C,57.0,,,-0.4810807704925537,-0.4810807704925537
1015351,Paul Hardy,Paul Hardy,CEG,Elite Giants,1132,C,55.0,,,-0.5039772391319275,-0.5039772391319275
1001138,Ed Boland,Ed Boland,PHI,Phillies,26,RF,51.0,,,-0.5294238328933716,-0.5294238328933716
1002925,Babe Dahlgren,Babe Dahlgren,BOS,Red Sox,3,1B,596.0,,,-0.5415931940078735,-0.5415931940078735
1012595,Alan Strange,Alan Strange,- - -,- - -,0,SS,228.0,,,-0.5550523549318314,-0.5550523549318314
1009325,Les Munns,Les Munns,BRO,Dodgers,22,P,16.0,58.3333,-0.5128862261772156,-0.060199007391929626,-0.5730852335691452
1015837,Rabbit Martínez,Rabbit Martínez,NYC,Cubans,1141,SS,71.0,,,-0.5774931907653809,-0.5774931907653809
1012582,Allyn Stout,Allyn Stout,NYG,Giants,30,P,16.0,88.0,-0.5970847606658936,0.01779165491461754,-0.579293105751276
1000855,Larry Benton,Larry Benton,BSN,Braves,16,P,23.0,72.0,-0.6380794048309326,0.03222611919045448,-0.6058532856404781
1010437,Harlin Pool,Harlin Pool,CIN,Reds,18,LF,70.0,,,-0.6150881052017212,-0.6150881052017212
1001228,Jim Bottomley,Jim Bottomley,CIN,Reds,18,1B,423.0,,,-0.6205113530158997,-0.6205113530158997
1014523,Paul Arnold,Paul Arnold,ND,Dodgers,1139,CF,107.0,,,-0.6249590516090393,-0.6249590516090393
1014973,Lloyd Davenport,Lloyd Davenport,PS,Stars,1144,CF,58.0,,,-0.630894124507904,-0.630894124507904
1009850,Ernie Orsatti,Ernie Orsatti,STL,Cardinals,28,RF/CF,245.0,,,-0.6341866850852966,-0.6341866850852966
1014559,Marvin Barker,Marvin Barker,ND,Dodgers,1139,CF/LF,118.0,,,-0.6558748483657837,-0.6558748483657837
1002055,George Caster,George Caster,PHA,Athletics,10,P,23.0,63.3333,-0.713563859462738,0.024786604568362236,-0.6887772548943758
1001949,Tom Carey,Tom Carey,SLB,Browns,2,2B,311.0,,,-0.689860463142395,-0.689860463142395
1015581,Bert Johnson,Bert Johnson,ND,Dodgers,1139,RF,103.0,,,-0.6903526782989502,-0.6903526782989502
1015806,Granville Lyons,Granville Lyons,PS,Stars,1144,1B,102.0,9.0,-0.2289332151412964,-0.4696817100048065,-0.6986149251461029
1001699,Johnny Burnett,Johnny Burnett,SLB,Browns,2,3B/SS,231.0,,,-0.7396372556686401,-0.7396372556686401
1007202,Joe Kuhel,Joe Kuhel,WAS,Senators,8,1B,723.0,,,-0.7465332746505737,-0.7465332746505737
1013735,Bob Weiland,Bob Weiland,SLB,Browns,2,P,10.0,32.0,-0.6207583546638489,-0.12819017469882965,-0.7489485293626785
1001395,Bill Brenzel,Bill Brenzel,CLE,Indians,5,C,154.0,,,-0.7665655016899109,-0.7665655016899109
1008861,Dee Miles,Dee Miles,WAS,Senators,8,RF,225.0,,,-0.7680730819702148,-0.7680730819702148
1013220,George Turbeville,George Turbeville,PHA,Athletics,10,P,20.0,63.6666,-0.5556994676589966,-0.2131447046995163,-0.7688441723585129
1002648,Joe Coscarart,Joe Coscarart,BSN,Braves,16,3B/SS,305.0,,,-0.8479575514793396,-0.8479575514793396
1015936,Flash Miller,Flash Miller,ND,Dodgers,1139,2B/SS,131.0,,,-0.8510209918022156,-0.8510209918022156
1008099,Rabbit Maranville,Rabbit Maranville,BSN,Braves,16,2B,71.0,,,-0.8617098927497864,-0.8617098927497864
1011333,Blondy Ryan,Blondy Ryan,- - -,- - -,0,SS,248.0,,,-0.8735668361186981,-0.8735668361186981
1009548,Skeeter Newsome,Skeeter Newsome,PHA,Athletics,10,2B/SS,151.0,,,-0.8753994703292847,-0.8753994703292847
1001711,Jack Burns,Jack Burns,SLB,Browns,2,1B,638.0,,,-0.9060637950897217,-0.9060637950897217
1014268,Ab Wright,Ab Wright,CLE,Indians,5,RF,177.0,,,-0.9161220192909241,-0.9161220192909241
1008044,Pat Malone,Pat Malone,NYY,Yankees,9,P,16.0,56.3333,-0.6683550477027893,-0.28139984607696533,-0.9497548937797546
1010174,Ray Pepper,Ray Pepper,SLB,Browns,2,RF/LF,283.0,,,-0.954531192779541,-0.954531192779541
1016684,Pete Washington,Pete Washington,PS,Stars,1144,CF,48.0,,,-0.9585569500923157,-0.9585569500923157
1006502,Si Johnson,Si Johnson,CIN,Reds,18,P,45.0,130.0,-0.4862016439437866,-0.5099037885665894,-0.996105432510376
1015466,Crush Holloway,Crush Holloway,BE,Eagles,1140,RF,80.0,,,-1.0033012628555298,-1.0033012628555298
1013413,Johnny Vergez,Johnny Vergez,PHI,Phillies,26,3B,601.0,,,-1.0312161445617676,-1.0312161445617676
1015599,Judy Johnson,Judy Johnson,PC,Crawfords,1143,3B,185.0,,,-1.0709327459335327,-1.0709327459335327
1012952,Tommy Thevenow,Tommy Thevenow,PIT,Pirates,27,3B,425.0,,,-1.0774567127227783,-1.0774567127227783
1000785,Ollie Bejma,Ollie Bejma,SLB,Browns,2,2B,230.0,,,-1.0885069370269775,-1.0885069370269775
1004059,Lou Finney,Lou Finney,PHA,Athletics,10,RF,434.0,,,-1.1108297109603882,-1.1108297109603882
1016669,Willie Ward,Willie Ward,- - -,- - -,0,CF,32.0,,,-1.1315265744924545,-1.1315265744924545
1000797,Beau Bell,Beau Bell,SLB,Browns,2,1B/RF,237.0,,,-1.1691856384277344,-1.1691856384277344
1004820,Chile Gomez,Chile Gomez,PHI,Phillies,26,2B/SS,245.0,,,-1.182845115661621,-1.182845115661621
1002780,Hughie Critz,Hughie Critz,NYG,Giants,30,2B,227.0,,,-1.2244938611984253,-1.2244938611984253
1014869,Zack Clayton,Zack Clayton,CAG,American Giants,1133,1B,86.0,,,-1.3011624813079834,-1.3011624813079834
1005475,Mickey Haslin,Mickey Haslin,PHI,Phillies,26,SS,442.0,,,-1.4363031387329102,-1.4363031387329102
1016216,Wilson Redus,Wilson Redus,CAG,American Giants,1133,RF,193.0,,,-1.7669399976730347,-1.7669399976730347
1015534,Jelly Jackson,Jelly Jackson,HG,Grays,1137,SS,155.0,,,-1.9388798475265503,-1.9388798475265503
1013296,Billy Urbanski,Billy Urbanski,BSN,Braves,16,SS,566.0,,,-2.5235140323638916,-2.5235140323638916
