playerid,playerName,playerNameRoute,abbName,shortName,teamId,pos,PA,IP,pitWAR,batWAR,totalWAR
1008315,Willie Mays,Willie Mays,SFG,Giants,30,CF,685.0,,,9.71699047088623,9.71699047088623
1008082,Mickey Mantle,Mickey Mantle,NYY,Yankees,9,CF,654.0,,,8.765358924865723,8.765358924865723
1000512,Ernie Banks,Ernie Banks,CHC,Cubs,17,SS,682.0,,,8.747283935546875,8.747283935546875
1000001,Hank Aaron,Hank Aaron,MIL,Braves,16,RF/CF,664.0,,,6.786256790161133,6.786256790161133
1002404,Rocky Colavito,Rocky Colavito,CLE,Indians,5,RF,578.0,3.0,-0.03179877996444702,6.631862163543701,6.600063383579254
1000335,Richie Ashburn,Richie Ashburn,PHI,Phillies,26,CF,725.0,,,6.465564250946045,6.465564250946045
1006678,Al Kaline,Al Kaline,DET,Tigers,6,RF,607.0,,,6.439754486083984,6.439754486083984
1002107,Bob Cerv,Bob Cerv,KCA,Athletics,10,LF,572.0,,,6.2484211921691895,6.2484211921691895
1008236,Eddie Mathews,Eddie Mathews,MIL,Braves,16,3B,649.0,,,5.787843227386475,5.787843227386475
1001662,Lew Burdette,Lew Burdette,MIL,Braves,16,P,108.0,275.3333,4.953252792358398,0.7981306314468384,5.751383423805237
1011303,Pete Runnels,Pete Runnels,BOS,Red Sox,3,1B/2B,666.0,,,5.572709083557129,5.572709083557129
1006398,Jackie Jensen,Jackie Jensen,BOS,Red Sox,3,RF,655.0,,,5.483942031860352,5.483942031860352
1012299,Warren Spahn,Warren Spahn,MIL,Braves,16,P,122.0,290.0,3.5692481994628906,1.827838659286499,5.39708685874939
1001283,Ken Boyer,Ken Boyer,STL,Cardinals,28,3B,631.0,,,5.33310079574585,5.33310079574585
1005435,Jack Harshman,Jack Harshman,BAL,Orioles,2,P,101.0,236.3333,3.9736850261688232,1.2649424076080322,5.2386274337768555
1004227,Whitey Ford,Whitey Ford,NYY,Yankees,9,P,84.0,219.3333,4.721269607543945,0.2870291769504547,5.0082987844944
1008984,Minnie Minoso,Minnie Minoso,CLE,Indians,5,LF,638.0,,,4.979545593261719,4.979545593261719
1009724,Billy O'Dell,Billy O'Dell,BAL,Orioles,2,P,82.0,221.3333,4.8769450187683105,-0.07237347960472107,4.8045715391635895
1011046,Robin Roberts,Robin Roberts,PHI,Phillies,26,P,109.0,269.6666,4.484400272369385,0.31931164860725403,4.803711920976639
1012691,Frank Sullivan,Frank Sullivan,BOS,Red Sox,3,P,80.0,199.3333,4.802322864532471,-0.07571562379598618,4.7266072407364845
1011949,Norm Siebern,Norm Siebern,NYY,Yankees,9,LF,533.0,,,4.659271717071533,4.659271717071533
1006590,Sam Jones,Sam Jones,STL,Cardinals,28,P,95.0,250.0,5.506377696990967,-0.8489727973937988,4.657404899597168
1007364,Frank Lary,Frank Lary,DET,Tigers,6,P,100.0,260.3333,4.750277042388916,-0.10579990595579147,4.6444771364331245
1008316,Bill Mazeroski,Bill Mazeroski,PIT,Pirates,27,2B,607.0,,,4.541619777679443,4.541619777679443
1014040,Ted Williams,Ted Williams,BOS,Red Sox,3,LF,517.0,,,4.490938186645508,4.490938186645508
1002729,Del Crandall,Del Crandall,MIL,Braves,16,C,485.0,,,4.4467244148254395,4.4467244148254395
1003516,Don Drysdale,Don Drysdale,LAD,Dodgers,22,P,72.0,211.6666,3.277172327041626,0.9067169427871704,4.183889269828796
1010506,Vic Power,Vic Power,- - -,- - -,0,1B/3B,620.0,,,4.145028471946716,4.145028471946716
1004355,Bob Friend,Bob Friend,PIT,Pirates,27,P,109.0,274.0,4.81818962097168,-0.6832697987556458,4.134919822216034
1007714,Sherm Lollar,Sherm Lollar,CHW,White Sox,4,C,491.0,,,4.088131904602051,4.088131904602051
1009405,Stan Musial,Stan Musial,STL,Cardinals,28,1B,549.0,,,4.041289806365967,4.041289806365967
1010039,Camilo Pascual,Camilo Pascual,WAS,Senators,8,P,61.0,177.3333,4.1755218505859375,-0.15063580870628357,4.024886041879654
1003395,Dick Donovan,Dick Donovan,CHW,White Sox,4,P,94.0,248.0,4.066941261291504,-0.09611640870571136,3.9708248525857925
1004287,Paul Foytack,Paul Foytack,DET,Tigers,6,P,88.0,230.0,3.472395420074463,0.4730704426765442,3.945465862751007
1011066,Frank Robinson,Frank Robinson,CIN,Redlegs,18,CF/LF,623.0,,,3.8877415657043457,3.8877415657043457
1011959,Roy Sievers,Roy Sievers,WAS,Senators,8,LF,614.0,,,3.8485467433929443,3.8485467433929443
1012037,Bob Skinner,Bob Skinner,PIT,Pirates,27,LF,596.0,,,3.74100661277771,3.74100661277771
1013563,Lee Walls,Lee Walls,CHC,Cubs,17,RF,576.0,,,3.7305874824523926,3.7305874824523926
1002340,Roberto Clemente,Roberto Clemente,PIT,Pirates,27,RF,556.0,,,3.692786693572998,3.692786693572998
1007410,Vern Law,Vern Law,PIT,Pirates,27,P,80.0,202.3333,3.0848002433776855,0.5999284982681274,3.684728741645813
1000278,Luis Aparicio,Luis Aparicio,CHW,White Sox,4,SS,604.0,,,3.617349624633789,3.617349624633789
1012910,Johnny Temple,Johnny Temple,CIN,Redlegs,18,2B,652.0,,,3.554954767227173,3.554954767227173
1011980,Curt Simmons,Curt Simmons,PHI,Phillies,26,P,63.0,168.3333,3.5710880756378174,-0.039613161236047745,3.5314749144017696
1001147,Frank Bolling,Frank Bolling,DET,Tigers,6,2B,681.0,,,3.4954731464385986,3.4954731464385986
1013182,Gus Triandos,Gus Triandos,BAL,Orioles,2,C,544.0,,,3.4885878562927246,3.4885878562927246
1000898,Yogi Berra,Yogi Berra,NYY,Yankees,9,C,476.0,,,3.4689526557922363,3.4689526557922363
1002881,Joe Cunningham,Joe Cunningham,STL,Cardinals,28,1B/RF,424.0,,,3.4431071281433105,3.4431071281433105
1008048,Frank Malzone,Frank Malzone,BOS,Red Sox,3,3B,672.0,,,3.416592597961426,3.416592597961426
1001943,Andy Carey,Andy Carey,NYY,Yankees,9,3B,365.0,,,3.3671562671661377,3.3671562671661377
1006079,Elston Howard,Elston Howard,NYY,Yankees,9,C,406.0,,,3.362006187438965,3.362006187438965
1008935,Stu Miller,Stu Miller,SFG,Giants,30,P,62.0,182.0,3.3947219848632812,-0.07516901195049286,3.3195529729127884
1010572,Bob Purkey,Bob Purkey,CIN,Redlegs,18,P,94.0,250.0,3.6972410678863525,-0.38221871852874756,3.315022349357605
1004281,Nellie Fox,Nellie Fox,CHW,White Sox,4,2B,698.0,,,3.3058700561523438,3.3058700561523438
1009665,Joe Nuxhall,Joe Nuxhall,CIN,Redlegs,18,P,66.0,175.6666,3.390171527862549,-0.12508942186832428,3.2650821059942245
1012976,Frank Thomas,Frank Thomas,PIT,Pirates,27,3B,620.0,,,3.1946563720703125,3.1946563720703125
1013032,Bobby Thomson,Bobby Thomson,CHC,Cubs,17,CF,615.0,,,3.1776697635650635,3.1776697635650635
1005075,Dick Groat,Dick Groat,PIT,Pirates,27,SS,622.0,,,3.144808530807495,3.144808530807495
1001653,Jim Bunning,Jim Bunning,DET,Tigers,6,P,84.0,219.6666,3.144490957260132,-0.008479645475745201,3.1360113117843866
1012321,Daryl Spencer,Daryl Spencer,SFG,Giants,30,SS,626.0,,,3.129084587097168,3.129084587097168
1002687,Wes Covington,Wes Covington,MIL,Braves,16,LF,324.0,,,3.0342979431152344,3.0342979431152344
1001409,Tom Brewer,Tom Brewer,BOS,Red Sox,3,P,89.0,227.3333,3.0374603271484375,-0.016011355444788933,3.0214489717036486
1002103,Orlando Cepeda,Orlando Cepeda,SFG,Giants,30,1B,644.0,,,2.9918625354766846,2.9918625354766846
1009236,Walt Moryn,Walt Moryn,CHC,Cubs,17,LF,587.0,,,2.991260051727295,2.991260051727295
1008471,Gil McDougald,Gil McDougald,NYY,Yankees,9,2B,578.0,,,2.9697232246398926,2.9697232246398926
1000230,Harry Anderson,Harry Anderson,PHI,Phillies,26,1B/LF,585.0,,,2.93416428565979,2.93416428565979
1014309,Early Wynn,Early Wynn,CHW,White Sox,4,P,88.0,239.6666,2.5558531284332275,0.36779043078422546,2.923643559217453
1006304,Larry Jackson,Larry Jackson,STL,Cardinals,28,P,63.0,198.0,3.2547717094421387,-0.3521915376186371,2.9025801718235016
1007398,Brooks Lawrence,Brooks Lawrence,CIN,Redlegs,18,P,61.0,181.0,3.138272523880005,-0.3374495804309845,2.8008229434490204
1007200,Harvey Kuenn,Harvey Kuenn,DET,Tigers,6,CF,619.0,,,2.800666093826294,2.800666093826294
1010326,Billy Pierce,Billy Pierce,CHW,White Sox,4,P,94.0,245.0,2.5112898349761963,0.2675391137599945,2.778828948736191
1012929,Ralph Terry,Ralph Terry,KCA,Athletics,10,P,76.0,216.6666,2.698608636856079,-0.01204824447631836,2.6865603923797607
1007296,Jim Landis,Jim Landis,CHW,White Sox,4,CF,593.0,,,2.685131311416626,2.685131311416626
1007755,Hector Lopez,Hector Lopez,KCA,Athletics,10,2B/3B,631.0,,,2.6459507942199707,2.6459507942199707
1011432,Jack Sanford,Jack Sanford,PHI,Phillies,26,P,67.0,186.3333,2.5416648387908936,0.07560177147388458,2.617266610264778
1011307,Bob Rush,Bob Rush,MIL,Braves,16,P,52.0,147.3333,2.50835919380188,0.0957951471209526,2.6041543409228325
1005893,Billy Hoeft,Billy Hoeft,DET,Tigers,6,P,50.0,143.0,2.1484169960021973,0.4471835196018219,2.595600515604019
1005184,Harvey Haddix,Harvey Haddix,CIN,Redlegs,18,P,75.0,184.0,2.2491295337677,0.330278217792511,2.579407751560211
1007359,Don Larsen,Don Larsen,NYY,Yankees,9,P,57.0,114.3333,1.61363685131073,0.9343279004096985,2.5479647517204285
1010459,Arnie Portocarrero,Arnie Portocarrero,BAL,Orioles,2,P,72.0,204.6666,2.5147600173950195,0.02335638739168644,2.538116404786706
1004165,Curt Flood,Curt Flood,STL,Cardinals,28,CF,461.0,,,2.5315351486206055,2.5315351486206055
1000277,Johnny Antonelli,Johnny Antonelli,SFG,Giants,30,P,91.0,241.6666,2.1341161727905273,0.3324788808822632,2.4665950536727905
1013437,Bill Virdon,Bill Virdon,PIT,Pirates,27,CF,662.0,,,2.408094644546509,2.408094644546509
1013945,Hoyt Wilhelm,Hoyt Wilhelm,- - -,- - -,0,P,37.0,130.9999,2.6730949878692627,-0.26941583305597305,2.4036791548132896
1001275,Bob Boyd,Bob Boyd,BAL,Orioles,2,1B,432.0,,,2.3667232990264893,2.3667232990264893
1010406,Johnny Podres,Johnny Podres,LAD,Dodgers,22,P,79.0,210.3333,2.9230315685272217,-0.559044599533081,2.3639869689941406
1009587,Bob Nieman,Bob Nieman,BAL,Orioles,2,LF,414.0,,,2.347001314163208,2.347001314163208
1013130,Frank Torre,Frank Torre,MIL,Braves,16,1B,430.0,,,2.3279683589935303,2.3279683589935303
1011804,Bobby Shantz,Bobby Shantz,NYY,Yankees,9,P,39.0,126.0,2.3297722339630127,-0.00437478581443429,2.3253974481485784
1005627,Solly Hemus,Solly Hemus,PHI,Phillies,26,2B,401.0,,,2.26654052734375,2.26654052734375
1005684,Ray Herbert,Ray Herbert,KCA,Athletics,10,P,59.0,175.0,2.0505175590515137,0.19837704300880432,2.248894602060318
1014172,George Witt,George Witt,PIT,Pirates,27,P,40.0,106.0,2.4533753395080566,-0.2124735414981842,2.2409017980098724
1000679,Hank Bauer,Hank Bauer,NYY,Yankees,9,RF,490.0,,,2.22531795501709,2.22531795501709
1000806,Gary Bell,Gary Bell,CLE,Indians,5,P,66.0,182.0,1.9642078876495361,0.25157588720321655,2.2157837748527527
1008287,Charlie Maxwell,Charlie Maxwell,DET,Tigers,6,LF,466.0,,,2.215085744857788,2.215085744857788
1007705,Johnny Logan,Johnny Logan,MIL,Braves,16,SS,590.0,,,2.2006983757019043,2.2006983757019043
1005413,Gail Harris,Gail Harris,DET,Tigers,6,1B,498.0,,,2.199327230453491,2.199327230453491
1000031,Tom Acker,Tom Acker,CIN,Redlegs,18,P,37.0,124.6666,2.3774774074554443,-0.18225379288196564,2.1952236145734787
1014228,Gene Woodling,Gene Woodling,BAL,Orioles,2,RF/LF,485.0,,,2.179215669631958,2.179215669631958
1000421,Ed Bailey,Ed Bailey,CIN,Redlegs,18,C,414.0,,,2.1683835983276367,2.1683835983276367
1003179,Ike Delock,Ike Delock,BOS,Red Sox,3,P,56.0,160.0,2.6342875957489014,-0.47040238976478577,2.1638852059841156
1004827,Ruben Gomez,Ruben Gomez,SFG,Giants,30,P,75.0,207.6666,2.0943350791931152,0.06097470968961716,2.1553097888827324
1009529,Don Newcombe,Don Newcombe,- - -,- - -,0,P,83.0,167.66660000000002,0.8946778178215027,1.2005281001329422,2.095205917954445
1006824,Russ Kemmerer,Russ Kemmerer,WAS,Senators,8,P,73.0,224.3333,2.3277578353881836,-0.23361507058143616,2.0941427648067474
1001628,Don Buddin,Don Buddin,BOS,Red Sox,3,SS,594.0,,,2.05549693107605,2.05549693107605
1014102,Red Wilson,Red Wilson,DET,Tigers,6,C,343.0,,,2.0474913120269775,2.0474913120269775
1006785,Alex Kellner,Alex Kellner,- - -,- - -,0,P,44.0,115.6666,1.740995615720749,0.2984629422426224,2.0394585579633713
1009989,Milt Pappas,Milt Pappas,BAL,Orioles,2,P,45.0,135.3333,2.0491204261779785,-0.0490889810025692,2.0000314451754093
1010681,Pedro Ramos,Pedro Ramos,WAS,Senators,8,P,96.0,259.3333,1.7947384119033813,0.14956988394260406,1.9443082958459854
1007188,Tony Kubek,Tony Kubek,NYY,Yankees,9,SS,597.0,,,1.9263173341751099,1.9263173341751099
1004856,Billy Goodman,Billy Goodman,CHW,White Sox,4,3B,471.0,,,1.9217268228530884,1.9217268228530884
1012043,Bill Skowron,Bill Skowron,NYY,Yankees,9,1B,503.0,,,1.9092230796813965,1.9092230796813965
1009609,Russ Nixon,Russ Nixon,CLE,Indians,5,C,395.0,,,1.8979825973510742,1.8979825973510742
1005829,Dave Hillman,Dave Hillman,CHC,Cubs,17,P,43.0,125.6666,2.0741920471191406,-0.19730758666992188,1.8768844604492188
1013124,Earl Torgeson,Earl Torgeson,CHW,White Sox,4,1B,236.0,,,1.8719934225082397,1.8719934225082397
1008828,Jack Meyer,Jack Meyer,PHI,Phillies,26,P,19.0,90.3333,1.7681875228881836,0.06997820734977722,1.8381657302379608
1008626,Cal McLish,Cal McLish,CLE,Indians,5,P,82.0,225.6666,1.8643386363983154,-0.041756656020879745,1.8225819803774357
1007894,Duke Maas,Duke Maas,- - -,- - -,0,P,57.0,156.6666,1.9534278512001038,-0.1331040821969509,1.8203237690031528
1008420,Mike McCormick,Mike McCormick,SFG,Giants,30,P,59.0,178.3333,1.6399288177490234,0.10980138927698135,1.7497302070260048
1001479,Jim Brosnan,Jim Brosnan,- - -,- - -,0,P,56.0,166.66660000000002,2.0236786603927612,-0.28510303795337677,1.7385756224393845
1011576,Bob Schmidt,Bob Schmidt,SFG,Giants,30,C,432.0,,,1.7130796909332275,1.7130796909332275
1011199,John Roseboro,Johnny Roseboro,LAD,Dodgers,22,C,431.0,,,1.6513935327529907,1.6513935327529907
1013487,Leon Wagner,Leon Wagner,SFG,Giants,30,LF,240.0,,,1.6119083166122437,1.6119083166122437
1009473,Charlie Neal,Charlie Neal,LAD,Dodgers,22,2B,549.0,,,1.5987012386322021,1.5987012386322021
1009158,Seth Morehead,Seth Morehead,PHI,Phillies,26,P,27.0,92.3333,1.588793396949768,0.00653930613771081,1.5953327030874789
1007749,Stan Lopata,Stan Lopata,PHI,Phillies,26,C,322.0,,,1.5836161375045776,1.5836161375045776
1011600,Red Schoendienst,Red Schoendienst,MIL,Braves,16,2B,465.0,,,1.5818941593170166,1.5818941593170166
1004556,Ned Garver,Ned Garver,KCA,Athletics,10,P,79.0,201.0,1.4626920223236084,0.10756862163543701,1.5702606439590454
1000067,Joe Adcock,Joe Adcock,MIL,Braves,16,1B/LF,349.0,,,1.5612177848815918,1.5612177848815918
1007730,Dale Long,Dale Long,CHC,Cubs,17,1B,554.0,,,1.5274298191070557,1.5274298191070557
1008110,Roger Maris,Roger Maris,- - -,- - -,0,RF/CF,637.0,,,1.5251879692077637,1.5251879692077637
1010340,Jim Piersall,Jim Piersall,BOS,Red Sox,3,CF,469.0,,,1.5206702947616577,1.5206702947616577
1013225,Bob Turley,Bob Turley,NYY,Yankees,9,P,98.0,245.3333,1.627627968788147,-0.11592031270265579,1.5117076560854912
1013416,Mickey Vernon,Mickey Vernon,CLE,Indians,5,1B,404.0,,,1.5058603286743164,1.5058603286743164
1009481,Cal Neeman,Cal Neeman,CHC,Cubs,17,C,226.0,,,1.4956551790237427,1.4956551790237427
1009125,Ray Moore,Ray Moore,CHW,White Sox,4,P,51.0,136.6666,1.2404271364212036,0.2386382818222046,1.4790654182434082
1000670,Earl Battey,Earl Battey,CHW,White Sox,4,C,198.0,,,1.4745463132858276,1.4745463132858276
1003346,Larry Doby,Larry Doby,CLE,Indians,5,CF,276.0,,,1.466982126235962,1.466982126235962
1006438,Connie Johnson,Connie Johnson,BAL,Orioles,2,P,38.0,118.3333,1.3676387071609497,0.09525221586227417,1.4628909230232239
1001665,Smoky Burgess,Smoky Burgess,CIN,Redlegs,18,C,274.0,,,1.4112173318862915,1.4112173318862915
1006248,Dick Hyde,Dick Hyde,WAS,Senators,8,P,23.0,103.0,1.625657558441162,-0.24341265857219696,1.3822448998689651
1004995,Gene Green,Gene Green,STL,Cardinals,28,C/RF,489.0,,,1.3645962476730347,1.3645962476730347
1005060,Bob Grim,Bob Grim,- - -,- - -,0,P,38.0,129.9999,1.4320213794708252,-0.07320604845881462,1.3588153310120106
1000219,Bob Anderson,Bob Anderson,CHC,Cubs,17,P,17.0,65.6666,1.4966509342193604,-0.14046037197113037,1.35619056224823
1009015,Vinegar Bend Mizell,Vinegar Bend Mizell,STL,Cardinals,28,P,67.0,189.6666,1.8548517227172852,-0.5052152872085571,1.349636435508728
1001742,Jim Busby,Jim Busby,BAL,Orioles,2,CF,245.0,,,1.3413779735565186,1.3413779735565186
1013844,Pete Whisenant,Pete Whisenant,CIN,Redlegs,18,RF/LF,229.0,,,1.332387089729309,1.332387089729309
1007896,Bob Mabe,Bob Mabe,STL,Cardinals,28,P,28.0,111.6666,1.650931715965271,-0.33878371119499207,1.312148004770279
1000380,Bobby Avila,Bobby Avila,CLE,Indians,5,2B/3B,445.0,,,1.3117895126342773,1.3117895126342773
1011744,Ray Semproch,Ray Semproch,PHI,Phillies,26,P,77.0,204.3333,1.9897862672805786,-0.684704601764679,1.3050816655158997
1007520,Jim Lemon,Jim Lemon,WAS,Senators,8,RF,555.0,,,1.30465567111969,1.30465567111969
1004637,Dick Gernert,Dick Gernert,BOS,Red Sox,3,1B,496.0,,,1.2650429010391235,1.2650429010391235
1007004,Ron Kline,Ron Kline,PIT,Pirates,27,P,88.0,237.3333,2.176527261734009,-0.949458658695221,1.2270686030387878
1003017,Jim Davenport,Jim Davenport,SFG,Giants,30,3B,493.0,,,1.2221269607543945,1.2221269607543945
1013892,Sammy White,Sammy White,BOS,Red Sox,3,C,351.0,,,1.2150912284851074,1.2150912284851074
1004409,Carl Furillo,Carl Furillo,LAD,Dodgers,22,RF,459.0,,,1.2014048099517822,1.2014048099517822
1005665,Bill Henry,Bill Henry,CHC,Cubs,17,P,19.0,81.3333,1.068429708480835,0.12286673486232758,1.1912964433431625
1003759,Don Elston,Don Elston,CHC,Cubs,17,P,15.0,97.0,1.0465043783187866,0.14426776766777039,1.190772145986557
1007832,Jerry Lumpe,Jerry Lumpe,NYY,Yankees,9,3B,262.0,,,1.1876834630966187,1.1876834630966187
1006373,Joey Jay,Joey Jay,MIL,Braves,16,P,37.0,96.6666,1.3123308420181274,-0.12508808076381683,1.1872427612543106
1013106,Dick Tomanek,Dick Tomanek,- - -,- - -,0,P,33.0,129.9999,1.0455082282423973,0.13760456070303917,1.1831127889454365
1001520,Hal Brown,Hal Brown,BAL,Orioles,2,P,30.0,96.6666,1.393457293510437,-0.22460222244262695,1.16885507106781
1004005,Don Ferrarese,Don Ferrarese,CLE,Indians,5,P,27.0,94.6666,1.3369743824005127,-0.19053666293621063,1.146437719464302
1004724,Jim Gilliam,Jim Gilliam,LAD,Dodgers,22,3B/LF,636.0,,,1.1383167505264282,1.1383167505264282
1001941,Don Cardwell,Don Cardwell,PHI,Phillies,26,P,39.0,107.6666,1.1110928058624268,0.01232918631285429,1.123421992175281
1012731,George Susce,George Susce,- - -,- - -,0,P,28.0,92.6666,1.176939845085144,-0.05992524325847626,1.1170146018266678
1005883,Gil Hodges,Gil Hodges,LAD,Dodgers,22,1B,532.0,,,1.112729549407959,1.112729549407959
1009250,Don Mossi,Don Mossi,CLE,Indians,5,P,27.0,101.6666,1.3122997283935547,-0.2071993052959442,1.1051004230976105
1000177,Felipe Alou,Felipe Alou,SFG,Giants,30,RF/LF,204.0,,,1.1017504930496216,1.1017504930496216
1004967,Dick Gray,Dick Gray,LAD,Dodgers,22,3B,221.0,,,1.084669589996338,1.084669589996338
1004232,Mike Fornieles,Mike Fornieles,BOS,Red Sox,3,P,29.0,110.6666,1.0949631929397583,-0.04019680619239807,1.0547663867473602
1003950,Turk Farrell,Turk Farrell,PHI,Phillies,26,P,25.0,94.0,1.0414199829101562,0.005278429947793484,1.0466984128579497
1001420,Rocky Bridges,Rocky Bridges,WAS,Senators,8,SS,411.0,,,1.0413798093795776,1.0413798093795776
1012639,Dick Stuart,Dick Stuart,PIT,Pirates,27,1B,271.0,,,1.0330311059951782,1.0330311059951782
1012090,Al Smith,Al Smith,CHW,White Sox,4,RF/LF,541.0,,,1.0273571014404297,1.0273571014404297
1010344,Joe Pignatano,Joe Pignatano,LAD,Dodgers,22,C,163.0,,,1.0122692584991455,1.0122692584991455
1004194,Hank Foiles,Hank Foiles,PIT,Pirates,27,C,314.0,,,1.0113952159881592,1.0113952159881592
1003586,Ryne Duren,Ryne Duren,NYY,Yankees,9,P,21.0,75.6666,0.9543393850326538,0.05539359524846077,1.0097329802811146
1014039,Stan Williams,Stan Williams,LAD,Dodgers,22,P,43.0,119.0,1.496743083000183,-0.48896515369415283,1.0077779293060303
1002987,Alvin Dark,Alvin Dark,- - -,- - -,0,3B,572.0,,,1.00749009847641,1.00749009847641
1012060,Enos Slaughter,Enos Slaughter,NYY,Yankees,9,RF/LF,160.0,,,1.0070018768310547,1.0070018768310547
1010445,Bob Porterfield,Bob Porterfield,- - -,- - -,0,P,21.0,91.6666,1.127253070473671,-0.12032320350408554,1.0069298669695854
1010284,Bubba Phillips,Bubba Phillips,CHW,White Sox,4,3B,286.0,,,1.0052390098571777,1.0052390098571777
1003510,Walt Dropo,Walt Dropo,- - -,- - -,0,1B,238.0,,,0.998781606554985,0.998781606554985
1002676,Clint Courtney,Clint Courtney,WAS,Senators,8,C,515.0,,,0.9800649881362915,0.9800649881362915
1006601,Willie Jones,Willie Jones,PHI,Phillies,26,3B,456.0,,,0.96533203125,0.96533203125
1007377,Barry Latman,Barry Latman,CHW,White Sox,4,P,15.0,47.6666,0.9950928092002869,-0.03493690863251686,0.96015590056777
1012155,Hal Smith,Hal Smith,KCA,Athletics,10,C/3B,351.0,,,0.9508255124092102,0.9508255124092102
1014442,Don Zimmer,Don Zimmer,LAD,Dodgers,22,SS,495.0,,,0.949577271938324,0.949577271938324
1007124,Sandy Koufax,Sandy Koufax,LAD,Dodgers,22,P,55.0,158.6666,1.320583701133728,-0.3760964870452881,0.9444872140884399
1001056,Don Blasingame,Don Blasingame,STL,Cardinals,28,2B,608.0,,,0.9440075159072876,0.9440075159072876
1001266,Bob Bowman,Bob Bowman,PHI,Phillies,26,RF/LF,202.0,,,0.9429301023483276,0.9429301023483276
1009048,Bill Monbouquette,Bill Monbouquette,BOS,Red Sox,3,P,19.0,54.3333,1.009562373161316,-0.06959830224514008,0.9399640709161758
1003511,Dick Drott,Dick Drott,CHC,Cubs,17,P,59.0,167.3333,0.6236990094184875,0.3116080164909363,0.9353070259094238
1004601,Gary Geiger,Gary Geiger,CLE,Indians,5,CF,229.0,2.0,0.04775283858180046,0.8814692497253418,0.9292220883071423
1003328,Art Ditmar,Art Ditmar,NYY,Yankees,9,P,48.0,139.6666,0.6853923201560974,0.2290385365486145,0.9144308567047119
1002507,Gene Conley,Gene Conley,MIL,Braves,16,P,16.0,72.0,0.8468161225318909,0.06618773937225342,0.9130038619041443
1001600,Bill Bruton,Bill Bruton,MIL,Braves,16,CF,361.0,,,0.9120566844940186,0.9120566844940186
1009711,Danny O'Connell,Danny O'Connell,SFG,Giants,30,2B,368.0,,,0.9114350080490112,0.9114350080490112
1002942,Bud Daley,Bud Daley,KCA,Athletics,10,P,17.0,70.6666,0.9979835748672485,-0.08857224136590958,0.909411333501339
1001273,Ted Bowsfield,Ted Bowsfield,BOS,Red Sox,3,P,26.0,65.6666,1.0481677055358887,-0.13904927670955658,0.9091184288263321
1002235,Al Cicotte,Al Cicotte,- - -,- - -,0,P,27.0,71.0,0.9737977534532547,-0.07207303121685982,0.9017247222363949
1011995,Harry Simpson,Harry Simpson,- - -,- - -,0,1B,297.0,,,0.8788875341415405,0.8788875341415405
1004891,Johnny Goryl,Johnny Goryl,CHC,Cubs,17,2B/3B,250.0,,,0.8748840093612671,0.8748840093612671
1010382,Juan Pizarro,Juan Pizarro,MIL,Braves,16,P,36.0,96.6666,0.6345581412315369,0.2200535386800766,0.8546116799116135
1002198,Harry Chiti,Harry Chiti,KCA,Athletics,10,C,327.0,,,0.8354220986366272,0.8354220986366272
1005096,Johnny Groth,Johnny Groth,DET,Tigers,6,LF,161.0,,,0.8214041590690613,0.8214041590690613
1006895,Leo Kiely,Leo Kiely,BOS,Red Sox,3,P,15.0,81.0,1.073508620262146,-0.2525656819343567,0.8209429383277893
1011013,Mel Roach,Mel Roach,MIL,Braves,16,2B,147.0,,,0.8177288770675659,0.8177288770675659
1007230,Clem Labine,Clem Labine,LAD,Dodgers,22,P,21.0,104.0,0.9739573001861572,-0.16856633126735687,0.8053909689188004
1014357,Eddie Yost,Eddie Yost,WAS,Senators,8,3B,503.0,,,0.8021674156188965,0.8021674156188965
1003891,Roy Face,Roy Face,PIT,Pirates,27,P,9.0,84.0,0.9471532106399536,-0.15120480954647064,0.795948401093483
1011671,Herb Score,Herb Score,CLE,Indians,5,P,13.0,41.0,0.8044023513793945,-0.016302144154906273,0.7881002072244883
1010468,Wally Post,Wally Post,PHI,Phillies,26,RF,420.0,,,0.7741031050682068,0.7741031050682068
1009184,Tom Morgan,Tom Morgan,DET,Tigers,6,P,11.0,62.6666,0.7769187688827515,-0.01780584827065468,0.7591129206120968
1000683,Frank Baumann,Frank Baumann,BOS,Red Sox,3,P,18.0,52.3333,0.5766457319259644,0.15260028839111328,0.7292460203170776
1000087,Hank Aguirre,Hank Aguirre,DET,Tigers,6,P,15.0,69.6666,0.6620266437530518,0.06552018225193024,0.727546826004982
1007343,Norm Larker,Norm Larker,LAD,Dodgers,22,1B/LF,291.0,,,0.7234001159667969,0.7234001159667969
1005868,Glen Hobbie,Glen Hobbie,CHC,Cubs,17,P,51.0,168.3333,0.9983857274055481,-0.2767900824546814,0.7215956449508667
1012997,Valmy Thomas,Valmy Thomas,SFG,Giants,30,C,159.0,,,0.7200676202774048,0.7200676202774048
1013965,Carl Willey,Carl Willey,MIL,Braves,16,P,53.0,140.0,1.0757306814193726,-0.37084972858428955,0.704880952835083
1005866,Don Hoak,Don Hoak,CIN,Redlegs,18,3B,466.0,,,0.6988083124160767,0.6988083124160767
1014215,Hal Woodeshick,Hal Woodeshick,CLE,Indians,5,P,24.0,71.6666,0.777584969997406,-0.08460009843111038,0.6929848715662956
1009452,Ray Narleski,Ray Narleski,CLE,Indians,5,P,62.0,183.3333,0.521386444568634,0.1706186681985855,0.6920051127672195
1006968,Willie Kirkland,Willie Kirkland,SFG,Giants,30,RF,470.0,,,0.6877084970474243,0.6877084970474243
1004886,Tom Gorman,Tom Gorman,KCA,Athletics,10,P,17.0,89.6666,0.7851656079292297,-0.09985470026731491,0.6853109076619148
1002348,Tex Clevenger,Tex Clevenger,WAS,Senators,8,P,26.0,124.0,0.6735761761665344,0.007172718178480864,0.6807488943450153
1006309,Ron Jackson,Ron Jackson,CHW,White Sox,4,1B,167.0,,,0.6660904884338379,0.6660904884338379
1014260,Al Worthington,Al Worthington,SFG,Giants,30,P,51.0,151.3333,0.7273250818252563,-0.06397634744644165,0.6633487343788147
1013390,Coot Veal,Coot Veal,DET,Tigers,6,SS,230.0,,,0.6530057191848755,0.6530057191848755
1008204,Bob Martyn,Bob Martyn,KCA,Athletics,10,RF/LF,254.0,,,0.6509453058242798,0.6509453058242798
1002945,Pete Daley,Pete Daley,BOS,Red Sox,3,C,64.0,,,0.6505189538002014,0.6505189538002014
1011176,John Romonosky,John Romonosky,WAS,Senators,8,P,14.0,55.3333,0.3861076235771179,0.2635326683521271,0.649640291929245
1003282,Murry Dickson,Murry Dickson,- - -,- - -,0,P,46.0,119.33330000000001,0.29173097014427185,0.3351709805428982,0.62690195068717
1005083,Don Gross,Don Gross,PIT,Pirates,27,P,20.0,74.6666,0.8226043581962585,-0.196027472615242,0.6265768855810165
1008643,Roy McMillan,Roy McMillan,CIN,Redlegs,18,SS,447.0,,,0.6127728223800659,0.6127728223800659
1012103,Bob Smith,Bob Smith,BOS,Red Sox,3,P,22.0,66.6666,0.6921999454498291,-0.09179157763719559,0.6004083678126335
1002241,Gino Cimoli,Gino Cimoli,LAD,Dodgers,22,CF/LF,352.0,,,0.5980956554412842,0.5980956554412842
1005286,Granny Hamner,Granny Hamner,PHI,Phillies,26,2B/3B,144.0,,,0.594836413860321,0.594836413860321
1001428,John Briggs,John Briggs,CHC,Cubs,17,P,36.0,95.6666,0.4149758517742157,0.17146196961402893,0.5864378213882446
1001851,Johnny Callison,Johnny Callison,CHW,White Sox,4,LF,71.0,,,0.5841162204742432,0.5841162204742432
1013991,Dick Williams,Dick Williams,BAL,Orioles,2,3B/CF,462.0,,,0.5782824754714966,0.5782824754714966
1004952,Mudcat Grant,Mudcat Grant,CLE,Indians,5,P,72.0,204.0,1.0986708402633667,-0.5313992500305176,0.5672715902328491
1010836,Bill Renna,Bill Renna,BOS,Red Sox,3,LF,62.0,,,0.5600436925888062,0.5600436925888062
1005385,Billy Harrell,Billy Harrell,CLE,Indians,5,3B/SS,248.0,,,0.5491752028465271,0.5491752028465271
1012511,R C Stevens,R.C. Stevens,PIT,Pirates,27,1B,97.0,,,0.5475864410400391,0.5475864410400391
1001637,Bob Buhl,Bob Buhl,MIL,Braves,16,P,26.0,73.0,0.5737292170524597,-0.02987639047205448,0.5438528265804052
1012887,Sammy Taylor,Sammy Taylor,CHC,Cubs,17,C,329.0,,,0.5373327136039734,0.5373327136039734
1007606,Bob Lillis,Bob Lillis,LAD,Dodgers,22,SS,77.0,,,0.5303332209587097,0.5303332209587097
1012548,Chuck Stobbs,Chuck Stobbs,- - -,- - -,0,P,18.0,96.3332,0.641559511423111,-0.14194559678435326,0.4996139146387577
1009028,Herb Moford,Herb Moford,DET,Tigers,6,P,41.0,109.6666,1.0215983390808105,-0.5351083874702454,0.4864899516105652
1011055,Brooks Robinson,Brooks Robinson,BAL,Orioles,2,3B,507.0,,,0.48409396409988403,0.48409396409988403
1000984,Babe Birrer,Babe Birrer,LAD,Dodgers,22,P,8.0,34.0,0.20814840495586395,0.24772785604000092,0.45587626099586487
1005235,Bill Hall,Bill Hall,PIT,Pirates,27,C,131.0,,,0.4432751536369324,0.4432751536369324
1014422,Norm Zauchin,Norm Zauchin,WAS,Senators,8,1B,349.0,,,0.44299063086509705,0.44299063086509705
1013297,Jack Urban,Jack Urban,KCA,Athletics,10,P,47.0,132.0,0.6137956380844116,-0.17099948227405548,0.44279615581035614
1000966,Steve Bilko,Steve Bilko,- - -,- - -,0,1B,210.0,,,0.43292172253131866,0.43292172253131866
1010150,Orlando Pena,Orlando Pena,CIN,Redlegs,18,P,,15.0,0.42814329266548157,0.0,0.42814329266548157
1001232,Ed Bouchee,Ed Bouchee,PHI,Phillies,26,1B,389.0,,,0.4167889356613159,0.4167889356613159
1011459,Hank Sauer,Hank Sauer,SFG,Giants,30,LF,277.0,,,0.407425194978714,0.407425194978714
1010285,Dave Philley,Dave Philley,PHI,Phillies,26,1B/RF,225.0,,,0.3992040753364563,0.3992040753364563
1007793,Turk Lown,Turk Lown,- - -,- - -,0,P,11.0,56.333200000000005,0.31627157330513,0.07141215912997723,0.38768373243510723
1006377,Hal Jeffcoat,Hal Jeffcoat,CIN,Redlegs,18,P,10.0,75.0,0.20415674149990082,0.18271639943122864,0.38687314093112946
1009077,Ramon Monzant,Ramon Monzant,SFG,Giants,30,P,50.0,150.6666,0.6049215197563171,-0.22955311834812164,0.3753684014081955
1012654,Tom Sturdivant,Tom Sturdivant,NYY,Yankees,9,P,24.0,70.6666,0.30953529477119446,0.058492261916399,0.36802755668759346
1000862,Lou Berberet,Lou Berberet,- - -,- - -,0,C,210.0,,,0.36618346720933914,0.36618346720933914
1002546,Jim Constable,Jim Constable,- - -,- - -,0,P,7.0,44.9999,0.14387574791908264,0.21575935184955597,0.3596350997686386
1013438,Ozzie Virgil,Ozzie Virgil,DET,Tigers,6,3B,203.0,,,0.3596190810203552,0.3596190810203552
1013795,Vic Wertz,Vic Wertz,CLE,Indians,5,1B,48.0,,,0.3579222857952118,0.3579222857952118
1010522,Joe Presko,Joe Presko,DET,Tigers,6,P,1.0,10.6666,0.31304413080215454,0.04177572578191757,0.3548198565840721
1012230,Duke Snider,Duke Snider,LAD,Dodgers,22,CF,365.0,,,0.3540325164794922,0.3540325164794922
1007865,Jerry Lynch,Jerry Lynch,CIN,Redlegs,18,RF,443.0,,,0.35388776659965515,0.35388776659965515
1003831,Sammy Esposito,Sammy Esposito,CHW,White Sox,4,3B/SS,97.0,,,0.35182562470436096,0.35182562470436096
1009948,Andy Pafko,Andy Pafko,MIL,Braves,16,LF,185.0,,,0.3452478051185608,0.3452478051185608
1009610,Willard Nixon,Willard Nixon,BOS,Red Sox,3,P,17.0,43.3333,0.2138645201921463,0.11857875436544418,0.3324432745575905
1006059,Frank House,Frank House,KCA,Athletics,10,C,218.0,,,0.32713472843170166,0.32713472843170166
1013729,Herm Wehmeier,Herm Wehmeier,- - -,- - -,0,P,9.0,28.6666,0.3067799136042595,0.013724900782108307,0.3205048143863678
1006307,Randy Jackson,Randy Jackson,- - -,- - -,0,3B,164.0,,,0.31868819147348404,0.31868819147348404
1003816,Carl Erskine,Carl Erskine,LAD,Dodgers,22,P,29.0,98.3333,0.6869901418685913,-0.37242504954338074,0.31456509232521057
1007020,Ted Kluszewski,Ted Kluszewski,PIT,Pirates,27,1B,331.0,,,0.3087448179721832,0.3087448179721832
1008740,Roman Mejias,Roman Mejias,PIT,Pirates,27,LF,166.0,,,0.307922899723053,0.307922899723053
1005219,Bob Hale,Bob Hale,BAL,Orioles,2,1B,22.0,,,0.2900022268295288,0.2900022268295288
1013047,Marv Throneberry,Marv Throneberry,NYY,Yankees,9,1B,172.0,,,0.28834787011146545,0.28834787011146545
1014432,Gus Zernial,Gus Zernial,DET,Tigers,6,LF,131.0,,,0.2870751917362213,0.2870751917362213
1000457,Gene Baker,Gene Baker,PIT,Pirates,27,3B,66.0,,,0.28513357043266296,0.28513357043266296
1010298,Taylor Phillips,Taylor Phillips,CHC,Cubs,17,P,62.0,170.3333,0.906228244304657,-0.623114824295044,0.28311342000961304
1007486,Ken Lehman,Ken Lehman,BAL,Orioles,2,P,14.0,62.0,0.426844984292984,-0.1440349519252777,0.2828100323677063
1009963,Phil Paine,Phil Paine,STL,Cardinals,28,P,8.0,73.3333,0.23973065614700317,0.03129062056541443,0.2710212767124176
1006959,Fred Kipp,Fred Kipp,LAD,Dodgers,22,P,37.0,102.3333,0.15637516975402832,0.11097525805234909,0.2673504278063774
1014466,George Zuverink,George Zuverink,BAL,Orioles,2,P,10.0,69.0,0.15136593580245972,0.11136265099048615,0.26272858679294586
1010766,Howie Reed,Howie Reed,KCA,Athletics,10,P,4.0,10.3333,0.24985769391059875,0.011654995381832123,0.2615126892924309
1012880,Joe Taylor,Joe Taylor,- - -,- - -,0,RF,111.0,,,0.26099771820008755,0.26099771820008755
1010588,Tom Qualters,Tom Qualters,- - -,- - -,0,P,4.0,45.0,0.20242207450792193,0.05268339440226555,0.2551054689101875
1001510,Dick Brown,Dick Brown,CLE,Indians,5,C,193.0,,,0.2538049519062042,0.2538049519062042
1005349,Carroll Hardy,Carroll Hardy,CLE,Indians,5,CF,58.0,,,0.25061720609664917,0.25061720609664917
1002723,Roger Craig,Roger Craig,LAD,Dodgers,22,P,10.0,32.0,0.3667287826538086,-0.11759310960769653,0.24913567304611206
1007108,Joe Koppe,Joe Koppe,MIL,Braves,16,SS,10.0,,,0.2384939342737198,0.2384939342737198
1001788,John Buzhardt,John Buzhardt,CHC,Cubs,17,P,8.0,24.3333,0.2995445728302002,-0.061705898493528366,0.23783867433667183
1001462,Dick Brodowski,Dick Brodowski,CLE,Indians,5,P,1.0,10.0,0.25164568424224854,-0.015972141176462173,0.23567354306578636
1010722,Curt Raydon,Curt Raydon,PIT,Pirates,27,P,48.0,134.3333,0.577525794506073,-0.34334075450897217,0.23418503999710083
1009628,Irv Noren,Irv Noren,STL,Cardinals,28,LF,196.0,,,0.22495679557323456,0.22495679557323456
1008441,Lindy McDaniel,Lindy McDaniel,STL,Cardinals,28,P,32.0,108.6666,0.622742235660553,-0.39807435870170593,0.22466787695884705
1001700,Wally Burnette,Wally Burnette,KCA,Athletics,10,P,8.0,28.3333,0.2025870531797409,0.0198792926967144,0.2224663458764553
1002825,George Crowe,George Crowe,CIN,Redlegs,18,1B,392.0,,,0.21967165172100067,0.21967165172100067
1001189,Ray Boone,Ray Boone,- - -,- - -,0,1B,401.0,,,0.21123456954956055,0.21123456954956055
1005724,Pancho Herrera,Pancho Herrera,PHI,Phillies,26,1B/3B,72.0,,,0.2076466977596283,0.2076466977596283
1006558,Gordon Jones,Gordon Jones,SFG,Giants,30,P,7.0,30.3333,0.32219398021698,-0.1174834668636322,0.20471051335334778
1005556,Jim Hearn,Jim Hearn,PHI,Phillies,26,P,15.0,73.3333,0.40064355731010437,-0.19755081832408905,0.20309273898601532
1012096,Bill Smith,Bill Smith,STL,Cardinals,28,P,2.0,9.6666,0.23516738414764404,-0.03483526036143303,0.200332123786211
1012267,Marcelino Solis,Marcelino Solis,CHC,Cubs,17,P,21.0,52.0,0.0871501937508583,0.10512594133615494,0.19227613508701324
1012019,Dave Sisler,Dave Sisler,BOS,Red Sox,3,P,60.0,149.3333,0.12344054132699966,0.06690410524606705,0.1903446465730667
1007196,Johnny Kucks,Johnny Kucks,NYY,Yankees,9,P,49.0,126.0,0.2544633448123932,-0.0691143050789833,0.18534903973340988
1002505,Bob Conley,Bob Conley,PHI,Phillies,26,P,2.0,8.3333,0.21117043495178223,-0.0341169647872448,0.17705347016453743
1000045,Bobby Adams,Bobby Adams,CHC,Cubs,17,1B/2B/3B,105.0,,,0.1759578436613083,0.1759578436613083
1001789,Bud Byerly,Bud Byerly,- - -,- - -,0,P,6.0,54.3333,0.2753541171550751,-0.1001758836209774,0.17517823353409767
1006286,Ray Jablonski,Ray Jablonski,SFG,Giants,30,3B,251.0,,,0.17138147354125977,0.17138147354125977
1010360,Vada Pinson,Vada Pinson,CIN,Redlegs,18,RF,110.0,,,0.17123135924339294,0.17123135924339294
1010903,Bobby Richardson,Bobby Richardson,NYY,Yankees,9,2B,195.0,,,0.16903872787952423,0.16903872787952423
1012322,George Spencer,George Spencer,DET,Tigers,6,P,,10.0,0.16763146221637726,0.0,0.16763146221637726
1009560,Dolan Nichols,Dolan Nichols,CHC,Cubs,17,P,5.0,41.3333,0.25105586647987366,-0.08524293452501297,0.1658129319548607
1013855,Bill White,Bill White,SFG,Giants,30,1B,36.0,,,0.16309237480163574,0.16309237480163574
1013198,Bob Trowbridge,Bob Trowbridge,MIL,Braves,16,P,10.0,55.0,0.23759490251541138,-0.07788422703742981,0.15971067547798157
1011068,Humberto Robinson,Humberto Robinson,MIL,Braves,16,P,8.0,41.6666,0.09672768414020538,0.06266593188047409,0.15939361602067947
1003833,Chuck Essegian,Chuck Essegian,PHI,Phillies,26,LF,128.0,,,0.15912967920303345,0.15912967920303345
1007629,Charlie Lindstrom,Chuck Lindstrom,CHW,White Sox,4,C,2.0,,,0.1498110145330429,0.1498110145330429
1011617,Al Schroll,Al Schroll,BOS,Red Sox,3,P,1.0,10.0,0.073020339012146,0.0578450970351696,0.1308654360473156
1012308,Bob Speake,Bob Speake,SFG,Giants,30,LF,84.0,,,0.13049553334712982,0.13049553334712982
1004654,Bob Giallombardo,Bob Giallombardo,LAD,Dodgers,22,P,9.0,26.3333,0.173027902841568,-0.046429213136434555,0.12659868970513344
1004190,Gene Fodge,Gene Fodge,CHC,Cubs,17,P,9.0,39.6666,0.21212095022201538,-0.08785153180360794,0.12426941841840744
1012943,Moe Thacker,Moe Thacker,CHC,Cubs,17,C,26.0,,,0.1193089708685875,0.1193089708685875
1006932,Jim King,Jim King,SFG,Giants,30,RF/LF,67.0,,,0.11565017700195312,0.11565017700195312
1013050,Bob Thurman,Bob Thurman,CIN,Redlegs,18,LF,203.0,,,0.11080395430326462,0.11080395430326462
1005522,Gene Hayden,Lefty Hayden,CIN,Redlegs,18,P,,3.6666,0.11031784862279892,0.0,0.11031784862279892
1001349,Jackie Brandt,Jackie Brandt,SFG,Giants,30,LF,59.0,,,0.10942022502422333,0.10942022502422333
1008279,Ralph Mauriello,Ralph Mauriello,LAD,Dodgers,22,P,4.0,11.6666,0.17884688079357147,-0.07036781311035156,0.10847906768321991
1005304,Harry Hanebrink,Harry Hanebrink,MIL,Braves,16,LF,150.0,,,0.10748376697301865,0.10748376697301865
1008296,Ed Mayer,Ed Mayer,CHC,Cubs,17,P,5.0,23.6666,0.11256930977106094,-0.01056013721972704,0.1020091725513339
1009897,Jim O'Toole,Jim O'Toole,CIN,Redlegs,18,P,2.0,7.0,0.1356683224439621,-0.035045985132455826,0.10062233731150627
1013203,Virgil Trucks,Virgil Trucks,- - -,- - -,0,P,9.0,61.6666,0.09183039143681526,0.00789608620107174,0.099726477637887
1001736,Ellis Burton,Ellis Burton,STL,Cardinals,28,RF/LF,34.0,,,0.09856671839952469,0.09856671839952469
1003035,Bob Davis,Bob Davis,KCA,Athletics,10,P,7.0,31.0,0.11637654900550842,-0.0284639373421669,0.08791261166334152
1012009,Elmer Singleton,Elmer Singleton,CHC,Cubs,17,P,1.0,4.6666,0.10322586447000504,-0.017048589885234833,0.0861772745847702
1001688,Leo Burke,Leo Burke,BAL,Orioles,2,3B/RF/CF/LF,12.0,,,0.08214130997657776,0.08214130997657776
1011589,Willard Schmidt,Willard Schmidt,CIN,Redlegs,18,P,13.0,69.3333,0.16417092084884644,-0.08374752104282379,0.08042339980602264
1003191,John DeMerit,John DeMerit,MIL,Braves,16,RF/CF,3.0,,,0.0751836895942688,0.0751836895942688
1009449,Hal Naragon,Hal Naragon,CLE,Indians,5,PH/PR,9.0,,,0.07391228526830673,0.07391228526830673
1003907,Ron Fairly,Ron Fairly,LAD,Dodgers,22,CF/LF,60.0,,,0.07366906106472015,0.07366906106472015
1004742,Joe Ginsberg,Joe Ginsberg,BAL,Orioles,2,C,126.0,,,0.07050788402557373,0.07050788402557373
1005005,Lenny Green,Lenny Green,BAL,Orioles,2,CF/LF,102.0,,,0.06960155814886093,0.06960155814886093
1003425,Dutch Dotterer,Dutch Dotterer,CIN,Redlegs,18,C,30.0,,,0.06565753370523453,0.06565753370523453
1004941,Alex Grammas,Alex Grammas,CIN,Redlegs,18,3B/SS,259.0,,,0.06260033696889877,0.06260033696889877
1002435,Chuck Coles,Chuck Coles,CIN,Redlegs,18,CF/LF,13.0,,,0.06114288046956062,0.06114288046956062
1002029,Jerry Casale,Jerry Casale,BOS,Red Sox,3,P,,3.0,0.05987490341067314,0.0,0.05987490341067314
1008629,Don McMahon,Don McMahon,MIL,Braves,16,P,12.0,58.6666,0.03990607708692551,0.015656566247344017,0.055562643334269524
1000709,Charlie Beamon,Charlie Beamon,BAL,Orioles,2,P,12.0,49.6666,0.17922426760196686,-0.12386642396450043,0.05535784363746643
1006439,Darrell Johnson,Darrell Johnson,NYY,Yankees,9,C,16.0,,,0.05485222116112709,0.05485222116112709
1008452,Danny McDevitt,Danny McDevitt,LAD,Dodgers,22,P,15.0,48.3333,0.13528749346733093,-0.08310787379741669,0.052179619669914246
1010454,Jay Porter,Jay Porter,CLE,Indians,5,C,96.0,,,0.050828494131565094,0.050828494131565094
1010229,Hardy Peterson,Hardy Peterson,PIT,Pirates,27,C,7.0,,,0.04963143542408943,0.04963143542408943
1013027,Tim Thompson,Tim Thompson,DET,Tigers,6,C,9.0,,,0.04889664053916931,0.04889664053916931
1013964,Bob Will,Bob Will,CHC,Cubs,17,RF,6.0,,,0.043696463108062744,0.043696463108062744
1000534,Curt Barclay,Curt Barclay,SFG,Giants,30,P,6.0,16.0,-0.21947425603866577,0.26084277033805847,0.0413685142993927
1006448,Don Johnson,Don Johnson,SFG,Giants,30,P,3.0,23.0,0.08615283668041229,-0.05035005509853363,0.03580278158187866
1011002,Jim Rivera,Jim Rivera,CHW,White Sox,4,RF/LF,309.0,,,0.033721525222063065,0.033721525222063065
1008568,Stover McIlwain,Stover McIlwain,CHW,White Sox,4,P,1.0,4.0,0.04870225116610527,-0.015992365777492523,0.03270988538861275
1012832,Willie Tasby,Willie Tasby,BAL,Orioles,2,RF/CF/LF,58.0,,,0.03262687101960182,0.03262687101960182
1009024,Ron Moeller,Ron Moeller,BAL,Orioles,2,P,,4.3333,0.032426025718450546,0.0,0.032426025718450546
1012858,Bill Taylor,Bill Taylor,DET,Tigers,6,RF,8.0,,,0.030407259240746498,0.030407259240746498
1011165,John Romano,Johnny Romano,CHW,White Sox,4,C,8.0,,,0.03024255484342575,0.03024255484342575
1006094,Dixie Howell,Dixie Howell,CHW,White Sox,4,P,,1.6665999999999999,0.029187127947807312,0.0,0.029187127947807312
1010842,Rip Repulski,Rip Repulski,PHI,Phillies,26,RF/LF,262.0,,,0.028449004516005516,0.028449004516005516
1008219,Hank Mason,Hank Mason,PHI,Phillies,26,P,2.0,5.0,0.06209177523851395,-0.0341169647872448,0.02797481045126915
1002200,Nelson Chittum,Nelson Chittum,STL,Cardinals,28,P,4.0,29.3333,0.01929655857384205,0.005012292414903641,0.02430885098874569
1013208,John Tsitouris,John Tsitouris,KCA,Athletics,10,P,1.0,3.0,0.04004396125674248,-0.01650742068886757,0.02353654056787491
1006924,Chick King,Chick King,CHC,Cubs,17,CF,11.0,,,0.021944278851151466,0.021944278851151466
1001430,Harry Bright,Harry Bright,PIT,Pirates,27,3B,26.0,,,0.016580918803811073,0.016580918803811073
1007000,Lou Klimchock,Lou Klimchock,KCA,Athletics,10,2B,10.0,,,0.016272811219096184,0.016272811219096184
1009251,Les Moss,Les Moss,CHW,White Sox,4,PH/PR,2.0,,,0.01161181554198265,0.01161181554198265
1005171,Eddie Haas,Eddie Haas,MIL,Braves,16,RF/CF,16.0,,,0.010690541937947273,0.010690541937947273
1000379,Earl Averill,Earl Averill,CLE,Indians,5,3B,60.0,,,0.010628989897668362,0.010628989897668362
1008184,Morrie Martin,Morrie Martin,- - -,- - -,0,P,5.0,43.3332,0.09458855167031288,-0.08708814531564713,0.007500406354665756
1010108,Albie Pearson,Albie Pearson,WAS,Senators,8,CF,610.0,,,0.007406158372759819,0.007406158372759819
1007013,Johnny Klippstein,Johnny Klippstein,- - -,- - -,0,P,30.0,123.0,0.3687928318977356,-0.36474690586328506,0.004045926034450531
1013191,Hal Trosky,Hal Trosky,CHW,White Sox,4,P,,3.0,0.0035205166786909103,0.0,0.0035205166786909103
1003601,Carl Duser,Carl Duser,KCA,Athletics,10,P,,2.0,0.002848165575414896,0.0,0.002848165575414896
1010156,Jim Pendleton,Jim Pendleton,PIT,Pirates,27,PH/PR,3.0,,,0.00218638451769948,0.00218638451769948
1001415,Fritz Brickell,Fritz Brickell,NYY,Yankees,9,2B,,,,0.0010856500593945384,0.0010856500593945384
1001021,Ron Blackburn,Ron Blackburn,PIT,Pirates,27,P,8.0,63.6666,-0.10716743022203445,0.10808400809764862,0.0009165778756141663
1003976,Jack Feller,Jack Feller,DET,Tigers,6,C,,,,0.0007237656391225755,0.0007237656391225755
1012937,Nick Testa,Nick Testa,SFG,Giants,30,C,,,,0.0007237656391225755,0.0007237656391225755
1012978,George Thomas,George Thomas,DET,Tigers,6,RF,,,,-0.000579012674279511,-0.000579012674279511
1007300,Hobie Landrith,Hobie Landrith,STL,Cardinals,28,C,171.0,,,-0.0008022183319553733,-0.0008022183319553733
1014089,Jim Wilson,Jim Wilson,CHW,White Sox,4,P,60.0,155.6666,0.3233306109905243,-0.3243449032306671,-0.0010142922401428223
1012821,Chuck Tanner,Chuck Tanner,CHC,Cubs,17,RF,112.0,,,-0.0030395109206438065,-0.0030395109206438065
1000721,Ted Beard,Ted Beard,CHW,White Sox,4,CF/LF,28.0,,,-0.0035150793846696615,-0.0035150793846696615
1013238,Bill Tuttle,Bill Tuttle,KCA,Athletics,10,RF/CF,594.0,,,-0.0053713684901595116,-0.0053713684901595116
1008448,Mickey McDermott,Mickey McDermott,DET,Tigers,6,P,3.0,2.0,-0.030785007402300835,0.0250307135283947,-0.0057542938739061356
1011285,Don Rudolph,Don Rudolph,CHW,White Sox,4,P,,7.0,-0.011777452193200588,0.0,-0.011777452193200588
1014072,Duane Wilson,Duane Wilson,BOS,Red Sox,3,P,2.0,6.3333,0.020384546369314194,-0.0336754247546196,-0.013290878385305405
1009697,Johnny O'Brien,Johnny O'Brien,- - -,- - -,0,SS,4.0,2.0,0.0176070686429739,-0.03367287013679743,-0.01606580149382353
1004350,Jim Fridley,Jim Fridley,CIN,Redlegs,18,LF,9.0,,,-0.017604278400540352,-0.017604278400540352
1011205,Bob Roselli,Bob Roselli,MIL,Braves,16,PH/PR,1.0,,,-0.023448659107089043,-0.023448659107089043
1004921,Milt Graff,Milt Graff,KCA,Athletics,10,2B,1.0,,,-0.02351047843694687,-0.02351047843694687
1009172,Bobby Morgan,Bobby Morgan,CHC,Cubs,17,PH/PR,1.0,,,-0.02441352978348732,-0.02441352978348732
1001694,Mack Burk,Mack Burk,PHI,Phillies,26,PH/PR,1.0,,,-0.024423424154520035,-0.024423424154520035
1009923,Jim Owens,Jim Owens,PHI,Phillies,26,P,3.0,7.0,-0.03924994170665741,0.009789107367396355,-0.029460834339261055
1004319,Hersh Freeman,Hersh Freeman,- - -,- - -,0,P,2.0,20.6666,0.003179803490638733,-0.034571582451462746,-0.03139177896082401
1006921,Jerry Kindall,Jerry Kindall,CHC,Cubs,17,2B,6.0,,,-0.03315488249063492,-0.03315488249063492
1009737,Chuck Oertel,Chuck Oertel,BAL,Orioles,2,RF/LF,13.0,,,-0.03506896272301674,-0.03506896272301674
1013562,Murray Wall,Murray Wall,BOS,Red Sox,3,P,28.0,114.3333,0.2117411494255066,-0.24740749597549438,-0.03566634654998779
1008862,Don Miles,Don Miles,LAD,Dodgers,22,LF,23.0,,,-0.03708726540207863,-0.03708726540207863
1000101,Joe Albanese,Joe Albanese,WAS,Senators,8,P,,6.0,-0.03999067097902298,0.0,-0.03999067097902298
1014464,Frank Zupo,Frank Zupo,BAL,Orioles,2,C,2.0,,,-0.04308021441102028,-0.04308021441102028
1004066,Bill Fischer,Bill Fischer,- - -,- - -,0,P,17.0,87.9999,-0.1094491183757782,0.06555104721337557,-0.04389807116240263
1013992,Don Williams,Don Williams,PIT,Pirates,27,P,,4.0,-0.0444251112639904,0.0,-0.0444251112639904
1002043,Norm Cash,Norm Cash,CHW,White Sox,4,RF/LF,8.0,,,-0.04501998797059059,-0.04501998797059059
1001207,Steve Boros,Steve Boros,DET,Tigers,6,2B,2.0,,,-0.046383749693632126,-0.046383749693632126
1004111,John Fitzgerald,John Fitzgerald,SFG,Giants,30,P,1.0,3.0,-0.030526310205459595,-0.016783352941274643,-0.04730966314673424
1009867,Bobo Osborne,Bobo Osborne,DET,Tigers,6,PH/PR,2.0,,,-0.04783128201961517,-0.04783128201961517
1008223,Gordon Massa,Gordon Massa,CHC,Cubs,17,PH/PR,2.0,,,-0.04882705956697464,-0.04882705956697464
1012493,Gene Stephens,Gene Stephens,BOS,Red Sox,3,LF,295.0,,,-0.04953151196241379,-0.04953151196241379
1000192,George Alusik,George Alusik,DET,Tigers,6,LF,2.0,,,-0.04956832155585289,-0.04956832155585289
1014065,Bob Wilson,Bob Wilson,LAD,Dodgers,22,RF,5.0,,,-0.05299672484397888,-0.05299672484397888
1004052,Jim Finigan,Jim Finigan,SFG,Giants,30,2B/3B,29.0,,,-0.05315287783741951,-0.05315287783741951
1010776,Pee Wee Reese,Pee Wee Reese,LAD,Dodgers,22,3B/SS,181.0,,,-0.05529292672872543,-0.05529292672872543
1013923,Franklin Wieand,Ted Wieand,CIN,Redlegs,18,P,,2.0,-0.05688554048538208,0.0,-0.05688554048538208
1003172,Bobby Del Greco,Bobby Del Greco,NYY,Yankees,9,LF,6.0,,,-0.05937640741467476,-0.05937640741467476
1010950,Steve Ridzik,Steve Ridzik,CLE,Indians,5,P,1.0,8.6666,-0.043714556843042374,-0.015972141176462173,-0.05968669801950455
1007148,Danny Kravitz,Danny Kravitz,PIT,Pirates,27,C,112.0,,,-0.05986159294843674,-0.05986159294843674
1005746,Whitey Herzog,Whitey Herzog,- - -,- - -,0,1B/LF,119.0,,,-0.06490943394601345,-0.06490943394601345
1012065,Lou Sleater,Lou Sleater,- - -,- - -,0,P,7.0,12.333300000000001,-0.12952470779418945,0.06387469172477722,-0.06565001606941223
1012075,Jim Small,Jim Small,KCA,Athletics,10,RF,5.0,,,-0.06566747277975082,-0.06566747277975082
1005661,Bobby Henrich,Bobby Henrich,CIN,Redlegs,18,SS,3.0,,,-0.06814990937709808,-0.06814990937709808
1006080,Frank Howard,Frank Howard,LAD,Dodgers,22,RF/LF,30.0,,,-0.06856183707714081,-0.06856183707714081
1011513,Johnny Schaive,Johnny Schaive,WAS,Senators,8,2B,25.0,,,-0.07028088718652725,-0.07028088718652725
1004415,Gabe Gabler,Gabe Gabler,CHC,Cubs,17,PH/PR,3.0,,,-0.07324058562517166,-0.07324058562517166
1014417,Dom Zanni,Dom Zanni,SFG,Giants,30,P,2.0,4.0,-0.04374784603714943,-0.033566705882549286,-0.07731455191969872
1004908,Rod Graber,Rod Graber,CLE,Indians,5,CF,9.0,,,-0.07811012864112854,-0.07811012864112854
1013623,Preston Ward,Preston Ward,- - -,- - -,0,1B/3B,464.0,,,-0.07979989051818848,-0.07979989051818848
1003754,Dick Ellsworth,Dick Ellsworth,CHC,Cubs,17,P,1.0,2.3333,-0.064620241522789,-0.017048589885234833,-0.08166883140802383
1007379,Charlie Lau,Charlie Lau,DET,Tigers,6,C,82.0,,,-0.08279591798782349,-0.08279591798782349
1007644,Michael LiPetri,Angelo Lipetri,PHI,Phillies,26,P,,4.0,-0.0846015140414238,0.0,-0.0846015140414238
1006351,Johnny James,Johnny James,NYY,Yankees,9,P,1.0,3.0,-0.07135147601366043,-0.015620265156030655,-0.08697174116969109
1002228,Chuck Churn,Chuck Churn,CLE,Indians,5,P,,8.6666,-0.0909167006611824,0.0,-0.0909167006611824
1012876,Hawk Taylor,Hawk Taylor,MIL,Braves,16,LF,8.0,,,-0.0936599150300026,-0.0936599150300026
1002716,Walt Craddock,Walt Craddock,KCA,Athletics,10,P,2.0,36.6666,-0.06291994452476501,-0.03301484137773514,-0.09593478590250015
1012249,Jerry Snyder,Jerry Snyder,WAS,Senators,8,2B/SS,10.0,,,-0.09752767533063889,-0.09752767533063889
1007545,Ted Lepcio,Ted Lepcio,BOS,Red Sox,3,2B,149.0,,,-0.09838186204433441,-0.09838186204433441
1009159,Danny Morejon,Danny Morejon,CIN,Redlegs,18,RF/CF,37.0,,,-0.10367237776517868,-0.10367237776517868
1002701,Glenn Cox,Glenn Cox,KCA,Athletics,10,P,1.0,3.6666,-0.15177540481090546,0.04445713758468628,-0.10731826722621918
1005290,Bert Hamric,Bert Hamric,BAL,Orioles,2,PH/PR,8.0,,,-0.1092182993888855,-0.1092182993888855
1011062,Earl Robinson,Earl Robinson,LAD,Dodgers,22,3B,16.0,,,-0.11114532500505447,-0.11114532500505447
1005182,Warren Hacker,Warren Hacker,PHI,Phillies,26,P,1.0,17.0,-0.09517180174589157,-0.0170584823936224,-0.11223028413951397
1009690,Eddie O'Brien,Eddie O'Brien,PIT,Pirates,27,P,,2.0,-0.11717113107442856,0.0,-0.11717113107442856
1003814,Frank Ernaga,Frank Ernaga,CHC,Cubs,17,PH/PR,8.0,,,-0.12062542885541916,-0.12062542885541916
1001144,Jim Bolger,Jim Bolger,CHC,Cubs,17,LF,131.0,,,-0.12197652459144592,-0.12197652459144592
1006456,Footer Johnson,Footer Johnson,CHC,Cubs,17,PH/PR,5.0,,,-0.1220676377415657,-0.1220676377415657
1007661,Dick Littlefield,Dick Littlefield,MIL,Braves,16,P,,6.3333,-0.12258762866258621,0.0,-0.12258762866258621
1008443,Von McDaniel,Von McDaniel,STL,Cardinals,28,P,1.0,2.0,-0.10574321448802948,-0.017417630180716515,-0.123160844668746
1005187,Kent Hadley,Kent Hadley,KCA,Athletics,10,1B,11.0,,,-0.12553435564041138,-0.12553435564041138
1010181,George Perez,George Perez,PIT,Pirates,27,P,2.0,8.3333,-0.09435438364744186,-0.0336010716855526,-0.12795545533299446
1009286,Billy Muffett,Billy Muffett,STL,Cardinals,28,P,22.0,84.0,-0.15346349775791168,0.0237259641289711,-0.12973753362894058
1011883,Larry Sherry,Larry Sherry,LAD,Dodgers,22,P,,4.3333,-0.13018964231014252,0.0,-0.13018964231014252
1010626,Charlie Rabe,Charlie Rabe,CIN,Redlegs,18,P,4.0,18.6666,-0.06034693866968155,-0.07009197026491165,-0.1304389089345932
1011907,Joe Shipley,Joe Shipley,SFG,Giants,30,P,,1.3333,-0.13722652196884155,0.0,-0.13722652196884155
1007699,Billy Loes,Billy Loes,BAL,Orioles,2,P,35.0,114.0,0.17930705845355988,-0.31970199942588806,-0.14039494097232819
1004136,Tom Flanigan,Tom Flanigan,STL,Cardinals,28,P,,1.0,-0.1423884481191635,0.0,-0.1423884481191635
1012077,Roy Smalley,Roy Smalley,PHI,Phillies,26,SS,2.0,,,-0.14450424909591675,-0.14450424909591675
1008756,Dave Melton,Dave Melton,KCA,Athletics,10,LF,6.0,,,-0.14497119188308716,-0.14497119188308716
1005999,Jay Hook,Jay Hook,CIN,Redlegs,18,P,1.0,3.0,-0.13060879707336426,-0.017522992566227913,-0.14813178963959217
1011475,Carl Sawatski,Carl Sawatski,- - -,- - -,0,C,216.0,,,-0.15124212950468063,-0.15124212950468063
1013322,Benny Valenzuela,Benny Valenzuela,STL,Cardinals,28,3B,15.0,,,-0.15433906018733978,-0.15433906018733978
1002968,Bennie Daniels,Bennie Daniels,PIT,Pirates,27,P,8.0,27.6666,-0.09723833203315735,-0.05972147360444069,-0.15695980563759804
1010894,Del Rice,Del Rice,MIL,Braves,16,C,132.0,,,-0.15743228793144226,-0.15743228793144226
1007453,Don Lee,Don Lee,DET,Tigers,6,P,,2.0,-0.15807826817035675,0.0,-0.15807826817035675
1002403,Jimmie Coker,Jimmie Coker,PHI,Phillies,26,C,6.0,,,-0.15955372154712677,-0.15955372154712677
1006795,Bob Kelly,Bob Kelly,- - -,- - -,0,P,5.0,29.6666,-0.21317002177238464,0.0531485378742218,-0.16002148389816284
1012826,El Tappe,El Tappe,CHC,Cubs,17,C,32.0,,,-0.1606006920337677,-0.1606006920337677
1006905,Harmon Killebrew,Harmon Killebrew,WAS,Senators,8,3B,33.0,,,-0.16618578135967255,-0.16618578135967255
1012189,Paul Smith,Paul Smith,- - -,- - -,0,1B,29.0,,,-0.17228955030441284,-0.17228955030441284
1006477,Ken Johnson,Ken Johnson,KCA,Athletics,10,P,,2.3333,-0.17400909960269928,0.0,-0.17400909960269928
1006713,Ray Katt,Ray Katt,STL,Cardinals,28,C,47.0,,,-0.1910267025232315,-0.1910267025232315
1012040,Lou Skizas,Lou Skizas,DET,Tigers,6,3B/LF,38.0,,,-0.19735322892665863,-0.19735322892665863
1012362,Jack Spring,Jack Spring,WAS,Senators,8,P,2.0,7.0,-0.17706340551376343,-0.032825034111738205,-0.20988843962550163
1006305,Lou Jackson,Lou Jackson,CHC,Cubs,17,RF/CF/LF,36.0,,,-0.21336302161216736,-0.21336302161216736
1000038,Jerry Adair,Jerry Adair,BAL,Orioles,2,SS,20.0,,,-0.21659618616104126,-0.21659618616104126
1008326,Jim McAnany,Jim McAnany,CHW,White Sox,4,RF,13.0,,,-0.21927832067012787,-0.21927832067012787
1011819,Bob Shaw,Bob Shaw,- - -,- - -,0,P,26.0,90.6666,-0.25632429122924805,0.03652763366699219,-0.21979665756225586
1013523,Jerry Walker,Jerry Walker,BAL,Orioles,2,P,2.0,10.3333,-0.18878142535686493,-0.0312453955411911,-0.22002682089805603
1011601,Dick Schofield,Dick Schofield,- - -,- - -,0,SS,164.0,,,-0.22298941132612526,-0.22298941132612526
1002302,Phil Clark,Phil Clark,STL,Cardinals,28,P,1.0,7.6666,-0.21218407154083252,-0.017417630180716515,-0.22960170172154903
1000917,Reno Bertoia,Reno Bertoia,DET,Tigers,6,3B,273.0,,,-0.23008686304092407,-0.23008686304092407
1011095,Andre Rodgers,Andre Rodgers,SFG,Giants,30,SS,70.0,,,-0.2334870845079422,-0.2334870845079422
1008464,Jim McDonald,Jim McDonald,CHW,White Sox,4,P,,2.3333,-0.24418582022190094,0.0,-0.24418582022190094
1013929,Bob Wiesler,Bob Wiesler,WAS,Senators,8,P,2.0,9.3333,-0.21226738393306732,-0.032825034111738205,-0.24509241804480553
1010656,Larry Raines,Larry Raines,CLE,Indians,5,2B,9.0,,,-0.24626925587654114,-0.24626925587654114
1011105,Freddy Rodriguez,Freddy Rodriguez,CHC,Cubs,17,P,1.0,7.3333,-0.24758577346801758,-0.017048589885234833,-0.2646343633532524
1000564,Frank Barnes,Frank Barnes,STL,Cardinals,28,P,6.0,19.0,-0.19511373341083527,-0.07148672640323639,-0.26660045981407166
1011118,Ed Roebuck,Ed Roebuck,LAD,Dodgers,22,P,4.0,44.0,-0.381270170211792,0.1104036197066307,-0.2708665505051613
1008020,Bobby Malkmus,Bobby Malkmus,WAS,Senators,8,2B,74.0,,,-0.271192729473114,-0.271192729473114
1008081,Felix Mantilla,Felix Mantilla,MIL,Braves,16,2B/CF,252.0,,,-0.27260130643844604,-0.27260130643844604
1002469,Jackie Collum,Jackie Collum,LAD,Dodgers,22,P,1.0,3.3333,-0.257526159286499,-0.01759195327758789,-0.2751181125640869
1010349,Al Pilarcik,Al Pilarcik,BAL,Orioles,2,RF/CF,430.0,,,-0.27606335282325745,-0.27606335282325745
1001718,Pete Burnside,Pete Burnside,SFG,Giants,30,P,,10.6666,-0.28157973289489746,0.0,-0.28157973289489746
1000922,Don Bessent,Don Bessent,LAD,Dodgers,22,P,3.0,24.3333,-0.2419499307870865,-0.05277586355805397,-0.29472579434514046
1012836,Lee Tate,Lee Tate,STL,Cardinals,28,SS,39.0,,,-0.2959946393966675,-0.2959946393966675
1012101,Bob Smith,Bob Smith,PIT,Pirates,27,P,12.0,61.0,-0.17000176012516022,-0.12692362070083618,-0.2969253808259964
1007517,Bob Lemon,Bob Lemon,CLE,Indians,5,P,14.0,25.3333,-0.35587579011917114,0.05876491218805313,-0.297110877931118
1005489,Fred Hatfield,Fred Hatfield,- - -,- - -,0,2B/3B,10.0,,,-0.2988002169877291,-0.2988002169877291
1000166,Bob Allison,Bob Allison,WAS,Senators,8,CF,37.0,,,-0.3023878335952759,-0.3023878335952759
1014152,Casey Wise,Casey Wise,MIL,Braves,16,2B/SS,76.0,,,-0.3069627583026886,-0.3069627583026886
1000233,John Anderson,John Anderson,PHI,Phillies,26,P,4.0,16.0,-0.29738306999206543,-0.009907501749694347,-0.3072905717417598
1001149,Milt Bolling,Milt Bolling,DET,Tigers,6,SS,37.0,,,-0.30879321694374084,-0.30879321694374084
1003474,Moe Drabowsky,Moe Drabowsky,CHC,Cubs,17,P,48.0,125.6666,-0.08672107011079788,-0.22730176150798798,-0.31402283161878586
1010500,John Powers,John Powers,PIT,Pirates,27,RF,90.0,,,-0.3178931474685669,-0.3178931474685669
1012102,Bobby Gene Smith,Bobby Gene Smith,STL,Cardinals,28,CF,92.0,,,-0.34119775891304016,-0.34119775891304016
1003805,Don Erickson,Don Erickson,PHI,Phillies,26,P,1.0,11.6666,-0.32416093349456787,-0.0170584823936224,-0.34121941588819027
1012892,Tony Taylor,Tony Taylor,CHC,Cubs,17,2B,555.0,,,-0.34686458110809326,-0.34686458110809326
1005540,Bob Hazle,Bob Hazle,- - -,- - -,0,RF/LF,129.0,,,-0.3470933474600315,-0.3470933474600315
1006454,Ernie Johnson,Ernie Johnson,MIL,Braves,16,P,3.0,23.3333,-0.36370420455932617,0.010075274854898453,-0.3536289297044277
1004505,Mike Garcia,Mike Garcia,CLE,Indians,5,P,1.0,8.0,-0.3550018072128296,-0.015972141176462173,-0.37097394838929176
1014364,Bobby Young,Bobby Young,PHI,Phillies,26,2B,68.0,,,-0.37447699904441833,-0.37447699904441833
1004293,Tito Francona,Tito Francona,- - -,- - -,0,RF/LF,226.0,,,-0.37574484199285507,-0.37574484199285507
1007694,Whitey Lockman,Whitey Lockman,SFG,Giants,30,2B/LF,141.0,,,-0.3825134336948395,-0.3825134336948395
1004973,Johnny Gray,Johnny Gray,PHI,Phillies,26,P,1.0,17.3333,-0.36922281980514526,-0.0170584823936224,-0.38628130219876766
1005329,Ron Hansen,Ron Hansen,BAL,Orioles,2,SS,22.0,,,-0.39482763409614563,-0.39482763409614563
1008140,Jim Marshall,Jim Marshall,- - -,- - -,0,1B,305.0,,,-0.40406835079193115,-0.40406835079193115
1005582,Jim Hegan,Jim Hegan,- - -,- - -,0,C,203.0,,,-0.42018478363752365,-0.42018478363752365
1005609,Woodie Held,Woodie Held,- - -,- - -,0,CF,313.0,,,-0.43392422050237656,-0.43392422050237656
1001397,Eddie Bressoud,Eddie Bressoud,SFG,Giants,30,2B,154.0,,,-0.43488678336143494,-0.43488678336143494
1006711,Eddie Kasko,Eddie Kasko,STL,Cardinals,28,SS,283.0,,,-0.44252708554267883,-0.44252708554267883
1000206,Ruben Amaro,Ruben Amaro,STL,Cardinals,28,SS,82.0,,,-0.4536433815956116,-0.4536433815956116
1004612,Jim Gentile,Jim Gentile,LAD,Dodgers,22,1B,34.0,,,-0.46892938017845154,-0.46892938017845154
1012388,Gerry Staley,Gerry Staley,CHW,White Sox,4,P,14.0,85.3333,-0.3082532584667206,-0.161099374294281,-0.4693526327610016
1008854,Eddie Miksis,Eddie Miksis,- - -,- - -,0,RF,61.0,,,-0.4696786031126976,-0.4696786031126976
1012848,Don Taussig,Don Taussig,SFG,Giants,30,RF/LF,53.0,,,-0.47843486070632935,-0.47843486070632935
1004681,Paul Giel,Paul Giel,SFG,Giants,30,P,33.0,92.0,-0.23384970426559448,-0.24827682971954346,-0.48212653398513794
1003193,Don Demeter,Don Demeter,LAD,Dodgers,22,CF/LF,112.0,,,-0.4905014932155609,-0.4905014932155609
1007829,Ralph Lumenti,Ralph Lumenti,WAS,Senators,8,P,8.0,21.0,-0.5108376741409302,0.01806548237800598,-0.4927721917629242
1005056,Hal Griggs,Hal Griggs,WAS,Senators,8,P,44.0,137.0,-0.2235225886106491,-0.27700361609458923,-0.5005262047052383
1003186,Joe Demaestri,Joe DeMaestri,KCA,Athletics,10,SS,468.0,,,-0.5032265782356262,-0.5032265782356262
1009483,Ron Negray,Ron Negray,LAD,Dodgers,22,P,2.0,11.3333,-0.48062780499458313,-0.03518390655517578,-0.5158117115497589
1013532,Rube Walker,Rube Walker,LAD,Dodgers,22,C,50.0,,,-0.523644745349884,-0.523644745349884
1007742,Joe Lonnett,Joe Lonnett,PHI,Phillies,26,C,54.0,,,-0.5275974869728088,-0.5275974869728088
1004107,Ed Fitz Gerald,Ed Fitz Gerald,WAS,Senators,8,C,124.0,,,-0.5399488806724548,-0.5399488806724548
1008991,Willy Miranda,Willy Miranda,BAL,Orioles,2,SS,230.0,,,-0.5451501607894897,-0.5451501607894897
1013933,Bill Wight,Bill Wight,- - -,- - -,0,P,12.0,63.999900000000004,-0.48284583911299706,-0.06395634263753891,-0.546802181750536
1002791,Ray Crone,Ray Crone,SFG,Giants,30,P,2.0,24.0,-0.5403704643249512,-0.033566705882549286,-0.5739371702075005
1009058,Zach Monroe,Zach Monroe,NYY,Yankees,9,P,17.0,58.0,-0.4970226585865021,-0.08477305620908737,-0.5817957147955894
1004520,Billy Gardner,Billy Gardner,BAL,Orioles,2,2B,607.0,,,-0.5905500650405884,-0.5905500650405884
1000198,Ossie Alvarez,Ossie Alvarez,WAS,Senators,8,SS,217.0,,,-0.6262099146842957,-0.6262099146842957
1013046,Faye Throneberry,Faye Throneberry,WAS,Senators,8,RF/CF,94.0,,,-0.626438319683075,-0.626438319683075
1005074,Marv Grissom,Marv Grissom,SFG,Giants,30,P,11.0,65.3333,-0.5137020349502563,-0.12048299610614777,-0.6341850310564041
1006196,Billy Hunter,Billy Hunter,- - -,- - -,0,SS,280.0,,,-0.6567392796278,-0.6567392796278
1006857,Marty Keough,Marty Keough,BOS,Red Sox,3,CF,126.0,,,-0.6722390651702881,-0.6722390651702881
1004204,Dee Fondy,Dee Fondy,CIN,Redlegs,18,1B/RF,131.0,,,-0.7029391527175903,-0.7029391527175903
1013335,Elmer Valo,Elmer Valo,LAD,Dodgers,22,RF/LF,115.0,,,-0.7095760703086853,-0.7095760703086853
1004328,Gene Freese,Gene Freese,- - -,- - -,0,2B/SS,221.0,,,-0.7340380698442459,-0.7340380698442459
1008875,Bob Miller,Bob Miller,PHI,Phillies,26,P,2.0,22.3333,-0.7084771990776062,-0.0341169647872448,-0.742594163864851
1013330,Vito Valentinetti,Vito Valentinetti,- - -,- - -,0,P,31.0,114.3332,-1.015538901090622,0.2718874514102936,-0.7436514496803284
1002545,Billy Consolo,Billy Consolo,BOS,Red Sox,3,2B/SS,78.0,,,-0.7457439303398132,-0.7457439303398132
1012156,Hal Smith,Hal Smith,STL,Cardinals,28,C,238.0,,,-0.7553436160087585,-0.7553436160087585
1003994,Chico Fernandez,Chico Fernandez,PHI,Phillies,26,SS,578.0,,,-0.7694297432899475,-0.7694297432899475
1000760,Julio Becquer,Julio Becquer,WAS,Senators,8,1B,176.0,,,-0.7790659070014954,-0.7790659070014954
1007111,Steve Korcheck,Steve Korcheck,WAS,Senators,8,C,52.0,,,-0.8189120888710022,-0.8189120888710022
1009085,Wally Moon,Wally Moon,STL,Cardinals,28,RF/LF,340.0,,,-0.8199285864830017,-0.8199285864830017
1007968,Sal Maglie,Sal Maglie,- - -,- - -,0,P,25.0,76.33330000000001,-0.8140571936964989,-0.02883278578519821,-0.8428899794816971
1001984,Chico Carrasquel,Chico Carrasquel,- - -,- - -,0,3B/SS,355.0,,,-0.857042208313942,-0.857042208313942
1002072,Foster Castleman,Foster Castleman,BAL,Orioles,2,SS,223.0,,,-0.8755031228065491,-0.8755031228065491
1002221,Neil Chrisley,Neil Chrisley,WAS,Senators,8,RF/LF,251.0,,,-0.9448110461235046,-0.9448110461235046
1009144,Billy Moran,Billy Moran,CLE,Indians,5,2B/SS,279.0,,,-0.9599867463111877,-0.9599867463111877
1010395,Herb Plews,Herb Plews,WAS,Senators,8,2B/3B,401.0,,,-0.9609891772270203,-0.9609891772270203
1003786,Del Ennis,Del Ennis,STL,Cardinals,28,LF,352.0,,,-0.9695466160774231,-0.9695466160774231
1008155,Billy Martin,Billy Martin,DET,Tigers,6,3B/SS,536.0,,,-0.9901916980743408,-0.9901916980743408
1009278,Don Mueller,Don Mueller,CHW,White Sox,4,RF,180.0,,,-1.0250616073608398,-1.0250616073608398
1000342,Ken Aspromonte,Ken Aspromonte,- - -,- - -,0,2B,301.0,,,-1.0934573113918304,-1.0934573113918304
1006986,Billy Klaus,Billy Klaus,BOS,Red Sox,3,SS,93.0,,,-1.105079174041748,-1.105079174041748
1000809,Gus Bell,Gus Bell,CIN,Redlegs,18,CF,433.0,,,-1.1480937004089355,-1.1480937004089355
1000696,Mike Baxes,Mike Baxes,KCA,Athletics,10,2B,257.0,,,-1.1877162456512451,-1.1877162456512451
1006744,Bob Keegan,Bob Keegan,CHW,White Sox,4,P,6.0,29.6666,-1.1198657751083374,-0.09595419466495514,-1.2158199697732925
1006725,Ted Kazanski,Ted Kazanski,PHI,Phillies,26,2B,318.0,,,-1.2689762115478516,-1.2689762115478516
