playerid,playerName,playerNameRoute,abbName,shortName,teamId,pos,PA,IP,pitWAR,batWAR,totalWAR
1009583,Phil Niekro,Phil Niekro,ATL,Braves,16,P,129.0,334.3333,8.645393371582031,0.49527958035469055,9.140672951936722
1005124,Ron Guidry,Ron Guidry,NYY,Yankees,9,P,,273.6666,9.069023132324219,0.0,9.069023132324219
1010897,Jim Rice,Jim Rice,BOS,Red Sox,3,LF/DH,746.0,,,7.741267204284668,7.741267204284668
1009893,Amos Otis,Amos Otis,KCR,Royals,7,CF,567.0,,,7.178122520446777,7.178122520446777
1008246,Jon Matlack,Jon Matlack,TEX,Rangers,13,P,,270.0,6.841328144073486,0.0,6.841328144073486
1010000,Dave Parker,Dave Parker,PIT,Pirates,27,RF,642.0,,,6.8048787117004395,6.8048787117004395
1010913,J.R. Richard,J.R. Richard,HOU,Astros,21,P,107.0,275.3333,6.44854736328125,0.150392085313797,6.598939448595047
1003123,Doug DeCinces,Doug DeCinces,BAL,Orioles,2,3B,561.0,,,6.578343868255615,6.578343868255615
1001830,Mike Caldwell,Mike Caldwell,MIL,Brewers,23,P,,293.3333,6.326767921447754,0.0,6.326767921447754
1009517,Graig Nettles,Graig Nettles,NYY,Yankees,9,3B,662.0,,,6.045570373535156,6.045570373535156
1011986,Ted Simmons,Ted Simmons,STL,Cardinals,28,C,604.0,,,5.858194351196289,5.858194351196289
1001094,Vida Blue,Vida Blue,SFG,Giants,30,P,101.0,258.0,5.566885471343994,0.2584443688392639,5.825329840183258
1002288,Jack Clark,Jack Clark,SFG,Giants,30,RF,657.0,,,5.710975646972656,5.710975646972656
1004101,Carlton Fisk,Carlton Fisk,BOS,Red Sox,3,C,658.0,,,5.710930347442627,5.710930347442627
1002108,Ron Cey,Ron Cey,LAD,Dodgers,22,3B,667.0,,,5.6692962646484375,5.6692962646484375
1012446,John Stearns,John Stearns,NYM,Mets,25,C,563.0,,,5.589199542999268,5.589199542999268
1012078,Roy Smalley,Roy Smalley,MIN,Twins,8,SS,702.0,,,5.5601396560668945,5.5601396560668945
1000505,Sal Bando,Sal Bando,MIL,Brewers,23,3B,629.0,,,5.555522918701172,5.555522918701172
1011586,Mike Schmidt,Mike Schmidt,PHI,Phillies,26,3B,616.0,,,5.473945140838623,5.473945140838623
1004250,George Foster,George Foster,CIN,Reds,18,LF,687.0,,,5.442812919616699,5.442812919616699
1010210,Gaylord Perry,Gaylord Perry,SDP,Padres,29,P,102.0,260.6666,5.853046417236328,-0.4598342776298523,5.393212139606476
1013326,Ellis Valentine,Ellis Valentine,MON,Expos,24,RF,612.0,,,5.3712944984436035,5.3712944984436035
1007855,Greg Luzinski,Greg Luzinski,PHI,Phillies,26,LF,655.0,,,5.351039409637451,5.351039409637451
1006388,Fergie Jenkins,Fergie Jenkins,TEX,Rangers,13,P,,249.0,5.304301738739014,0.0,5.304301738739014
1010694,Willie Randolph,Willie Randolph,NYY,Yankees,9,2B,596.0,,,5.24528694152832,5.24528694152832
1012724,Jim Sundberg,Jim Sundberg,TEX,Rangers,13,C,592.0,,,5.197170257568359,5.197170257568359
1013037,Andre Thornton,Andre Thornton,CLE,Indians,5,1B,617.0,,,5.128684043884277,5.128684043884277
1007750,Davey Lopes,Davey Lopes,LAD,Dodgers,22,2B,665.0,,,5.128476619720459,5.128476619720459
1002015,Gary Carter,Gary Carter,MON,Expos,24,C,607.0,,,5.059672832489014,5.059672832489014
1013014,Jason Thompson,Jason Thompson,DET,Tigers,6,1B,669.0,,,5.0525736808776855,5.0525736808776855
1011348,Nolan Ryan,Nolan Ryan,CAL,Angels,1,P,,234.6666,5.029412269592285,0.0,5.029412269592285
1005858,Larry Hisle,Larry Hisle,MIL,Brewers,23,LF/DH,600.0,,,5.015694618225098,5.015694618225098
1012279,Lary Sorensen,Lary Sorensen,MIL,Brewers,23,P,,280.6666,4.952879905700684,0.0,4.952879905700684
1001731,Jeff Burroughs,Jeff Burroughs,ATL,Braves,16,LF,611.0,,,4.882205009460449,4.882205009460449
1001098,Bert Blyleven,Bert Blyleven,PIT,Pirates,27,P,93.0,243.6666,5.161768913269043,-0.31061768531799316,4.85115122795105
1001400,George Brett,George Brett,KCR,Royals,7,3B,558.0,,,4.841426849365234,4.841426849365234
1004557,Steve Garvey,Steve Garvey,LAD,Dodgers,22,1B,689.0,,,4.824410915374756,4.824410915374756
1012911,Gene Tenace,Gene Tenace,SDP,Padres,29,C/1B,515.0,,,4.808420181274414,4.808420181274414
1002841,Jose Cruz,Jose Cruz,HOU,Astros,21,RF,627.0,,,4.783172130584717,4.783172130584717
1007531,Dennis Leonard,Dennis Leonard,KCR,Royals,7,P,,294.6666,4.703927040100098,0.0,4.703927040100098
1007518,Chet Lemon,Chet Lemon,CHW,White Sox,4,CF,416.0,,,4.649436950683594,4.649436950683594
1007948,Garry Maddox,Garry Maddox,PHI,Phillies,26,CF,645.0,,,4.630451679229736,4.630451679229736
1012201,Reggie Smith,Reggie Smith,LAD,Dodgers,22,RF,531.0,,,4.609372615814209,4.609372615814209
1001243,Larry Bowa,Larry Bowa,PHI,Phillies,26,SS,692.0,,,4.573555946350098,4.573555946350098
1001157,Bobby Bonds,Bobby Bonds,- - -,- - -,0,RF,657.0,,,4.556734383106232,4.556734383106232
1004133,Mike Flanagan,Mike Flanagan,BAL,Orioles,2,P,,281.3333,4.5233588218688965,0.0,4.5233588218688965
1002786,Warren Cromartie,Warren Cromartie,MON,Expos,24,LF,655.0,,,4.5150675773620605,4.5150675773620605
1012011,Ken Singleton,Ken Singleton,BAL,Orioles,2,RF,608.0,,,4.460320472717285,4.460320472717285
1009052,Don Money,Don Money,MIL,Brewers,23,1B/2B,588.0,,,4.442535877227783,4.442535877227783
1010450,Darrell Porter,Darrell Porter,KCR,Royals,7,C,602.0,,,4.4303059577941895,4.4303059577941895
1011708,Tom Seaver,Tom Seaver,CIN,Reds,18,P,95.0,259.6666,4.416157245635986,0.008474311791360378,4.424631557427347
1001942,Rod Carew,Rod Carew,MIN,Twins,8,1B,651.0,,,4.408288478851318,4.408288478851318
1010852,Rick Reuschel,Rick Reuschel,CHC,Cubs,17,P,89.0,242.6666,4.495089054107666,-0.09319890290498734,4.401890151202679
1004818,Dave Goltz,Dave Goltz,MIN,Twins,8,P,,220.3333,4.393150806427002,0.0,4.393150806427002
1009973,Jim Palmer,Jim Palmer,BAL,Orioles,2,P,,296.0,4.365746021270752,0.0,4.365746021270752
1007957,Bill Madlock,Bill Madlock,SFG,Giants,30,2B,509.0,,,4.3589959144592285,4.3589959144592285
1014396,Robin Yount,Robin Yount,MIL,Brewers,23,SS,545.0,,,4.35386848449707,4.35386848449707
1009386,Eddie Murray,Eddie Murray,BAL,Orioles,2,1B,690.0,,,4.329168796539307,4.329168796539307
1014127,Dave Winfield,Dave Winfield,SDP,Padres,29,RF/CF,649.0,,,4.318709373474121,4.318709373474121
1002215,Larry Christenson,Larry Christenson,PHI,Phillies,26,P,78.0,228.0,4.555583477020264,-0.3037562966346741,4.25182718038559
1006582,Randy Jones,Randy Jones,SDP,Padres,29,P,91.0,253.0,4.077309608459473,0.15226218104362488,4.2295717895030975
1003864,Darrell Evans,Darrell Evans,SFG,Giants,30,3B,668.0,,,4.205624580383301,4.205624580383301
1007872,Fred Lynn,Fred Lynn,BOS,Red Sox,3,CF,627.0,,,4.191648006439209,4.191648006439209
1013461,Pete Vuckovich,Pete Vuckovich,STL,Cardinals,28,P,66.0,198.3333,4.316867351531982,-0.16444329917430878,4.152424052357674
1011040,Leon Roberts,Leon Roberts,SEA,Mariners,11,RF,528.0,,,4.142759799957275,4.142759799957275
1006515,Tommy John,Tommy John,LAD,Dodgers,22,P,81.0,213.0,4.282916069030762,-0.14021919667720795,4.142696872353554
1007031,Bob Knepper,Bob Knepper,SFG,Giants,30,P,95.0,260.0,4.539678573608398,-0.453128844499588,4.08654972910881
1000826,Johnny Bench,Johnny Bench,CIN,Reds,18,C,451.0,,,4.036052227020264,4.036052227020264
1003091,Andre Dawson,Andre Dawson,MON,Expos,24,CF,660.0,,,4.034732818603516,4.034732818603516
1003660,Dennis Eckersley,Dennis Eckersley,BOS,Red Sox,3,P,,268.3333,3.9311962127685547,0.0,3.9311962127685547
1003812,Roger Erickson,Roger Erickson,MIN,Twins,8,P,,265.6666,3.895406484603882,0.0,3.895406484603882
1008161,Dennis Martinez,Dennis Martinez,BAL,Orioles,2,P,,276.3333,3.8308351039886475,0.0,3.8308351039886475
1009746,Ben Oglivie,Ben Oglivie,MIL,Brewers,23,LF,527.0,,,3.828395366668701,3.828395366668701
1012754,Craig Swan,Craig Swan,NYM,Mets,25,P,76.0,207.3333,3.8160297870635986,-0.004929397255182266,3.8111003898084164
1002494,Dave Concepcion,Dave Concepcion,CIN,Reds,18,SS,624.0,,,3.777117967605591,3.777117967605591
1001964,Steve Carlton,Steve Carlton,PHI,Phillies,26,P,93.0,247.3333,2.820622205734253,0.9415291547775269,3.76215136051178
1011330,Dick Ruthven,Dick Ruthven,- - -,- - -,0,P,84.0,231.6666,3.438761353492737,0.3151201009750366,3.7538814544677734
1000799,Buddy Bell,Buddy Bell,CLE,Indians,5,3B,606.0,,,3.731689453125,3.731689453125
1007593,Sixto Lezcano,Sixto Lezcano,MIL,Brewers,23,RF,519.0,,,3.7168097496032715,3.7168097496032715
1011061,Don Robinson,Don Robinson,PIT,Pirates,27,P,89.0,228.3333,3.3576087951660156,0.3576536178588867,3.7152624130249023
1001183,Bob Boone,Bob Boone,PHI,Phillies,26,C,495.0,,,3.6950790882110596,3.6950790882110596
1003150,Ivan De Jesus,Ivan DeJesus,CHC,Cubs,17,SS,712.0,,,3.641090154647827,3.641090154647827
1009773,Al Oliver,Al Oliver,TEX,Rangers,13,LF,568.0,,,3.6167149543762207,3.6167149543762207
1014049,Bump Wills,Bump Wills,TEX,Rangers,13,2B,619.0,,,3.590892791748047,3.590892791748047
1005384,Toby Harrah,Toby Harrah,TEX,Rangers,13,3B/SS,547.0,,,3.5840766429901123,3.5840766429901123
1012426,Willie Stargell,Willie Stargell,PIT,Pirates,27,1B,450.0,,,3.577707290649414,3.577707290649414
1006005,Burt Hooton,Burt Hooton,LAD,Dodgers,22,P,92.0,236.0,3.3056957721710205,0.19845876097679138,3.504154533147812
1012979,Gorman Thomas,Gorman Thomas,MIL,Brewers,23,CF,536.0,,,3.4907777309417725,3.4907777309417725
1008546,Scott McGregor,Scott McGregor,BAL,Orioles,2,P,,233.0,3.4813809394836426,0.0,3.4813809394836426
1010907,Gene Richards,Gene Richards,SDP,Padres,29,LF,629.0,,,3.4721322059631348,3.4721322059631348
1011217,Pete Rose,Pete Rose,CIN,Reds,18,3B,729.0,,,3.4649858474731445,3.4649858474731445
1013677,Bob Watson,Bob Watson,HOU,Astros,21,1B,527.0,,,3.4546773433685303,3.4546773433685303
1011138,Steve Rogers,Steve Rogers,MON,Expos,24,P,82.0,219.0,3.7114734649658203,-0.2850472629070282,3.426426202058792
1014410,Geoff Zahn,Geoff Zahn,MIN,Twins,8,P,,252.3333,3.4055285453796387,0.0,3.4055285453796387
1007478,Ron LeFlore,Ron LeFlore,DET,Tigers,6,CF,741.0,,,3.3676483631134033,3.3676483631134033
1013846,Lou Whitaker,Lou Whitaker,DET,Tigers,6,2B,567.0,,,3.3538272380828857,3.3538272380828857
1006308,Reggie Jackson,Reggie Jackson,NYY,Yankees,9,RF/DH,581.0,,,3.295541286468506,3.295541286468506
1013134,Mike Torrez,Mike Torrez,BOS,Red Sox,3,P,,250.0,3.269064426422119,0.0,3.269064426422119
1001909,John Candelaria,John Candelaria,PIT,Pirates,27,P,70.0,189.0,2.6994166374206543,0.5661436915397644,3.2655603289604187
1006858,Matt Keough,Matt Keough,OAK,Athletics,10,P,,197.3333,3.224740743637085,0.0,3.224740743637085
1002367,David Clyde,David Clyde,CLE,Indians,5,P,,153.3333,3.196476697921753,0.0,3.196476697921753
1003203,Rick Dempsey,Rick Dempsey,BAL,Orioles,2,C,498.0,,,3.195915699005127,3.195915699005127
1013872,Frank White,Frank White,KCR,Royals,7,2B,501.0,,,3.1638574600219727,3.1638574600219727
1010188,Tony Perez,Tony Perez,MON,Expos,24,1B,590.0,,,3.1520726680755615,3.1520726680755615
1012909,Garry Templeton,Garry Templeton,STL,Cardinals,28,SS,675.0,,,3.1465580463409424,3.1465580463409424
1005228,Ed Halicki,Ed Halicki,SFG,Giants,30,P,75.0,199.0,3.335678815841675,-0.21474669873714447,3.1209321171045303
1011273,Dave Rozema,Dave Rozema,DET,Tigers,6,P,,209.3333,3.09472918510437,0.0,3.09472918510437
1008255,Gary Matthews,Gary Matthews,ATL,Braves,16,RF,542.0,,,3.0785973072052,3.0785973072052
1005103,Johnny Grubb,Johnny Grubb,- - -,- - -,0,LF,493.0,,,3.077210783958435,3.077210783958435
1011005,Mickey Rivers,Mickey Rivers,NYY,Yankees,9,CF,604.0,,,3.06314754486084,3.06314754486084
1005150,Larry Gura,Larry Gura,KCR,Royals,7,P,,221.6666,3.053257465362549,0.0,3.053257465362549
1013939,Milt Wilcox,Milt Wilcox,DET,Tigers,6,P,,215.3333,3.041494846343994,0.0,3.041494846343994
1012316,Chris Speier,Chris Speier,MON,Expos,24,SS,570.0,,,3.01058292388916,3.01058292388916
1010356,Lou Piniella,Lou Piniella,NYY,Yankees,9,LF,513.0,,,3.0102837085723877,3.0102837085723877
1003210,John Denny,John Denny,STL,Cardinals,28,P,85.0,234.0,2.724586248397827,0.28131547570228577,3.005901724100113
1002255,Jim Clancy,Jim Clancy,TOR,Blue Jays,14,P,,193.6666,3.0053465366363525,0.0,3.0053465366363525
1009334,Thurman Munson,Thurman Munson,NYY,Yankees,9,C,666.0,,,3.0020172595977783,3.0020172595977783
1005033,Bobby Grich,Bobby Grich,CAL,Angels,1,2B,591.0,,,2.993058204650879,2.993058204650879
1007284,Dennis Lamp,Dennis Lamp,CHC,Cubs,17,P,76.0,223.6666,2.902452230453491,0.07399719953536987,2.976449429988861
1003451,Brian Downing,Brian Downing,CAL,Angels,1,C,476.0,,,2.953734874725342,2.953734874725342
1006092,Art Howe,Art Howe,HOU,Astros,21,2B,461.0,,,2.9350154399871826,2.9350154399871826
1010562,Terry Puhl,Terry Puhl,HOU,Astros,21,CF/LF,647.0,,,2.9271488189697266,2.9271488189697266
1012346,Paul Splittorff,Paul Splittorff,KCR,Royals,7,P,,262.0,2.9057061672210693,0.0,2.9057061672210693
1012544,Bob Stinson,Bob Stinson,SEA,Mariners,11,C,423.0,,,2.901505470275879,2.901505470275879
1000786,Mark Belanger,Mark Belanger,BAL,Orioles,2,SS,408.0,,,2.8446145057678223,2.8446145057678223
1003990,Joe Ferguson,Joe Ferguson,- - -,- - -,0,C,426.0,,,2.8387060165405273,2.8387060165405273
1002025,Rico Carty,Rico Carty,- - -,- - -,0,DH,593.0,,,2.833540916442871,2.833540916442871
1011311,Bill Russell,Bill Russell,LAD,Dodgers,22,SS,672.0,,,2.830827474594116,2.830827474594116
1008318,Lee Mazzilli,Lee Mazzilli,NYM,Mets,25,CF,619.0,,,2.830493688583374,2.830493688583374
1013494,Rick Waits,Rick Waits,CLE,Indians,5,P,,230.3333,2.8396389484405518,-0.011727903969585896,2.827911044470966
1012818,Frank Tanana,Frank Tanana,CAL,Angels,1,P,,239.0,2.8210203647613525,0.0,2.8210203647613525
1007103,Jerry Koosman,Jerry Koosman,NYM,Mets,25,P,75.0,235.3333,3.224874973297119,-0.4354996979236603,2.789375275373459
1011755,Gary Serum,Gary Serum,MIN,Twins,8,P,,184.3333,2.774493932723999,0.0,2.774493932723999
1010020,Larry Parrish,Larry Parrish,MON,Expos,24,3B,560.0,,,2.75921893119812,2.75921893119812
1002592,Cecil Cooper,Cecil Cooper,MIL,Brewers,23,1B,448.0,,,2.75771427154541,2.75771427154541
1010091,Mike Paxton,Mike Paxton,CLE,Indians,5,P,,191.0,2.7414298057556152,0.0,2.7414298057556152
1005571,Richie Hebner,Richie Hebner,PHI,Phillies,26,1B,505.0,,,2.737170696258545,2.737170696258545
1012186,Ozzie Smith,Ozzie Smith,SDP,Padres,29,SS,668.0,,,2.7140727043151855,2.7140727043151855
1006827,Steve Kemp,Steve Kemp,DET,Tigers,6,LF,686.0,,,2.697904586791992,2.697904586791992
1003501,Dan Driessen,Dan Driessen,CIN,Reds,18,1B,612.0,,,2.6803317070007324,2.6803317070007324
1007551,Randy Lerch,Randy Lerch,PHI,Phillies,26,P,68.0,184.0,1.7708057165145874,0.8981293439865112,2.6689350605010986
1013157,Alan Trammell,Alan Trammell,DET,Tigers,6,SS,504.0,,,2.6576812267303467,2.6576812267303467
1012260,Eric Soderholm,Eric Soderholm,CHW,White Sox,4,3B,510.0,,,2.6444458961486816,2.6444458961486816
1005044,Ken Griffey,Ken Griffey,CIN,Reds,18,RF,680.0,,,2.638044834136963,2.638044834136963
1005642,George Hendrick,George Hendrick,- - -,- - -,0,CF,540.0,,,2.611142471432686,2.611142471432686
1004541,Phil Garner,Phil Garner,PIT,Pirates,27,2B/3B,609.0,,,2.599125623703003,2.599125623703003
1005071,Ross Grimsley,Ross Grimsley,MON,Expos,24,P,105.0,263.0,2.7076730728149414,-0.1412493735551834,2.566423699259758
1003865,Dwight Evans,Dwight Evans,BOS,Red Sox,3,RF,572.0,,,2.5460433959960938,2.5460433959960938
1009065,John Montefusco,John Montefusco,SFG,Giants,30,P,85.0,238.6666,2.917360305786133,-0.38949844241142273,2.52786186337471
1004037,Ed Figueroa,Ed Figueroa,NYY,Yankees,9,P,,253.0,2.5216872692108154,0.0,2.5216872692108154
1014155,Rick Wise,Rick Wise,CLE,Indians,5,P,,211.6666,2.51071834564209,0.0,2.51071834564209
1002846,Mike Cubbage,Mike Cubbage,MIN,Twins,8,3B,444.0,,,2.507176399230957,2.507176399230957
1001165,Bill Bonham,Bill Bonham,CIN,Reds,18,P,56.0,140.3333,2.112793207168579,0.35928481817245483,2.472078025341034
1003212,Bucky Dent,Bucky Dent,NYY,Yankees,9,SS,415.0,,,2.461548328399658,2.461548328399658
1006284,Mike Ivie,Mike Ivie,SFG,Giants,30,1B,352.0,,,2.431459426879883,2.431459426879883
1001804,Enos Cabell,Enos Cabell,HOU,Astros,21,3B,694.0,,,2.4291012287139893,2.4291012287139893
1004234,Ken Forsch,Ken Forsch,HOU,Astros,21,P,29.0,133.3333,2.4025418758392334,0.019164085388183594,2.421705961227417
1013054,Luis Tiant,Luis Tiant,BOS,Red Sox,3,P,,212.3333,2.409363269805908,0.0,2.409363269805908
1013750,Bob Welch,Bob Welch,LAD,Dodgers,22,P,35.0,111.3333,2.392461061477661,0.005245454143732786,2.397706515621394
1001220,Lyman Bostock,Lyman Bostock,CAL,Angels,1,RF/CF,637.0,,,2.3958685398101807,2.3958685398101807
1004894,Rich Gossage,Rich Gossage,NYY,Yankees,9,P,,134.3333,2.395700454711914,0.0,2.395700454711914
1008714,Doc Medich,Doc Medich,TEX,Rangers,13,P,,171.0,2.365408182144165,0.0,2.365408182144165
1014326,Carl Yastrzemski,Carl Yastrzemski,BOS,Red Sox,3,1B/LF,611.0,,,2.3523576259613037,2.3523576259613037
1008340,Bake McBride,Bake McBride,PHI,Phillies,26,RF,510.0,,,2.3318841457366943,2.3318841457366943
1006026,Bob Horner,Bob Horner,ATL,Braves,16,3B,359.0,,,2.3221077919006348,2.3221077919006348
1012745,Don Sutton,Don Sutton,LAD,Dodgers,22,P,90.0,238.3333,2.745248794555664,-0.44171208143234253,2.3035367131233215
1012743,Bruce Sutter,Bruce Sutter,CHC,Cubs,17,P,19.0,99.0,2.340301990509033,-0.0488700270652771,2.291431963443756
1000450,Dusty Baker Jr.,Dusty Baker,LAD,Dodgers,22,LF,579.0,,,2.2884457111358643,2.2884457111358643
1012409,Bob Stanley,Bob Stanley,BOS,Red Sox,3,P,,141.6666,2.2778573036193848,0.0,2.2778573036193848
1004051,Rollie Fingers,Rollie Fingers,SDP,Padres,29,P,14.0,107.3333,2.278157949447632,-0.011259922757744789,2.266898026689887
1000700,Don Baylor,Don Baylor,CAL,Angels,1,DH,677.0,,,2.2394630908966064,2.2394630908966064
1006939,Dave Kingman,Dave Kingman,CHC,Cubs,17,LF,448.0,,,2.214552164077759,2.214552164077759
1007331,Carney Lansford,Carney Lansford,CAL,Angels,1,3B,500.0,,,2.193521738052368,2.193521738052368
1014283,Jim Wright,Jim Wright,BOS,Red Sox,3,P,,116.0,2.192094087600708,0.0,2.192094087600708
1012573,Steve Stone,Steve Stone,CHW,White Sox,4,P,,212.0,2.1896045207977295,0.0,2.1896045207977295
1004233,Bob Forsch,Bob Forsch,STL,Cardinals,28,P,89.0,233.6666,1.8470441102981567,0.3396468758583069,2.1866909861564636
1013056,Dick Tidrow,Dick Tidrow,NYY,Yankees,9,P,,185.3333,2.1858725547790527,0.0,2.1858725547790527
1009040,Paul Molitor,Paul Molitor,MIL,Brewers,23,2B,556.0,,,2.179940938949585,2.179940938949585
1013399,Otto Velez,Otto Velez,TOR,Blue Jays,14,RF/LF,300.0,,,2.174781560897827,2.174781560897827
1005706,Keith Hernandez,Keith Hernandez,STL,Cardinals,28,1B,633.0,,,2.1716198921203613,2.1716198921203613
1002482,Steve Comer,Steve Comer,TEX,Rangers,13,P,,117.3333,2.1509242057800293,0.0,2.1509242057800293
1012440,Rusty Staub,Rusty Staub,DET,Tigers,6,DH,734.0,,,2.1111137866973877,2.1111137866973877
1007185,Mike Krukow,Mike Krukow,CHC,Cubs,17,P,51.0,138.0,1.7036046981811523,0.3902392089366913,2.0938439071178436
1007319,Rick Langford,Rick Langford,OAK,Athletics,10,P,,175.6666,2.0926101207733154,0.0,2.0926101207733154
1003835,Jim Essian,Jim Essian,OAK,Athletics,10,C,340.0,,,2.090975284576416,2.090975284576416
1005636,Steve Henderson,Steve Henderson,NYM,Mets,25,LF,654.0,,,2.0904104709625244,2.0904104709625244
1002119,Chris Chambliss,Chris Chambliss,NYY,Yankees,9,1B,677.0,,,2.0579965114593506,2.0579965114593506
1012097,Billy Smith,Billy Smith,BAL,Orioles,2,2B,283.0,,,2.04852557182312,2.04852557182312
1000970,Jack Billingham,Jack Billingham,DET,Tigers,6,P,,201.6666,2.0425236225128174,0.0,2.0425236225128174
1002100,Cesar Cedeno,Cesar Cedeno,HOU,Astros,21,CF,209.0,,,2.0048234462738037,2.0048234462738037
1010835,Steve Renko,Steve Renko,OAK,Athletics,10,P,,151.0,1.9887665510177612,0.0,1.9887665510177612
1013281,Tom Underwood,Tom Underwood,TOR,Blue Jays,14,P,,197.6666,1.9779056310653687,0.0,1.9779056310653687
1010867,Craig Reynolds,Craig Reynolds,SEA,Mariners,11,SS,604.0,,,1.9673014879226685,1.9673014879226685
1008174,Jerry Martin,Jerry Martin,PHI,Phillies,26,RF/LF,298.0,,,1.9603221416473389,1.9603221416473389
1000439,Doug Bair,Doug Bair,CIN,Reds,18,P,15.0,100.3333,2.0095245838165283,-0.05220922455191612,1.9573153592646122
1005817,John Hiller,John Hiller,DET,Tigers,6,P,,92.3333,1.9508883953094482,0.0,1.9508883953094482
1006868,Jim Kern,Jim Kern,CLE,Indians,5,P,1.0,99.3333,1.963371992111206,-0.014177011325955391,1.9491949807852507
1011100,Aurelio Rodriguez,Aurelio Rodriguez,DET,Tigers,6,3B,414.0,,,1.948527455329895,1.948527455329895
1011911,Bob Shirley,Bob Shirley,SDP,Padres,29,P,51.0,166.0,1.8726743459701538,0.025274774059653282,1.897949120029807
1005361,Mike Hargrove,Mike Hargrove,TEX,Rangers,13,1B,616.0,,,1.8907620906829834,1.8907620906829834
1008144,Mike Marshall,Mike Marshall,MIN,Twins,8,P,,99.0,1.8738136291503906,0.0,1.8738136291503906
1002919,John D'Acquisto,John D'Acquisto,SDP,Padres,29,P,23.0,93.0,1.7259526252746582,0.14226356148719788,1.868216186761856
1007243,Lee Lacy,Lee Lacy,LAD,Dodgers,22,2B/RF,276.0,,,1.8654826879501343,1.8654826879501343
1009954,Mitchell Page,Mitchell Page,OAK,Athletics,10,LF,579.0,,,1.8575503826141357,1.8575503826141357
1011392,Joe Sambito,Joe Sambito,HOU,Astros,21,P,8.0,88.0,1.810194730758667,0.04612940549850464,1.8563241362571716
1009051,Rick Monday,Rick Monday,LAD,Dodgers,22,RF/CF,397.0,,,1.8221672773361206,1.8221672773361206
1004236,Terry Forster,Terry Forster,LAD,Dodgers,22,P,9.0,65.3333,1.571799397468567,0.24809886515140533,1.8198982626199722
1004444,Rich Gale,Rich Gale,KCR,Royals,7,P,,192.3333,1.8111382722854614,0.0,1.8111382722854614
1006179,Tom Hume,Tom Hume,CIN,Reds,18,P,55.0,174.0,2.1792900562286377,-0.38070404529571533,1.7985860109329224
1010689,Bob Randall,Bob Randall,MIN,Twins,8,2B,375.0,,,1.7980623245239258,1.7980623245239258
1002689,Al Cowens,Al Cowens,KCR,Royals,7,RF,534.0,,,1.789375901222229,1.789375901222229
1009914,Bob Owchinko,Bob Owchinko,SDP,Padres,29,P,71.0,202.3333,1.630892276763916,0.1540282815694809,1.784920558333397
1000123,Gary Alexander,Gary Alexander,- - -,- - -,0,C/DH,563.0,,,1.775738149881363,1.775738149881363
1000606,Jim Barr,Jim Barr,SFG,Giants,30,P,55.0,163.0,2.1187949180603027,-0.3482597768306732,1.7705351412296295
1010717,Doug Rau,Doug Rau,LAD,Dodgers,22,P,78.0,199.0,1.8633079528808594,-0.09570303559303284,1.7676049172878265
1001874,Bill Campbell,Bill Campbell,BOS,Red Sox,3,P,,50.6666,1.7668647766113281,0.0,1.7668647766113281
1001581,Mike Bruhert,Mike Bruhert,NYM,Mets,25,P,41.0,133.6666,2.051056146621704,-0.3280401825904846,1.7230159640312195
1007147,Ken Kravec,Ken Kravec,CHW,White Sox,4,P,,203.0,1.7146763801574707,0.0,1.7146763801574707
1010773,Ron Reed,Ron Reed,PHI,Phillies,26,P,7.0,108.6666,1.7563666105270386,-0.04241943359375,1.7139471769332886
1005480,Andy Hassler,Andy Hassler,- - -,- - -,0,P,,88.33330000000001,1.7083616852760315,0.0,1.7083616852760315
1000365,Jerry Augustine,Jerry Augustine,MIL,Brewers,23,P,,188.3333,1.7069284915924072,0.0,1.7069284915924072
1000336,Alan Ashby,Alan Ashby,TOR,Blue Jays,14,C,298.0,,,1.6831151247024536,1.6831151247024536
1001696,Rick Burleson,Rick Burleson,BOS,Red Sox,3,SS,685.0,,,1.6763333082199097,1.6763333082199097
1005467,Paul Hartzell,Paul Hartzell,CAL,Angels,1,P,,157.0,1.6643670797348022,0.0,1.6643670797348022
1001729,Ray Burris,Ray Burris,CHC,Cubs,17,P,70.0,198.6666,1.8369272947311401,-0.18555694818496704,1.651370346546173
1003006,Rich Dauer,Rich Dauer,BAL,Orioles,2,2B/3B,491.0,,,1.647748589515686,1.647748589515686
1009638,Bill North,Billy North,- - -,- - -,0,CF,442.0,,,1.6449898481369019,1.6449898481369019
1006660,Jim Kaat,Jim Kaat,PHI,Phillies,26,P,50.0,140.3333,1.7275820970535278,-0.08778361231088638,1.6397984847426414
1000003,Don Aase,Don Aase,CAL,Angels,1,P,,178.6666,1.6377819776535034,0.0,1.6377819776535034
1013899,Terry Whitfield,Terry Whitfield,SFG,Giants,30,LF,543.0,,,1.6302012205123901,1.6302012205123901
1009167,Omar Moreno,Omar Moreno,PIT,Pirates,27,CF,621.0,,,1.6257266998291016,1.6257266998291016
1002842,Julio Cruz,Julio Cruz,SEA,Mariners,11,2B,634.0,,,1.6246674060821533,1.6246674060821533
1014384,Kip Young,Kip Young,DET,Tigers,6,P,,105.6666,1.608895182609558,0.0,1.608895182609558
1006104,Roy Howell,Roy Howell,TOR,Blue Jays,14,3B,601.0,,,1.608009934425354,1.608009934425354
1006310,Ron Jackson,Ron Jackson,CAL,Angels,1,1B/3B,418.0,,,1.606918454170227,1.606918454170227
1010887,Rick Rhoden,Rick Rhoden,LAD,Dodgers,22,P,62.0,164.6666,1.6269934177398682,-0.051582302898168564,1.5754111148416996
1000603,Francisco Barrios,Francisco Barrios,CHW,White Sox,4,P,,195.6666,1.5430477857589722,0.0,1.5430477857589722
1006978,Bruce Kison,Bruce Kison,PIT,Pirates,27,P,29.0,96.0,1.4502345323562622,0.08105091005563736,1.5312854424118996
1010823,Ken Reitz,Ken Reitz,STL,Cardinals,28,3B,578.0,,,1.5301541090011597,1.5301541090011597
1004473,Oscar Gamble,Oscar Gamble,SDP,Padres,29,RF/LF,437.0,,,1.508026361465454,1.508026361465454
1011000,Bombo Rivera,Bombo Rivera,MIN,Twins,8,RF/LF,295.0,,,1.4965174198150635,1.4965174198150635
1014455,Richie Zisk,Richie Zisk,TEX,Rangers,13,RF/LF/DH,581.0,,,1.4864424467086792,1.4864424467086792
1009179,Joe Morgan,Joe Morgan,CIN,Reds,18,2B,533.0,,,1.4838451147079468,1.4838451147079468
1005828,Marc Hill,Marc Hill,SFG,Giants,30,C,406.0,,,1.4706857204437256,1.4706857204437256
1014308,Butch Wynegar,Butch Wynegar,MIN,Twins,8,C,522.0,,,1.47044837474823,1.47044837474823
1005992,Rick Honeycutt,Rick Honeycutt,SEA,Mariners,11,P,,134.3333,1.455235481262207,0.0,1.455235481262207
1008060,Phil Mankowski,Phil Mankowski,DET,Tigers,6,3B,250.0,,,1.454253077507019,1.454253077507019
1001454,Pete Broberg,Pete Broberg,OAK,Athletics,10,P,,165.6666,1.4350553750991821,0.0,1.4350553750991821
1000731,Jim Beattie,Jim Beattie,NYY,Yankees,9,P,,128.0,1.427443027496338,0.0,1.427443027496338
1001599,Warren Brusstar,Warren Brusstar,PHI,Phillies,26,P,7.0,88.6666,1.4092507362365723,0.0069331638514995575,1.4161839000880718
1003335,Tom Dixon,Tom Dixon,HOU,Astros,21,P,44.0,140.0,1.595096230506897,-0.1968344897031784,1.3982617408037186
1007026,Chris Knapp,Chris Knapp,CAL,Angels,1,P,,188.3333,1.3967007398605347,0.0,1.3967007398605347
1000122,Doyle Alexander,Doyle Alexander,TEX,Rangers,13,P,,191.0,1.3667060136795044,0.0,1.3667060136795044
1010828,Jerry Remy,Jerry Remy,BOS,Red Sox,3,2B,643.0,,,1.3583142757415771,1.3583142757415771
1012342,Dan Spillner,Dan Spillner,- - -,- - -,0,P,2.0,81.9999,1.266496129333973,0.0892065092921257,1.3557026386260986
1009245,Paul Moskau,Paul Moskau,CIN,Reds,18,P,55.0,145.0,0.9014522433280945,0.4455377757549286,1.346990019083023
1008965,John Milner,John Milner,PIT,Pirates,27,1B/LF,333.0,,,1.343546748161316,1.343546748161316
1012054,Jim Slaton,Jim Slaton,DET,Tigers,6,P,,233.6666,1.341208577156067,0.0,1.341208577156067
1009635,Jim Norris,Jim Norris,CLE,Indians,5,RF/LF,365.0,,,1.32123601436615,1.32123601436615
1008687,Hal McRae,Hal McRae,KCR,Royals,7,DH,692.0,,,1.315553903579712,1.315553903579712
1006472,John Henry Johnson,John Henry Johnson,OAK,Athletics,10,P,,186.0,1.288947582244873,0.0,1.288947582244873
1012284,Elias Sosa,Elias Sosa,OAK,Athletics,10,P,,109.0,1.2833112478256226,0.0,1.2833112478256226
1008609,Byron McLaughlin,Byron McLaughlin,SEA,Mariners,11,P,,107.0,1.2735697031021118,0.0,1.2735697031021118
1008304,Milt May,Milt May,DET,Tigers,6,C,387.0,,,1.2677451372146606,1.2677451372146606
1009582,Joe Niekro,Joe Niekro,HOU,Astros,21,P,74.0,202.6666,1.4017232656478882,-0.13535137474536896,1.2663718909025192
1009900,Ed Ott,Ed Ott,PIT,Pirates,27,C,410.0,,,1.2656257152557373,1.2656257152557373
1011693,Rodney Scott,Rodney Scott,CHC,Cubs,17,3B,280.0,,,1.2626526355743408,1.2626526355743408
1012905,Kent Tekulve,Kent Tekulve,PIT,Pirates,27,P,22.0,135.0,1.3664600849151611,-0.10784656554460526,1.2586135193705559
1014332,Steve Yeager,Steve Yeager,LAD,Dodgers,22,C,266.0,,,1.2581573724746704,1.2581573724746704
1008928,Rick Miller,Rick Miller,CAL,Angels,1,RF/CF,547.0,,,1.2523918151855469,1.2523918151855469
1006216,Clint Hurdle,Clint Hurdle,KCR,Royals,7,1B/RF/LF,481.0,,,1.2496427297592163,1.2496427297592163
1002845,Victor Cruz,Victor Cruz,TOR,Blue Jays,14,P,,47.3333,1.2453924417495728,0.0,1.2453924417495728
1011297,Vern Ruhle,Vern Ruhle,HOU,Astros,21,P,21.0,68.0,1.3098934888839722,-0.07665690779685974,1.2332365810871124
1009853,Jorge Orta,Jorge Orta,CHW,White Sox,4,2B,477.0,,,1.2260069847106934,1.2260069847106934
1014407,Pat Zachry,Pat Zachry,NYM,Mets,25,P,52.0,138.0,1.427245855331421,-0.20332279801368713,1.2239230573177338
1000010,Glenn Abbott,Glenn Abbott,SEA,Mariners,11,P,,155.3333,1.2185261249542236,0.0,1.2185261249542236
1008310,Rudy May,Rudy May,MON,Expos,24,P,52.0,144.0,1.1464436054229736,0.0710214227437973,1.217465028166771
1014383,Joel Youngblood,Joel Youngblood,NYM,Mets,25,2B/RF,287.0,,,1.2100369930267334,1.2100369930267334
1011422,Scott Sanderson,Scott Sanderson,MON,Expos,24,P,21.0,61.0,1.3313572406768799,-0.126735657453537,1.204621583223343
1011283,Joe Rudi,Joe Rudi,CAL,Angels,1,LF,536.0,,,1.204323172569275,1.204323172569275
1001211,Rick Bosetti,Rick Bosetti,TOR,Blue Jays,14,CF,608.0,,,1.2032122611999512,1.2032122611999512
1005318,Preston Hanna,Preston Hanna,ATL,Braves,16,P,52.0,140.3333,1.0479581356048584,0.14014093577861786,1.1880990713834763
1014264,Rich Wortham,Rich Wortham,CHW,White Sox,4,P,,59.0,1.1528921127319336,0.0,1.1528921127319336
1004493,Gene Garber,Gene Garber,- - -,- - -,0,P,15.0,116.9999,1.2436240315437317,-0.09294096380472183,1.1506830677390099
1013559,Denny Walling,Denny Walling,HOU,Astros,21,LF,280.0,,,1.1484586000442505,1.1484586000442505
1007657,Mark Littell,Mark Littell,STL,Cardinals,28,P,8.0,106.3333,1.203005313873291,-0.055344730615615845,1.1476605832576752
1010052,Freddie Patek,Freddie Patek,KCR,Royals,7,SS,496.0,,,1.1466134786605835,1.1466134786605835
1013666,John Wathan,John Wathan,KCR,Royals,7,C/1B,203.0,,,1.1391574144363403,1.1391574144363403
1013184,Manny Trillo,Manny Trillo,CHC,Cubs,17,2B,615.0,,,1.135190725326538,1.135190725326538
1006810,Pat Kelly,Pat Kelly,BAL,Orioles,2,LF,315.0,,,1.1315011978149414,1.1315011978149414
1007947,Elliott Maddox,Elliott Maddox,NYM,Mets,25,3B/RF,469.0,,,1.1304477453231812,1.1304477453231812
1008545,Tug McGraw,Tug McGraw,PHI,Phillies,26,P,6.0,89.6666,1.2084472179412842,-0.085971400141716,1.1224758177995682
1012971,Derrel Thomas,Derrel Thomas,SDP,Padres,29,2B/CF,401.0,,,1.1159383058547974,1.1159383058547974
1012852,Frank Taveras,Frank Taveras,PIT,Pirates,27,SS,702.0,,,1.1127498149871826,1.1127498149871826
1010693,Lenny Randle,Len Randle,NYM,Mets,25,3B,508.0,,,1.10433828830719,1.10433828830719
1000945,Jim Bibby,Jim Bibby,PIT,Pirates,27,P,34.0,107.0,1.0001354217529297,0.08870629966259003,1.0888417214155197
1001625,Bill Buckner,Bill Buckner,CHC,Cubs,17,1B,470.0,,,1.0813270807266235,1.0813270807266235
1010555,Greg Pryor,Greg Pryor,CHW,White Sox,4,2B/SS,239.0,,,1.0774861574172974,1.0774861574172974
1006481,Lamar Johnson,Lamar Johnson,CHW,White Sox,4,1B/DH,551.0,,,1.0579657554626465,1.0579657554626465
1011031,Dave Roberts,Dave Roberts,CHC,Cubs,17,P,57.0,142.3333,0.12625817954540253,0.9134854078292847,1.0397435873746872
1010855,Dave Revering,Dave Revering,OAK,Athletics,10,1B,553.0,,,1.0183345079421997,1.0183345079421997
1005717,Larry Herndon,Larry Herndon,SFG,Giants,30,CF,521.0,,,1.0173943042755127,1.0173943042755127
1006845,Junior Kennedy,Junior Kennedy,CIN,Reds,18,2B,190.0,,,1.0131522417068481,1.0131522417068481
1000362,Rick Auerbach,Rick Auerbach,CIN,Reds,18,2B/SS,65.0,,,1.0097819566726685,1.0097819566726685
1007831,Mike Lum,Mike Lum,CIN,Reds,18,CF,169.0,,,1.005118727684021,1.005118727684021
1010853,Jerry Reuss,Jerry Reuss,PIT,Pirates,27,P,27.0,82.6666,0.9530755877494812,0.0518239326775074,1.0048995204269886
1012463,Bill Stein,Bill Stein,SEA,Mariners,11,3B,449.0,,,1.0037742853164673,1.0037742853164673
1010704,Eric Rasmussen,Eric Rasmussen,- - -,- - -,0,P,74.0,206.66660000000002,1.2115037739276886,-0.2189500480890274,0.9925537258386612
1002347,Reggie Cleveland,Reggie Cleveland,- - -,- - -,0,P,,75.9999,0.9681284604594111,0.0,0.9681284604594111
1008378,Tim McCarver,Tim McCarver,PHI,Phillies,26,C,180.0,,,0.9647429585456848,0.9647429585456848
1001935,Bernie Carbo,Bernie Carbo,- - -,- - -,0,DH,251.0,,,0.9639886021614075,0.9639886021614075
1009062,Willie Montanez,Willie Montanez,NYM,Mets,25,1B,679.0,,,0.9560450911521912,0.9560450911521912
1010021,Lance Parrish,Lance Parrish,DET,Tigers,6,C,304.0,,,0.9450007677078247,0.9450007677078247
1001366,Steve Braun,Steve Braun,- - -,- - -,0,LF,251.0,,,0.9379857927560806,0.9379857927560806
1009102,Donnie Moore,Donnie Moore,CHC,Cubs,17,P,18.0,103.0,0.7393447756767273,0.19858023524284363,0.9379250109195709
1011102,Eduardo Rodriguez,Eduardo Rodriguez,MIL,Brewers,23,P,,105.3333,0.9363978505134583,0.0,0.9363978505134583
1010218,Stan Perzanowski,Stan Perzanowski,MIN,Twins,8,P,,56.6666,0.9273733496665955,0.0,0.9273733496665955
1009099,Charlie Moore,Charlie Moore,MIL,Brewers,23,C,285.0,,,0.9273649454116821,0.9273649454116821
1010443,Tom Poquette,Tom Poquette,KCR,Royals,7,RF/LF,226.0,,,0.919678270816803,0.919678270816803
1011527,Dan Schatzeder,Dan Schatzeder,MON,Expos,24,P,49.0,143.6666,0.4960514008998871,0.4157092273235321,0.9117606282234192
1007238,Ralph LaCock,Pete LaCock,KCR,Royals,7,1B,347.0,,,0.9103634357452393,0.9103634357452393
1002328,Ken Clay,Ken Clay,NYY,Yankees,9,P,,75.6666,0.91035395860672,0.0,0.91035395860672
1004502,Kiko Garcia,Kiko Garcia,BAL,Orioles,2,SS,199.0,,,0.8963130116462708,0.8963130116462708
1013276,Jim Umbarger,Jim Umbarger,TEX,Rangers,13,P,,97.6666,0.8876410722732544,0.0,0.8876410722732544
1001106,Bruce Bochte,Bruce Bochte,SEA,Mariners,11,LF/DH,560.0,,,0.8774117231369019,0.8774117231369019
1010719,Shane Rawley,Shane Rawley,SEA,Mariners,11,P,,111.3333,0.8557260632514954,0.0,0.8557260632514954
1004376,Dave Frost,Dave Frost,CAL,Angels,1,P,,80.3333,0.8499545454978943,0.0,0.8499545454978943
1007790,John Lowenstein,John Lowenstein,TEX,Rangers,13,3B/DH,217.0,,,0.847039520740509,0.847039520740509
1004202,Tim Foli,Tim Foli,NYM,Mets,25,SS,443.0,,,0.8403323292732239,0.8403323292732239
1005854,Rich Hinton,Rich Hinton,CHW,White Sox,4,P,,80.6666,0.8388134837150574,0.0,0.8388134837150574
1010545,Mike Proly,Mike Proly,CHW,White Sox,4,P,,65.6666,0.8309500217437744,0.0,0.8309500217437744
1007232,Bob Lacey,Bob Lacey,OAK,Athletics,10,P,,119.6666,0.8269808292388916,0.0,0.8269808292388916
1014113,Willie Wilson,Willie Wilson,KCR,Royals,7,CF/LF,223.0,,,0.8120111227035522,0.8120111227035522
1007513,Johnnie LeMaster,Johnnie LeMaster,SFG,Giants,30,SS,308.0,,,0.8110888600349426,0.8110888600349426
1000976,Doug Bird,Doug Bird,KCR,Royals,7,P,,98.6666,0.8060145378112793,0.0,0.8060145378112793
1006199,Catfish Hunter,Catfish Hunter,NYY,Yankees,9,P,,118.0,0.8034385442733765,0.0,0.8034385442733765
1002041,Dave Cash,Dave Cash,MON,Expos,24,2B,703.0,,,0.7985637784004211,0.7985637784004211
1007067,Kevin Kobel,Kevin Kobel,NYM,Mets,25,P,30.0,108.3333,0.752158522605896,0.040972981601953506,0.7931315042078495
1011183,Jim Rooker,Jim Rooker,PIT,Pirates,27,P,58.0,163.3333,0.754578709602356,0.025873100385069847,0.7804518099874258
1011054,Bill Robinson,Bill Robinson,PIT,Pirates,27,LF,552.0,,,0.767278790473938,0.767278790473938
1001108,Bruce Bochy,Bruce Bochy,HOU,Astros,21,C,167.0,,,0.7664636969566345,0.7664636969566345
1009009,Paul Mitchell,Paul Mitchell,SEA,Mariners,11,P,,168.0,0.7635147571563721,0.0,0.7635147571563721
1005569,Dave Heaverlo,Dave Heaverlo,OAK,Athletics,10,P,,130.0,0.7616575360298157,0.0,0.7616575360298157
1006116,Al Hrabosky,Al Hrabosky,KCR,Royals,7,P,,75.0,0.756653904914856,0.0,0.756653904914856
1005994,Don Hood,Don Hood,CLE,Indians,5,P,,154.6666,0.7495541572570801,0.0,0.7495541572570801
1011627,Buddy Schultz,Buddy Schultz,STL,Cardinals,28,P,8.0,83.0,0.602153480052948,0.14599522948265076,0.7481487095355988
1009632,Fred Norman,Fred Norman,CIN,Reds,18,P,61.0,177.3333,0.8044701814651489,-0.0616423673927784,0.7428278140723705
1009090,Balor Moore,Balor Moore,TOR,Blue Jays,14,P,,144.3333,0.7322754859924316,0.0,0.7322754859924316
1014047,Jim Willoughby,Jim Willoughby,CHW,White Sox,4,P,,93.3333,0.7316985726356506,0.0,0.7316985726356506
1012977,Gary Thomasson,Gary Thomasson,- - -,- - -,0,RF,301.0,,,0.7244128435850143,0.7244128435850143
1007389,Gary Lavelle,Gary Lavelle,SFG,Giants,30,P,16.0,97.6666,0.8614286184310913,-0.14115284383296967,0.7202757745981216
1005369,Larry Harlow,Larry Harlow,BAL,Orioles,2,CF,521.0,0.6666,-0.11302851140499115,0.8291276097297668,0.7160990983247757
1008534,Lynn McGlothen,Lynn McGlothen,- - -,- - -,0,P,17.0,92.6666,0.6443488299846649,0.05936890095472336,0.7037177309393883
1006380,Jesse Jefferson,Jesse Jefferson,TOR,Blue Jays,14,P,,211.6666,0.7009005546569824,0.0,0.7009005546569824
1001201,Glenn Borgmann,Glenn Borgmann,MIN,Twins,8,C,147.0,,,0.7004124522209167,0.7004124522209167
1004547,Wayne Garrett,Wayne Garrett,- - -,- - -,0,3B,151.0,,,0.685966432094574,0.685966432094574
1013161,Bill Travers,Bill Travers,MIL,Brewers,23,P,,175.6666,0.6819685101509094,0.0,0.6819685101509094
1013301,John Urrea,John Urrea,STL,Cardinals,28,P,27.0,98.6666,0.7552681565284729,-0.07758364081382751,0.6776845157146454
1004558,Jerry Garvin,Jerry Garvin,TOR,Blue Jays,14,P,,144.6666,0.675747811794281,0.0,0.675747811794281
1007448,Bill Lee,Bill Lee,BOS,Red Sox,3,P,,177.0,0.6732285022735596,0.0,0.6732285022735596
1013890,Roy White,Roy White,NYY,Yankees,9,LF,395.0,,,0.6679041981697083,0.6679041981697083
1004216,Dan Ford,Dan Ford,MIN,Twins,8,CF,654.0,,,0.6663060784339905,0.6663060784339905
1003747,Dock Ellis,Dock Ellis,TEX,Rangers,13,P,,141.3333,0.6587674617767334,0.0,0.6587674617767334
1002704,Larry Cox,Larry Cox,CHC,Cubs,17,C,133.0,,,0.6543973088264465,0.6543973088264465
1004381,Woodie Fryman,Woodie Fryman,- - -,- - -,0,P,56.0,150.3332,1.1383588165044785,-0.48691558837890625,0.6514432281255722
1003243,Adrian Devine,Adrian Devine,ATL,Braves,16,P,12.0,65.3333,0.7468620538711548,-0.10104821622371674,0.645813837647438
1009634,Nelson Norman,Nelson Norman,TEX,Rangers,13,3B/SS,35.0,,,0.6309283971786499,0.6309283971786499
1010718,Lance Rautzhan,Lance Rautzhan,LAD,Dodgers,22,P,6.0,61.3333,0.7052918076515198,-0.08310814946889877,0.622183658182621
1007207,Duane Kuiper,Duane Kuiper,CLE,Indians,5,2B,589.0,,,0.6209655404090881,0.6209655404090881
1000433,Bob Bailor,Bob Bailor,TOR,Blue Jays,14,RF,676.0,,,0.6185026168823242,0.6185026168823242
1005134,Don Gullett,Don Gullett,NYY,Yankees,9,P,,44.6666,0.6165516972541809,0.0,0.6165516972541809
1003475,Dick Drago,Dick Drago,BOS,Red Sox,3,P,,77.3333,0.6109949946403503,0.0,0.6109949946403503
1000266,Joaquin Andujar,Joaquin Andujar,HOU,Astros,21,P,28.0,110.6666,0.6126300692558289,-0.0019278570543974638,0.6107022122014314
1014190,Larry Wolfe,Larry Wolfe,MIN,Twins,8,3B,277.0,,,0.6096020936965942,0.6096020936965942
1013324,Bobby Valentine,Bobby Valentine,NYM,Mets,25,2B,188.0,,,0.6008275747299194,0.6008275747299194
1012380,Steve Staggs,Steve Staggs,OAK,Athletics,10,2B,97.0,,,0.5932420492172241,0.5932420492172241
1014176,John Wockenfuss,John Wockenfuss,DET,Tigers,6,RF,211.0,,,0.5920762419700623,0.5920762419700623
1009741,Rowland Office,Rowland Office,ATL,Braves,16,CF,439.0,,,0.5893937349319458,0.5893937349319458
1013036,Paul Thormodsgard,Paul Thormodsgard,MIN,Twins,8,P,,66.0,0.57896888256073,0.0,0.57896888256073
1013137,Rusty Torres,Rusty Torres,CHW,White Sox,4,RF/CF/LF,51.0,,,0.576472282409668,0.576472282409668
1007354,Dave LaRoche,Dave LaRoche,CAL,Angels,1,P,,95.6666,0.565340518951416,0.0,0.565340518951416
1014148,Alan Wirth,Alan Wirth,OAK,Athletics,10,P,,81.3333,0.564990222454071,0.0,0.564990222454071
1012401,Don Stanhouse,Don Stanhouse,BAL,Orioles,2,P,,74.6666,0.5634350180625916,0.0,0.5634350180625916
1006064,Tom House,Tom House,SEA,Mariners,11,P,,116.0,0.558380663394928,0.0,0.558380663394928
1007696,Skip Lockwood,Skip Lockwood,NYM,Mets,25,P,13.0,90.6666,0.39382225275039673,0.16021782159805298,0.5540400743484497
1010024,Mike Parrott,Mike Parrott,SEA,Mariners,11,P,,82.3333,0.548283040523529,0.0,0.548283040523529
1006972,Don Kirkwood,Don Kirkwood,TOR,Blue Jays,14,P,,68.0,0.5442377328872681,0.0,0.5442377328872681
1010851,Paul Reuschel,Paul Reuschel,- - -,- - -,0,P,4.0,117.6666,0.5980358421802521,-0.06107264384627342,0.5369631983339787
1005872,Butch Hobson,Butch Hobson,BOS,Red Sox,3,3B,574.0,,,0.5344046354293823,0.5344046354293823
1004023,Mark Fidrych,Mark Fidrych,DET,Tigers,6,P,,22.0,0.5334950685501099,0.0,0.5334950685501099
1008200,Tippy Martinez,Tippy Martinez,BAL,Orioles,2,P,,69.0,0.5288362503051758,0.0,0.5288362503051758
1012782,Rick Sweet,Rick Sweet,SDP,Padres,29,C,259.0,,,0.5276768207550049,0.5276768207550049
1007521,Mark Lemongello,Mark Lemongello,HOU,Astros,21,P,74.0,210.3333,0.31949084997177124,0.20675505697727203,0.5262459069490433
1009825,Steve Ontiveros,Steve Ontiveros,CHC,Cubs,17,3B,316.0,,,0.5206226110458374,0.5206226110458374
1009053,Sid Monge,Sid Monge,CLE,Indians,5,P,,84.6666,0.5204243063926697,0.0,0.5204243063926697
1010840,Andy Replogle,Andy Replogle,MIL,Brewers,23,P,,149.3333,0.5135126113891602,0.0,0.5135126113891602
1006298,Grant Jackson,Grant Jackson,PIT,Pirates,27,P,12.0,77.3333,0.39450663328170776,0.11406631022691727,0.508572943508625
1013418,Tom Veryzer,Tom Veryzer,CLE,Indians,5,SS,458.0,,,0.5012811422348022,0.5012811422348022
1009442,Bill Nahorodny,Bill Nahorodny,CHW,White Sox,4,C,380.0,,,0.5004234910011292,0.5004234910011292
1009338,Bobby Murcer,Bobby Murcer,CHC,Cubs,17,RF,585.0,,,0.4993925988674164,0.4993925988674164
1012528,Sammy Stewart,Sammy Stewart,BAL,Orioles,2,P,,11.3333,0.48828184604644775,0.0,0.48828184604644775
1013911,Ed Whitson,Ed Whitson,PIT,Pirates,27,P,12.0,74.3333,0.48896676301956177,-0.008904773741960526,0.48006198927760124
1013197,Steve Trout,Steve Trout,CHW,White Sox,4,P,,22.3333,0.46059998869895935,0.0,0.46059998869895935
1011773,Jimmy Sexton,Jimmy Sexton,HOU,Astros,21,SS,155.0,,,0.46035853028297424,0.46035853028297424
1012371,Mike Squires,Mike Squires,CHW,White Sox,4,1B,171.0,,,0.46014919877052307,0.46014919877052307
1001594,Tom Bruno,Tom Bruno,STL,Cardinals,28,P,14.0,49.6666,0.5700315833091736,-0.11099199205636978,0.4590395912528038
1007859,Sparky Lyle,Sparky Lyle,NYY,Yankees,9,P,,111.6666,0.4589015543460846,0.0,0.4589015543460846
1003684,Dave Edwards,Dave Edwards,MIN,Twins,8,CF/LF,53.0,,,0.45587974786758423,0.45587974786758423
1002905,John Curtis,John Curtis,SFG,Giants,30,P,3.0,63.0,0.4867278039455414,-0.0414072722196579,0.4453205317258835
1012795,Steve Swisher,Steve Swisher,STL,Cardinals,28,C,124.0,,,0.44431737065315247,0.44431737065315247
1006294,Darrell Jackson,Darrell Jackson,MIN,Twins,8,P,,92.3333,0.4432870149612427,0.0,0.4432870149612427
1005597,Tom Heintzelman,Tom Heintzelman,SFG,Giants,30,2B/3B,37.0,,,0.42708820104599,0.42708820104599
1004864,Danny Goodwin,Danny Goodwin,CAL,Angels,1,DH,69.0,,,0.42022815346717834,0.42022815346717834
1004217,Dave Ford,Dave Ford,BAL,Orioles,2,P,,15.0,0.41891905665397644,0.0,0.41891905665397644
1012798,Bob Sykes,Bob Sykes,DET,Tigers,6,P,,93.6666,0.4166596829891205,0.0,0.4166596829891205
1010486,Hosken Powell,Hosken Powell,MIN,Twins,8,RF,437.0,,,0.41343870759010315,0.41343870759010315
1007535,Jeffrey Leonard,Jeffrey Leonard,HOU,Astros,21,RF/CF/LF,27.0,,,0.40853768587112427,0.40853768587112427
1010037,Bill Paschall,Bill Paschall,KCR,Royals,7,P,,8.0,0.4055978059768677,0.0,0.4055978059768677
1013228,Jerry Turner,Jerry Turner,SDP,Padres,29,RF/CF/LF,250.0,,,0.4021987318992615,0.4021987318992615
1002114,Dave Chalk,Dave Chalk,CAL,Angels,1,SS,527.0,,,0.4009420573711395,0.4009420573711395
1008700,Larry McWilliams,Larry McWilliams,ATL,Braves,16,P,36.0,99.3333,0.701515257358551,-0.30997681617736816,0.39153844118118286
1013880,Jerry White,Jerry White,- - -,- - -,0,CF,173.0,,,0.38659615628421307,0.38659615628421307
1007753,Aurelio Lopez,Aurelio Lopez,STL,Cardinals,28,P,16.0,65.0,0.35327598452568054,0.02967311069369316,0.3829490952193737
1009938,Tom Paciorek,Tom Paciorek,- - -,- - -,0,LF,277.0,,,0.3821050642291084,0.3821050642291084
1006588,Ruppert Jones,Ruppert Jones,SEA,Mariners,11,CF,540.0,,,0.37468421459198,0.37468421459198
1000178,Jesus Alou,Jesus Alou,HOU,Astros,21,LF,152.0,,,0.3639315664768219,0.3639315664768219
1011974,Luis Silverio,Luis Silverio,KCR,Royals,7,RF/LF/DH,14.0,,,0.36177775263786316,0.36177775263786316
1005387,Bud Harrelson,Bud Harrelson,PHI,Phillies,26,2B/SS,127.0,,,0.36088404059410095,0.36088404059410095
1002996,Danny Darwin,Danny Darwin,TEX,Rangers,13,P,,8.6666,0.36020565032958984,0.0,0.36020565032958984
1007239,Frank LaCorte,Frank LaCorte,ATL,Braves,16,P,5.0,14.6666,0.4350317418575287,-0.07606008648872375,0.35897165536880493
1011175,Enrique Romo,Enrique Romo,SEA,Mariners,11,P,,107.3333,0.3535445034503937,0.0,0.3535445034503937
1007987,Mickey Mahler,Mickey Mahler,ATL,Braves,16,P,47.0,134.6666,0.6666579842567444,-0.3158116042613983,0.35084637999534607
1008978,Steve Mingori,Steve Mingori,KCR,Royals,7,P,,69.0,0.34673649072647095,0.0,0.34673649072647095
1007712,Mickey Lolich,Mickey Lolich,SDP,Padres,29,P,3.0,34.6666,0.3859051465988159,-0.03976380079984665,0.34614134579896927
1003524,Hal Dues,Hal Dues,MON,Expos,24,P,31.0,99.0,0.32350826263427734,0.01739317551255226,0.3409014381468296
1005505,Tom Hausman,Tom Hausman,NYM,Mets,25,P,19.0,51.6666,0.2673337161540985,0.07352027297019958,0.3408539891242981
1005120,Pedro Guerrero,Pedro Guerrero,LAD,Dodgers,22,1B,8.0,,,0.34055033326148987,0.34055033326148987
1000879,Dave Bergman,Dave Bergman,HOU,Astros,21,1B/LF,228.0,,,0.321182519197464,0.321182519197464
1004571,Joe Gates,Joe Gates,CHW,White Sox,4,2B,30.0,,,0.31969553232192993,0.31969553232192993
1009211,Jack Morris,Jack Morris,DET,Tigers,6,P,,106.0,0.31446728110313416,0.0,0.31446728110313416
1005886,Ron Hodges,Ron Hodges,NYM,Mets,25,C,115.0,,,0.30845120549201965,0.30845120549201965
1005118,Mario Guerrero,Mario Guerrero,OAK,Athletics,10,SS,546.0,,,0.3070552349090576,0.3070552349090576
1008760,Mario Mendoza,Mario Mendoza,PIT,Pirates,27,2B/3B/SS,62.0,,,0.30653995275497437,0.30653995275497437
1006579,Odell Jones,Odell Jones,PIT,Pirates,27,P,1.0,9.0,0.31764325499534607,-0.014324720948934555,0.3033185340464115
1004603,Dave Geisel,Dave Geisel,CHC,Cubs,17,P,3.0,23.3333,0.3438141644001007,-0.04580448940396309,0.2980096749961376
1007240,Michael LaCoss,Mike LaCoss,CIN,Reds,18,P,36.0,96.0,0.5878055691719055,-0.29118046164512634,0.2966251075267792
1002639,Vic Correll,Vic Correll,CIN,Reds,18,C,115.0,,,0.2931741774082184,0.2931741774082184
1002077,Bill Castro,Bill Castro,MIL,Brewers,23,P,,49.6666,0.2931559979915619,0.0,0.2931559979915619
1003830,Nino Espinosa,Nino Espinosa,NYM,Mets,25,P,75.0,203.6666,-0.013557160273194313,0.30468490719795227,0.29112774692475796
1004639,Cesar Geronimo,Cesar Geronimo,CIN,Reds,18,CF,351.0,,,0.2887411415576935,0.2887411415576935
1003012,Vic Davalillo,Vic Davalillo,LAD,Dodgers,22,RF/LF,81.0,,,0.2882823348045349,0.2882823348045349
1009139,Jose Morales,Jose Morales,MIN,Twins,8,DH,273.0,,,0.2854972779750824,0.2854972779750824
1009027,Randy Moffitt,Randy Moffitt,SFG,Giants,30,P,9.0,81.6666,0.25815945863723755,0.024929381906986237,0.2830888405442238
1010658,Dave Rajsich,Dave Rajsich,NYY,Yankees,9,P,,13.3333,0.27922987937927246,0.0,0.27922987937927246
1010846,Merv Rettenmund,Merv Rettenmund,CAL,Angels,1,RF/DH,142.0,,,0.2775111496448517,0.2775111496448517
1013097,Jim Todd,Jim Todd,SEA,Mariners,11,P,,106.6666,0.27577802538871765,0.0,0.27577802538871765
1008303,Lee May,Lee May,BAL,Orioles,2,DH,590.0,,,0.2724871337413788,0.2724871337413788
1008989,Paul Mirabella,Paul Mirabella,TEX,Rangers,13,P,,28.0,0.2665058970451355,0.0,0.2665058970451355
1006120,Glenn Hubbard,Glenn Hubbard,ATL,Braves,16,2B,179.0,,,0.26082876324653625,0.26082876324653625
1013943,Rob Wilfong,Rob Wilfong,MIN,Twins,8,2B,235.0,,,0.25912004709243774,0.25912004709243774
1005172,Moose Haas,Moose Haas,MIL,Brewers,23,P,,30.6666,0.255835622549057,0.0,0.255835622549057
1012993,Roy Thomas,Roy Thomas,STL,Cardinals,28,P,4.0,28.3333,0.23310774564743042,0.01809575967490673,0.25120350532233715
1002154,Harry Chappas,Harry Chappas,CHW,White Sox,4,SS,88.0,,,0.24790026247501373,0.24790026247501373
1005641,Elrod Hendricks,Ellie Hendricks,BAL,Orioles,2,C,21.0,2.3333,-0.0016516814939677715,0.24948202073574066,0.2478303392417729
1001649,Al Bumbry,Al Bumbry,BAL,Orioles,2,CF/LF,134.0,,,0.2466166913509369,0.2466166913509369
1009648,Willie Norwood,Willie Norwood,MIN,Twins,8,LF,471.0,,,0.24657738208770752,0.24657738208770752
1004262,Steve Foucault,Steve Foucault,- - -,- - -,0,P,,39.6666,0.24379568849690259,0.0,0.24379568849690259
1006506,Tim Johnson,Tim Johnson,- - -,- - -,0,SS,97.0,,,0.24190424382686615,0.24190424382686615
1001214,Thad Bosley,Thad Bosley,CHW,White Sox,4,CF,236.0,,,0.24087023735046387,0.24087023735046387
1000829,Bruce Benedict,Bruce Benedict,ATL,Braves,16,C,58.0,,,0.22736892104148865,0.22736892104148865
1002621,Tim Corcoran,Tim Corcoran,DET,Tigers,6,RF,363.0,,,0.22575515508651733,0.22575515508651733
1011996,Joe Simpson,Joe Simpson,LAD,Dodgers,22,RF/LF,5.0,,,0.22198925912380219,0.22198925912380219
1009637,Mike Norris,Mike Norris,OAK,Athletics,10,P,,49.0,0.2188408076763153,0.0,0.2188408076763153
1003845,Andy Etchebarren,Andy Etchebarren,MIL,Brewers,23,C,6.0,,,0.21811127662658691,0.21811127662658691
1006779,Mick Kelleher,Mick Kelleher,CHC,Cubs,17,2B/3B,106.0,,,0.2151130735874176,0.2151130735874176
1006050,Charlie Hough,Charlie Hough,LAD,Dodgers,22,P,12.0,93.3333,0.04331478476524353,0.1651419997215271,0.20845678448677063
1009136,Andres Mora,Andres Mora,BAL,Orioles,2,LF,246.0,,,0.2073042094707489,0.2073042094707489
1013002,Bobby Thompson,Bobby Thompson,TEX,Rangers,13,CF,136.0,,,0.20399069786071777,0.20399069786071777
1000467,Steve Baker,Steve Baker,DET,Tigers,6,P,,63.3333,0.2020905464887619,0.0,0.2020905464887619
1006584,Rick Jones,Rick Jones,SEA,Mariners,11,P,,12.3333,0.20041802525520325,0.0,0.20041802525520325
1000343,Brian Asselstine,Brian Asselstine,ATL,Braves,16,RF/CF,122.0,,,0.19637636840343475,0.19637636840343475
1001195,Pedro Borbon,Pedro Borbon,CIN,Reds,18,P,12.0,99.3333,0.19963692128658295,-0.006841842085123062,0.19279507920145988
1007511,Dave Lemanczyk,Dave Lemanczyk,TOR,Blue Jays,14,P,,136.6666,0.19007939100265503,0.0,0.19007939100265503
1009543,Jeff Newman,Jeff Newman,OAK,Athletics,10,C/1B,291.0,,,0.18928435444831848,0.18928435444831848
1001817,Wayne Cage,Wayne Cage,CLE,Indians,5,1B/DH,108.0,,,0.18059685826301575,0.18059685826301575
1004554,Ralph Garr,Ralph Garr,CHW,White Sox,4,LF,478.0,,,0.17999687790870667,0.17999687790870667
1002840,Henry Cruz,Henry Cruz,CHW,White Sox,4,CF,89.0,,,0.17868445813655853,0.17868445813655853
1013309,Mike Vail,Mike Vail,- - -,- - -,0,RF,222.0,,,0.17596426978707314,0.17596426978707314
1003495,Rob Dressler,Rob Dressler,STL,Cardinals,28,P,4.0,13.0,0.2304389476776123,-0.05661262571811676,0.17382632195949554
1005036,Alfredo Griffin,Alfredo Griffin,CLE,Indians,5,SS,6.0,,,0.17196546494960785,0.17196546494960785
1009168,Roger Moret,Roger Moret,TEX,Rangers,13,P,,14.6666,0.1709601879119873,0.0,0.1709601879119873
1013086,Dave Tobik,Dave Tobik,DET,Tigers,6,P,,12.0,0.16667449474334717,0.0,0.16667449474334717
1009674,Johnny Oates,Johnny Oates,LAD,Dodgers,22,C,80.0,,,0.16663722693920135,0.16663722693920135
1006042,Tim Hosley,Tim Hosley,OAK,Athletics,10,C,25.0,,,0.1611505150794983,0.1611505150794983
1011024,Bob Robertson,Bob Robertson,SEA,Mariners,11,1B/DH,200.0,,,0.15808258950710297,0.15808258950710297
1009070,Bob Montgomery,Bob Montgomery,BOS,Red Sox,3,C,32.0,,,0.15466605126857758,0.15466605126857758
1007911,Dave Machemer,Dave Machemer,CAL,Angels,1,2B/3B,25.0,,,0.14864222705364227,0.14864222705364227
1011032,Dave Roberts,Dave Roberts,SDP,Padres,29,C,112.0,,,0.1485123187303543,0.1485123187303543
1006267,Dane Iorg,Dane Iorg,STL,Cardinals,28,RF/LF,90.0,,,0.14695914089679718,0.14695914089679718
1012460,Dave Stegman,Dave Stegman,DET,Tigers,6,RF/CF,17.0,,,0.14672043919563293,0.14672043919563293
1009383,Dale Murray,Dale Murray,- - -,- - -,0,P,13.0,118.9999,0.2662392146885395,-0.12171575054526329,0.14452346414327621
1001022,Tim Blackwell,Tim Blackwell,CHC,Cubs,17,C,132.0,,,0.14440564811229706,0.14440564811229706
1007195,Jack Kucek,Jack Kucek,CHW,White Sox,4,P,,52.0,0.14150302112102509,0.0,0.14150302112102509
1001691,Steve Burke,Steve Burke,SEA,Mariners,11,P,,49.0,0.13862209022045135,0.0,0.13862209022045135
1004008,Sergio Ferrer,Sergio Ferrer,NYM,Mets,25,SS,40.0,,,0.1346876472234726,0.1346876472234726
1001432,Nelson Briles,Nelson Briles,BAL,Orioles,2,P,,54.3333,0.12901493906974792,0.0,0.12901493906974792
1006682,Bob Kammeyer,Bob Kammeyer,NYY,Yankees,9,P,,21.6666,0.12619993090629578,0.0,0.12619993090629578
1012325,Jim Spencer,Jim Spencer,NYY,Yankees,9,1B/DH,166.0,,,0.12574023008346558,0.12574023008346558
1010354,Horacio Pina,Horacio Pina,PHI,Phillies,26,P,1.0,2.3333,0.1397944837808609,-0.014328564517199993,0.1254659192636609
1012176,Lonnie Smith,Lonnie Smith,PHI,Phillies,26,LF,8.0,,,0.12365025281906128,0.12365025281906128
1002844,Todd Cruz,Todd Cruz,PHI,Phillies,26,SS,4.0,,,0.1223035380244255,0.1223035380244255
1002839,Hector Cruz,Hector Cruz,- - -,- - -,0,CF/LF,300.0,,,0.1200207769870758,0.1200207769870758
1006877,Don Kessinger,Don Kessinger,CHW,White Sox,4,SS,480.0,,,0.11855804920196533,0.11855804920196533
1013025,Scot Thompson,Scot Thompson,CHC,Cubs,17,1B/CF,39.0,,,0.1180601492524147,0.1180601492524147
1002633,Mardie Cornejo,Mardie Cornejo,NYM,Mets,25,P,,36.6666,0.11582669615745544,0.0,0.11582669615745544
1010979,Allen Ripley,Allen Ripley,BOS,Red Sox,3,P,,73.0,0.11485465615987778,0.0,0.11485465615987778
1005968,Jeff Holly,Jeff Holly,MIN,Twins,8,P,,35.3333,0.1141238808631897,0.0,0.1141238808631897
1007614,Paul Lindblad,Paul Lindblad,- - -,- - -,0,P,,57.999900000000004,0.11332713067531586,0.0,0.11332713067531586
1004314,Roger Freed,Roger Freed,STL,Cardinals,28,1B,101.0,,,0.1107696071267128,0.1107696071267128
1009259,Manny Mota,Manny Mota,LAD,Dodgers,22,PH/PR,37.0,,,0.10970558226108551,0.10970558226108551
1013180,Alex Trevino,Alex Trevino,NYM,Mets,25,C,13.0,,,0.10818785429000854,0.10818785429000854
1013946,Jim Wilhelm,Jim Wilhelm,SDP,Padres,29,CF/LF,22.0,,,0.10737905651330948,0.10737905651330948
1002134,Darrel Chaney,Darrel Chaney,ATL,Braves,16,SS,274.0,,,0.10673409700393677,0.10673409700393677
1000305,Tony Armas,Tony Armas,OAK,Athletics,10,RF/CF,258.0,,,0.10576979070901871,0.10576979070901871
1011396,Bill Sample,Bill Sample,TEX,Rangers,13,LF/DH,15.0,,,0.10530464351177216,0.10530464351177216
1002406,Mike Colbern,Mike Colbern,CHW,White Sox,4,C,146.0,,,0.1045413464307785,0.1045413464307785
1000854,Butch Benton,Butch Benton,NYM,Mets,25,C,5.0,,,0.1033795028924942,0.1033795028924942
1008358,Larry McCall,Larry McCall,NYY,Yankees,9,P,,16.0,0.10097286105155945,0.0,0.10097286105155945
1009626,Wayne Nordhagen,Wayne Nordhagen,CHW,White Sox,4,RF/LF/DH,216.0,,,0.10011360049247742,0.10011360049247742
1012718,Champ Summers,Champ Summers,CIN,Reds,18,RF,42.0,,,0.0986023023724556,0.0986023023724556
1000814,Kevin Bell,Kevin Bell,CHW,White Sox,4,3B,76.0,,,0.09732305258512497,0.09732305258512497
1014024,Mike Willis,Mike Willis,TOR,Blue Jays,14,P,,100.6666,0.09156875312328339,0.0,0.09156875312328339
1001759,Tom Buskey,Tom Buskey,TOR,Blue Jays,14,P,,13.3333,0.0858398973941803,0.0,0.0858398973941803
1005315,Gerry Hannahs,Gerry Hannahs,LAD,Dodgers,22,P,,2.0,0.08543737977743149,0.0,0.08543737977743149
1000819,Rob Belloir,Rob Belloir,ATL,Braves,16,3B/SS,1.0,,,0.08534122258424759,0.08534122258424759
1002920,Paul Dade,Paul Dade,CLE,Indians,5,RF,349.0,,,0.08103469759225845,0.08103469759225845
1004876,Mike Gordon,Mike Gordon,CHC,Cubs,17,C,9.0,,,0.07953071594238281,0.07953071594238281
1000689,Ross Baumgarten,Ross Baumgarten,CHW,White Sox,4,P,,23.0,0.07914943993091583,0.0,0.07914943993091583
1001051,Larvell Blanks,Larvell Blanks,CLE,Indians,5,2B/SS,212.0,,,0.07758056372404099,0.07758056372404099
1007022,Mickey Klutts,Mickey Klutts,NYY,Yankees,9,3B,3.0,,,0.07743670791387558,0.07743670791387558
1012747,John Sutton,John Sutton,MIN,Twins,8,P,,44.3333,0.07083012163639069,0.0,0.07083012163639069
1002742,Jim Crawford,Jim Crawford,DET,Tigers,6,P,,39.3333,0.06992973387241364,0.0,0.06992973387241364
1008383,Steve McCatty,Steve McCatty,OAK,Athletics,10,P,,20.0,0.06647246330976486,0.0,0.06647246330976486
1012265,Tony Solaita,Tony Solaita,CAL,Angels,1,1B/DH,110.0,,,0.06313274800777435,0.06313274800777435
1009739,Ron Oester,Ron Oester,CIN,Reds,18,SS,9.0,,,0.06224672496318817,0.06224672496318817
1007220,Art Kusnyer,Art Kusnyer,KCR,Royals,7,C,15.0,,,0.062181588262319565,0.062181588262319565
1008963,Brian Milner,Brian Milner,TOR,Blue Jays,14,C,9.0,,,0.06146508827805519,0.06146508827805519
1009060,John Montague,John Montague,SEA,Mariners,11,P,,43.6666,0.06125420704483986,0.0,0.06125420704483986
1004483,Jim Gantner,Jim Gantner,MIL,Brewers,23,2B/3B,105.0,,,0.06108676642179489,0.06108676642179489
1009688,Dan O'Brien,Dan O'Brien,STL,Cardinals,28,P,4.0,18.0,0.1161724179983139,-0.05661262571811676,0.059559792280197144
1006508,Tom Johnson,Tom Johnson,MIN,Twins,8,P,,32.6666,0.05793957784771919,0.0,0.05793957784771919
1014179,Jim Wohlford,Jim Wohlford,MIL,Brewers,23,RF/LF,127.0,,,0.05695468932390213,0.05695468932390213
1007162,Rick Kreuger,Rick Kreuger,CLE,Indians,5,P,,9.3333,0.054035965353250504,0.0,0.054035965353250504
1001719,Sheldon Burnside,Sheldon Burnside,DET,Tigers,6,P,,4.0,0.05388320982456207,0.0,0.05388320982456207
1007292,Rafael Landestoy,Rafael Landestoy,HOU,Astros,21,SS,230.0,,,0.05198841542005539,0.05198841542005539
1012268,Eddie Solomon,Eddie Solomon,ATL,Braves,16,P,30.0,106.0,0.14867311716079712,-0.09693214297294617,0.05174097418785095
1014035,Rick Williams,Rick Williams,HOU,Astros,21,P,5.0,34.6666,0.11700361222028732,-0.06586740165948868,0.051136210560798645
1009970,David Palmer,David Palmer,MON,Expos,24,P,1.0,9.6666,0.06414881348609924,-0.013898619450628757,0.050250194035470486
1013912,Ernie Whitt,Ernie Whitt,TOR,Blue Jays,14,C,5.0,,,0.047100041061639786,0.047100041061639786
1001626,Mark Budaska,Mark Budaska,OAK,Athletics,10,RF/LF,5.0,,,0.046925365924835205,0.046925365924835205
1000126,Matt Alexander,Matt Alexander,PIT,Pirates,27,PH/PR,,,,0.04541226103901863,0.04541226103901863
1011749,Manny Seoane,Manny Seoane,CHC,Cubs,17,P,,8.3333,0.043731316924095154,0.0,0.043731316924095154
1005288,Ike Hampton,Ike Hampton,CAL,Angels,1,C,16.0,,,0.04089256376028061,0.04089256376028061
1007710,Alberto Lois,Alberto Lois,PIT,Pirates,27,CF/LF,4.0,,,0.0400179885327816,0.0400179885327816
1000059,Mike Adams,Mike Adams,OAK,Athletics,10,2B/3B/DH,22.0,,,0.039662912487983704,0.039662912487983704
1000368,Doug Ault,Doug Ault,TOR,Blue Jays,14,1B,124.0,,,0.03810371831059456,0.03810371831059456
1010891,Frank Riccelli,Frank Riccelli,HOU,Astros,21,P,,3.0,0.036461085081100464,0.0,0.036461085081100464
1002192,Rich Chiles,Rich Chiles,MIN,Twins,8,LF,225.0,,,0.03383859992027283,0.03383859992027283
1000231,Jim Anderson,Jim Anderson,CAL,Angels,1,SS,127.0,,,0.032876912504434586,0.032876912504434586
1013942,Mark Wiley,Mark Wiley,- - -,- - -,0,P,2.0,10.3332,0.05933079682290554,-0.026509197428822517,0.03282159939408302
1004914,Mike Grace,Mike Grace,CIN,Reds,18,3B,3.0,,,0.032438427209854126,0.032438427209854126
1009118,Junior Moore,Junior Moore,CHW,White Sox,4,3B/DH,71.0,,,0.03242328763008118,0.03242328763008118
1012492,Earl Stephenson,Earl Stephenson,BAL,Orioles,2,P,,9.6666,0.03104768693447113,0.0,0.03104768693447113
1011299,Chico Ruiz,Chico Ruiz,ATL,Braves,16,2B,48.0,,,0.030414100736379623,0.030414100736379623
1004169,Gil Flores,Gil Flores,NYM,Mets,25,RF/CF,33.0,,,0.02821323089301586,0.02821323089301586
1000553,Mike Barlow,Mike Barlow,CAL,Angels,1,P,,2.0,0.028040612116456032,0.0,0.028040612116456032
1003315,Kerry Dineen,Kerry Dineen,PHI,Phillies,26,LF,9.0,,,0.02721569314599037,0.02721569314599037
1003608,Jim Dwyer,Jim Dwyer,- - -,- - -,0,1B/CF,283.0,,,0.026832863688468933,0.026832863688468933
1012519,Dave Stewart,Dave Stewart,LAD,Dodgers,22,P,,2.0,0.025885527953505516,0.0,0.025885527953505516
1013889,Myron White,Myron White,LAD,Dodgers,22,RF/LF,5.0,,,0.025077592581510544,0.025077592581510544
1003935,Ed Farmer,Ed Farmer,MIL,Brewers,23,P,,11.0,0.02220851555466652,0.0,0.02220851555466652
1013657,La Rue Washington,La Rue Washington,TEX,Rangers,13,2B/DH,3.0,,,0.021567920222878456,0.021567920222878456
1007572,Dennis Lewallyn,Dennis Lewallyn,LAD,Dodgers,22,P,,2.0,0.020307891070842743,0.0,0.020307891070842743
1002635,Terry Cornutt,Terry Cornutt,SFG,Giants,30,P,,3.0,0.019739534705877304,0.0,0.019739534705877304
1013286,Del Unser,Del Unser,MON,Expos,24,1B,206.0,,,0.01966477558016777,0.01966477558016777
1012739,Gary Sutherland,Gary Sutherland,STL,Cardinals,28,2B,8.0,,,0.01674846187233925,0.01674846187233925
1005092,Jerry Grote,Jerry Grote,LAD,Dodgers,22,C,83.0,,,0.013285571709275246,0.013285571709275246
1012861,Bruce Taylor,Bruce Taylor,DET,Tigers,6,P,,1.0,0.008637974038720131,0.0,0.008637974038720131
1010296,Mike Phillips,Mike Phillips,STL,Cardinals,28,2B,186.0,,,0.007181008346378803,0.007181008346378803
1000516,Floyd Bannister,Floyd Bannister,HOU,Astros,21,P,37.0,110.3333,-0.04184715822339058,0.048984844237565994,0.007137686014175415
1003020,Mike Davey,Mike Davey,ATL,Braves,16,P,,2.6666,0.007064508739858866,0.0,0.007064508739858866
1003711,Juan Eichelberger,Juan Eichelberger,SDP,Padres,29,P,,3.3333,0.006842643488198519,0.0,0.006842643488198519
1011457,Kevin Saucier,Kevin Saucier,PHI,Phillies,26,P,,2.0,0.0055392892099916935,0.0,0.0055392892099916935
1012947,Duane Theiss,Duane Theiss,ATL,Braves,16,P,1.0,6.3333,0.020390436053276062,-0.015212014317512512,0.00517842173576355
1000896,Dale Berra,Dale Berra,PIT,Pirates,27,3B,151.0,,,0.004107923246920109,0.004107923246920109
1004346,Pepe Frias,Pepe Frias,MON,Expos,24,2B,17.0,,,0.002937692916020751,0.002937692916020751
1001426,Dan Briggs,Dan Briggs,CLE,Indians,5,RF,53.0,,,0.0009387685568071902,0.0009387685568071902
1010677,Domingo Ramos,Domingo Ramos,NYY,Yankees,9,SS,,,,0.000744628778193146,0.000744628778193146
1011120,Gary Roenicke,Gary Roenicke,BAL,Orioles,2,LF,70.0,,,0.0005660156020894647,0.0005660156020894647
1008889,Dyar Miller,Dyar Miller,CAL,Angels,1,P,,84.6666,-0.0010165860876441002,0.0,-0.0010165860876441002
1011056,Bruce Robinson,Bruce Robinson,OAK,Athletics,10,C,88.0,,,-0.0033082894515246153,-0.0033082894515246153
1009460,Philip Nastu,Philip Nastu,SFG,Giants,30,P,1.0,8.0,0.010444344952702522,-0.013802423141896725,-0.0033580781891942024
1009631,Dan Norman,Dan Norman,NYM,Mets,25,RF,67.0,,,-0.00423862598836422,-0.00423862598836422
1001565,Tom Brown,Tom Brown,SEA,Mariners,11,P,,13.0,-0.009349021129310131,0.0,-0.009349021129310131
1001123,Tommy Boggs,Tommy Boggs,ATL,Braves,16,P,19.0,59.0,-0.06832440197467804,0.05655229091644287,-0.011772111058235168
1008289,John Mayberry,John Mayberry,TOR,Blue Jays,14,1B,587.0,,,-0.012111429125070572,-0.012111429125070572
1013048,George Throop,George Throop,KCR,Royals,7,P,,3.0,-0.012386897578835487,0.0,-0.012386897578835487
1008292,Dave May,Dave May,- - -,- - -,0,CF/DH,96.0,,,-0.014570945873856544,-0.014570945873856544
1013110,Dave Tomlin,Dave Tomlin,CIN,Reds,18,P,5.0,62.3333,-0.020368603989481926,0.0039443327113986015,-0.016424271278083324
1007459,Mark Lee,Mark Lee,SDP,Padres,29,P,6.0,85.0,0.06300533562898636,-0.0795276015996933,-0.01652226597070694
1012343,Harry Spilman,Harry Spilman,CIN,Reds,18,PH/PR,4.0,,,-0.016962245106697083,-0.016962245106697083
1001131,Bruce Boisclair,Bruce Boisclair,NYM,Mets,25,RF,244.0,,,-0.018259940668940544,-0.018259940668940544
1001132,Dan Boitano,Dan Boitano,PHI,Phillies,26,P,,1.0,-0.01884593814611435,0.0,-0.01884593814611435
1007986,Greg Mahlberg,Greg Mahlberg,TEX,Rangers,13,C,1.0,,,-0.019951194524765015,-0.019951194524765015
1003141,Arturo DeFreitas,Arturo DeFreitas,CIN,Reds,18,1B,21.0,,,-0.020034708082675934,-0.020034708082675934
1010636,Dave Rader,Dave Rader,CHC,Cubs,17,C,348.0,,,-0.02030385471880436,-0.02030385471880436
1005546,Fran Healy,Fran Healy,NYY,Yankees,9,C,1.0,,,-0.021848758682608604,-0.021848758682608604
1005430,Roric Harrison,Roric Harrison,MIN,Twins,8,P,,12.0,-0.02309969626367092,0.0,-0.02309969626367092
1012341,Charlie Spikes,Charlie Spikes,DET,Tigers,6,RF,32.0,,,-0.024580296128988266,-0.024580296128988266
1003548,Dan Dumoulin,Dan Dumoulin,CIN,Reds,18,P,,5.0,-0.025446921586990356,0.0,-0.025446921586990356
1004330,Jim Fregosi,Jim Fregosi,PIT,Pirates,27,1B/3B,26.0,,,-0.026353711262345314,-0.026353711262345314
1004197,Marv Foley,Marv Foley,CHW,White Sox,4,C,38.0,,,-0.02700597606599331,-0.02700597606599331
1005306,Larry Haney,Larry Haney,MIL,Brewers,23,C,5.0,,,-0.027958285063505173,-0.027958285063505173
1012289,Mario Soto,Mario Soto,CIN,Reds,18,P,3.0,18.0,0.013140657916665077,-0.042458437383174896,-0.02931777946650982
1009285,Willie Mueller,Willie Mueller,MIL,Brewers,23,P,,12.6666,-0.03146049380302429,0.0,-0.03146049380302429
1004308,George Frazier,George Frazier,STL,Cardinals,28,P,3.0,22.0,-0.06503718346357346,0.03224891796708107,-0.032788265496492386
1011881,Dennis Sherrill,Dennis Sherrill,NYY,Yankees,9,3B/DH,1.0,,,-0.033725589513778687,-0.033725589513778687
1002476,Bob Coluccio,Bob Coluccio,STL,Cardinals,28,RF/LF,4.0,,,-0.036770015954971313,-0.036770015954971313
1003075,Ron Davis,Ron Davis,NYY,Yankees,9,P,,2.3333,-0.0394180566072464,0.0,-0.0394180566072464
1007912,Pete Mackanin,Pete Mackanin,PHI,Phillies,26,1B/3B,8.0,,,-0.04069185629487038,-0.04069185629487038
1000486,Reggie Baldwin,Reggie Baldwin,HOU,Astros,21,C,70.0,,,-0.040718842297792435,-0.040718842297792435
1007908,Ken Macha,Ken Macha,PIT,Pirates,27,3B,65.0,,,-0.04098934680223465,-0.04098934680223465
1001284,Doe Boyland,Doe Boyland,PIT,Pirates,27,1B,8.0,,,-0.041256800293922424,-0.041256800293922424
1008199,Ted Martinez,Ted Martinez,LAD,Dodgers,22,3B/SS,61.0,,,-0.04151982441544533,-0.04151982441544533
1005091,Wayne Gross,Wayne Gross,OAK,Athletics,10,3B,335.0,,,-0.04156338796019554,-0.04156338796019554
1001997,Clay Carroll,Clay Carroll,PIT,Pirates,27,P,,4.0,-0.041962556540966034,0.0,-0.041962556540966034
1003261,Bo Diaz,Bo Diaz,CLE,Indians,5,C,133.0,,,-0.04357081651687622,-0.04357081651687622
1008926,Randy Miller,Randy Miller,MON,Expos,24,P,1.0,7.0,-0.031087283045053482,-0.013898619450628757,-0.04498590249568224
1000648,Randy Bass,Randy Bass,KCR,Royals,7,PH/PR,2.0,,,-0.04597005993127823,-0.04597005993127823
1003314,Mike Dimmel,Mike Dimmel,BAL,Orioles,2,RF,,,,-0.046355802565813065,-0.046355802565813065
1009625,Tim Nordbrook,Tim Nordbrook,- - -,- - -,0,SS,9.0,,,-0.046882059425115585,-0.046882059425115585
1009952,Karl Pagel,Karl Pagel,CHC,Cubs,17,PH/PR,2.0,,,-0.04806601628661156,-0.04806601628661156
1012734,Rick Sutcliffe,Rick Sutcliffe,LAD,Dodgers,22,P,,1.6665999999999999,-0.05004832148551941,0.0,-0.05004832148551941
1000710,Charlie Beamon,Charlie Beamon,SEA,Mariners,11,1B/DH,12.0,,,-0.05372048169374466,-0.05372048169374466
1000327,Fernando Arroyo,Fernando Arroyo,DET,Tigers,6,P,,4.3333,-0.05473487079143524,0.0,-0.05473487079143524
1005086,Greg Gross,Greg Gross,CHC,Cubs,17,CF/LF,390.0,,,-0.055760517716407776,-0.055760517716407776
1009337,Steve Mura,Steve Mura,SDP,Padres,29,P,1.0,7.6666,-0.044424813240766525,-0.013254598714411259,-0.057679411955177784
1003691,Mike Edwards,Mike Edwards,OAK,Athletics,10,2B,446.0,,,-0.058917127549648285,-0.058917127549648285
1001250,Sam Bowen,Sam Bowen,BOS,Red Sox,3,CF/LF,8.0,,,-0.05931103974580765,-0.05931103974580765
1003750,John Ellis,John Ellis,TEX,Rangers,13,C,104.0,,,-0.06101733446121216,-0.06101733446121216
1000102,Butch Alberts,Butch Alberts,TOR,Blue Jays,14,DH,18.0,,,-0.06109995394945145,-0.06109995394945145
1007641,Larry Lintz,Larry Lintz,CLE,Indians,5,PH/PR,,,,-0.06116912141442299,-0.06116912141442299
1005700,Enzo Hernandez,Enzo Hernandez,LAD,Dodgers,22,SS,3.0,,,-0.06263621896505356,-0.06263621896505356
1007724,Jim Lonborg,Jim Lonborg,PHI,Phillies,26,P,41.0,113.6666,-0.2021842896938324,0.13526615500450134,-0.06691813468933105
1012312,Horace Speed,Horace Speed,CLE,Indians,5,RF/CF,124.0,,,-0.06793929636478424,-0.06793929636478424
1010621,Jamie Quirk,Jamie Quirk,KCR,Royals,7,3B,34.0,,,-0.06917055696249008,-0.06917055696249008
1009039,Bob Molinaro,Bob Molinaro,CHW,White Sox,4,RF/DH,311.0,,,-0.07028665393590927,-0.07028665393590927
1009575,Steve Nicosia,Steve Nicosia,PIT,Pirates,27,C,6.0,,,-0.0739552304148674,-0.0739552304148674
1002105,Rick Cerone,Rick Cerone,TOR,Blue Jays,14,C,310.0,,,-0.07442294806241989,-0.07442294806241989
1006480,Larry Johnson,Larry Johnson,CHW,White Sox,4,C/DH,9.0,,,-0.07757224887609482,-0.07757224887609482
1010386,Ed Plank,Ed Plank,SFG,Giants,30,P,,6.6666,-0.07935349643230438,0.0,-0.07935349643230438
1008977,Craig Minetto,Craig Minetto,OAK,Athletics,10,P,,12.0,-0.08048757910728455,0.0,-0.08048757910728455
1010576,Ed Putman,Ed Putman,CHC,Cubs,17,3B,29.0,,,-0.08107127249240875,-0.08107127249240875
1014399,Jeff Yurak,Jeff Yurak,MIL,Brewers,23,LF,6.0,,,-0.08170133084058762,-0.08170133084058762
1001901,Rick Camp,Rick Camp,ATL,Braves,16,P,10.0,74.3333,0.006025000475347042,-0.08781348913908005,-0.081788488663733
1005133,Brad Gulden,Brad Gulden,LAD,Dodgers,22,C,4.0,,,-0.08277034759521484,-0.08277034759521484
1006311,Roy Lee Jackson,Roy Lee Jackson,NYM,Mets,25,P,3.0,12.6666,-0.19185614585876465,0.10860469192266464,-0.0832514539361
1004970,Gary Gray,Gary Gray,TEX,Rangers,13,DH,51.0,,,-0.08325938880443573,-0.08325938880443573
1010675,Bobby Ramos,Bobby Ramos,MON,Expos,24,C,4.0,,,-0.08469683676958084,-0.08469683676958084
1011270,Jerry Royster,Jerry Royster,ATL,Braves,16,2B/SS,600.0,,,-0.08581967651844025,-0.08581967651844025
1010190,Broderick Perkins,Broderick Perkins,SDP,Padres,29,1B,227.0,,,-0.08688068389892578,-0.08688068389892578
1006437,Cliff Johnson,Cliff Johnson,NYY,Yankees,9,C/DH,205.0,,,-0.08831968903541565,-0.08831968903541565
1007361,Dan Larson,Dan Larson,PHI,Phillies,26,P,,1.0,-0.09061111509799957,0.0,-0.09061111509799957
1010869,Don Reynolds,Don Reynolds,SDP,Padres,29,LF,102.0,,,-0.0906447321176529,-0.0906447321176529
1013543,Dave Wallace,Dave Wallace,TOR,Blue Jays,14,P,,14.0,-0.09222961217164993,0.0,-0.09222961217164993
1002068,Tony Castillo,Tony Castillo,SDP,Padres,29,C,9.0,,,-0.09477339684963226,-0.09477339684963226
1007402,Rudy Law,Rudy Law,LAD,Dodgers,22,CF/LF,13.0,,,-0.0975395068526268,-0.0975395068526268
67,Mike Morgan,Mike Morgan,OAK,Athletics,10,P,,12.3333,-0.09763156622648239,0.0,-0.09763156622648239
1007660,Dennis Littlejohn,Dennis Littlejohn,SFG,Giants,30,C,,,,-0.0985107421875,-0.0985107421875
1006441,Dave Johnson,Dave Johnson,MIN,Twins,8,P,,12.0,-0.1001867800951004,0.0,-0.1001867800951004
1012074,Hank Small,Hank Small,ATL,Braves,16,1B,4.0,,,-0.10260910540819168,-0.10260910540819168
1009392,Larry Murray,Larry Murray,OAK,Athletics,10,LF,15.0,,,-0.10502348840236664,-0.10502348840236664
1004518,Art Gardner,Art Gardner,SFG,Giants,30,PH/PR,3.0,,,-0.10914306342601776,-0.10914306342601776
1003456,Brian Doyle,Brian Doyle,NYY,Yankees,9,2B,54.0,,,-0.11033619940280914,-0.11033619940280914
1009681,Jim Obradovich,Jim Obradovich,HOU,Astros,21,1B,18.0,,,-0.11122304201126099,-0.11122304201126099
1005564,Mike Heath,Mike Heath,NYY,Yankees,9,C,99.0,,,-0.11280334740877151,-0.11280334740877151
1013842,Larry Whisenton,Larry Whisenton,ATL,Braves,16,RF,17.0,,,-0.1131315752863884,-0.1131315752863884
1004789,Ed Glynn,Ed Glynn,DET,Tigers,6,P,,14.6666,-0.11362176388502121,0.0,-0.11362176388502121
1004842,Orlando Gonzalez,Orlando Gonzalez,PHI,Phillies,26,RF,27.0,,,-0.11816171556711197,-0.11816171556711197
1001374,Jim Breazeale,Jim Breazeale,CHW,White Sox,4,1B,81.0,,,-0.11822859197854996,-0.11822859197854996
1007542,Max Leon,Max Leon,ATL,Braves,16,P,,5.6666,-0.12049619853496552,0.0,-0.12049619853496552
1011682,George Scott,George Scott,BOS,Red Sox,3,1B,466.0,,,-0.12530826032161713,-0.12530826032161713
1010074,Marty Pattin,Marty Pattin,KCR,Royals,7,P,,78.6666,-0.12579751014709473,0.0,-0.12579751014709473
1008068,Rick Manning,Rick Manning,CLE,Indians,5,CF,616.0,,,-0.12617166340351105,-0.12617166340351105
1010043,Kevin Pasley,Kevin Pasley,SEA,Mariners,11,C,58.0,,,-0.1269175261259079,-0.1269175261259079
1001156,Mark Bomback,Mark Bomback,MIL,Brewers,23,P,,1.6665999999999999,-0.12773999571800232,0.0,-0.12773999571800232
1001702,Britt Burns,Britt Burns,CHW,White Sox,4,P,,7.6666,-0.13135524094104767,0.0,-0.13135524094104767
1000446,Chuck Baker,Chuck Baker,SDP,Padres,29,2B/SS,66.0,,,-0.13219591975212097,-0.13219591975212097
1000420,Bob Bailey,Bob Bailey,BOS,Red Sox,3,DH,116.0,,,-0.1413184255361557,-0.1413184255361557
1007303,Ken Landreaux,Ken Landreaux,CAL,Angels,1,RF/CF/LF,283.0,,,-0.14142444729804993,-0.14142444729804993
1009161,Keith Moreland,Keith Moreland,PHI,Phillies,26,C,2.0,,,-0.143208310008049,-0.143208310008049
1006622,Mike Jorgensen,Mike Jorgensen,TEX,Rangers,13,1B,118.0,,,-0.1432117223739624,-0.1432117223739624
1004832,Fernando Gonzalez,Fernando Gonzalez,- - -,- - -,0,2B,372.0,,,-0.14453831315040588,-0.14453831315040588
1009403,Tony Muser,Tony Muser,MIL,Brewers,23,1B,34.0,,,-0.14468394219875336,-0.14468394219875336
1003556,Taylor Duncan,Taylor Duncan,OAK,Athletics,10,3B,348.0,,,-0.1493198424577713,-0.1493198424577713
1001916,Joe Cannon,Joe Cannon,HOU,Astros,21,CF/LF,18.0,,,-0.15010662376880646,-0.15010662376880646
1014237,Gary Woods,Gary Woods,TOR,Blue Jays,14,RF,20.0,,,-0.15170477330684662,-0.15170477330684662
1000865,Juan Berenguer,Juan Berenguer,NYM,Mets,25,P,3.0,13.0,-0.11426691710948944,-0.040812086313962936,-0.15507900342345238
1007357,Henry LaRose,John LaRose,BOS,Red Sox,3,P,,2.0,-0.15524181723594666,0.0,-0.15524181723594666
1007528,Jim Lentine,Jim Lentine,STL,Cardinals,28,RF/LF,12.0,,,-0.15818378329277039,-0.15818378329277039
1011741,Mike Sember,Mike Sember,CHC,Cubs,17,3B,4.0,,,-0.15917463600635529,-0.15917463600635529
1000174,Bill Almon,Bill Almon,SDP,Padres,29,3B,442.0,,,-0.16433711349964142,-0.16433711349964142
1002829,Terry Crowley,Terry Crowley,BAL,Orioles,2,DH,105.0,,,-0.16578854620456696,-0.16578854620456696
1007949,Jerry Maddox,Jerry Maddox,ATL,Braves,16,3B,15.0,,,-0.16781814396381378,-0.16781814396381378
1004575,Jim Gaudet,Jim Gaudet,KCR,Royals,7,C,8.0,,,-0.16824303567409515,-0.16824303567409515
1006345,Bob James,Bob James,MON,Expos,24,P,,4.0,-0.16915030777454376,0.0,-0.16915030777454376
1001171,Barry Bonnell,Barry Bonnell,ATL,Braves,16,CF/LF,326.0,,,-0.17307685315608978,-0.17307685315608978
1006440,Davey Johnson,Davey Johnson,- - -,- - -,0,2B/3B,158.0,,,-0.17956945300102234,-0.17956945300102234
1008834,Scott Meyer,Scott Meyer,OAK,Athletics,10,C,9.0,,,-0.18212442100048065,-0.18212442100048065
1006354,Skip James,Skip James,SFG,Giants,30,1B,26.0,,,-0.18245063722133636,-0.18245063722133636
1012367,Bobby Sprowl,Bobby Sprowl,BOS,Red Sox,3,P,,12.6666,-0.1844010055065155,0.0,-0.1844010055065155
1001745,Steve Busby,Steve Busby,KCR,Royals,7,P,,21.3333,-0.18625032901763916,0.0,-0.18625032901763916
1012471,Randy Stein,Randy Stein,MIL,Brewers,23,P,,72.6666,-0.1880693882703781,0.0,-0.1880693882703781
1012556,Tim Stoddard,Tim Stoddard,BAL,Orioles,2,P,,18.0,-0.19122633337974548,0.0,-0.19122633337974548
1008893,Eddie Miller,Eddie Miller,ATL,Braves,16,CF/LF,24.0,,,-0.1921418309211731,-0.1921418309211731
1000409,Jose Báez,Jose Baez,SEA,Mariners,11,2B,58.0,,,-0.19356408715248108,-0.19356408715248108
1001912,John Caneira,John Caneira,CAL,Angels,1,P,,7.6666,-0.19398778676986694,0.0,-0.19398778676986694
1001937,Jose Cardenal,Jose Cardenal,PHI,Phillies,26,1B,226.0,,,-0.19469229876995087,-0.19469229876995087
1006828,Fred Kendall,Fred Kendall,BOS,Red Sox,3,C/1B,44.0,,,-0.19769537448883057,-0.19769537448883057
1012027,Ted Sizemore,Ted Sizemore,PHI,Phillies,26,2B,386.0,,,-0.19910451769828796,-0.19910451769828796
1003613,Duffy Dyer,Duffy Dyer,PIT,Pirates,27,C,199.0,,,-0.1993301659822464,-0.1993301659822464
1010751,Pete Redfern,Pete Redfern,MIN,Twins,8,P,,9.6666,-0.19940602779388428,0.0,-0.19940602779388428
1011361,Mike Sadek,Mike Sadek,SFG,Giants,30,C,120.0,,,-0.1995849609375,-0.1995849609375
1000176,Sandy Alomar Sr.,Sandy Alomar,TEX,Rangers,13,1B/2B,31.0,,,-0.20002636313438416,-0.20002636313438416
1008196,Silvio Martinez,Silvio Martinez,STL,Cardinals,28,P,53.0,138.3333,-0.1972445845603943,-0.002833291655406356,-0.20007787621580064
1001926,Doug Capilla,Doug Capilla,CIN,Reds,18,P,2.0,11.0,-0.17324863374233246,-0.028305619955062866,-0.20155425369739532
1002543,Tim Conroy,Tim Conroy,OAK,Athletics,10,P,,4.6666,-0.2044638991355896,0.0,-0.2044638991355896
1002428,Joe Coleman,Joe Coleman,- - -,- - -,0,P,,80.3332,-0.20555026829242706,0.0,-0.20555026829242706
1005035,Tom Grieve,Tom Grieve,NYM,Mets,25,RF,110.0,,,-0.20902083814144135,-0.20902083814144135
1006268,Garth Iorg,Garth Iorg,TOR,Blue Jays,14,2B,55.0,,,-0.21140363812446594,-0.21140363812446594
1004210,Barry Foote,Barry Foote,PHI,Phillies,26,C,58.0,,,-0.2125636637210846,-0.2125636637210846
1001081,Ron Blomberg,Ron Blomberg,CHW,White Sox,4,DH,169.0,,,-0.220182865858078,-0.220182865858078
1003907,Ron Fairly,Ron Fairly,CAL,Angels,1,1B,268.0,,,-0.2212068885564804,-0.2212068885564804
1000703,Bob Beall,Bob Beall,ATL,Braves,16,1B,225.0,,,-0.22452250123023987,-0.22452250123023987
1007058,Darold Knowles,Darold Knowles,MON,Expos,24,P,7.0,72.0,-0.21529455482959747,-0.010138098150491714,-0.2254326529800892
1012803,Jerry Tabb,Jerry Tabb,OAK,Athletics,10,1B/DH,11.0,,,-0.22750434279441833,-0.22750434279441833
1010686,Mike Ramsey,Mike Ramsey,STL,Cardinals,28,SS,5.0,,,-0.22796757519245148,-0.22796757519245148
1014416,Oscar Zamora,Oscar Zamora,HOU,Astros,21,P,2.0,15.0,-0.2016926407814026,-0.026346957311034203,-0.2280395980924368
1002128,Mike Champion,Mike Champion,SDP,Padres,29,2B,59.0,,,-0.22967055439949036,-0.22967055439949036
1000515,Alan Bannister,Alan Bannister,CHW,White Sox,4,DH,119.0,,,-0.2300233095884323,-0.2300233095884323
1007256,Joe Lahoud,Joe Lahoud,KCR,Royals,7,RF/DH,16.0,,,-0.2306673228740692,-0.2306673228740692
1003648,Rawly Eastwick,Rawly Eastwick,- - -,- - -,0,P,3.0,64.9999,-0.1921314001083374,-0.042985700070858,-0.2351171001791954
1009314,Jerry Mumphrey,Jerry Mumphrey,STL,Cardinals,28,RF/CF/LF,403.0,,,-0.23937083780765533,-0.23937083780765533
1000887,Dwight Bernard,Dwight Bernard,NYM,Mets,25,P,6.0,48.0,-0.29070183634757996,0.05096475034952164,-0.23973708599805832
1002770,Dave Cripe,Dave Cripe,KCR,Royals,7,3B,13.0,,,-0.24134665727615356,-0.24134665727615356
1000926,Jim Beswick,Jim Beswick,SDP,Padres,29,RF/CF,21.0,,,-0.242478147149086,-0.242478147149086
1010759,Bob Reece,Bob Reece,MON,Expos,24,C,11.0,,,-0.2442731112241745,-0.2442731112241745
1013731,Dave Wehrmeister,Dave Wehrmeister,SDP,Padres,29,P,1.0,7.3333,-0.23330143094062805,-0.013254598714411259,-0.2465560296550393
1009986,Stan Papi,Stan Papi,MON,Expos,24,3B/SS,167.0,,,-0.2471574991941452,-0.2471574991941452
1003859,Barry Evans,Barry Evans,SDP,Padres,29,3B,95.0,,,-0.24876247346401215,-0.24876247346401215
1012411,Fred Stanley,Fred Stanley,NYY,Yankees,9,SS,189.0,,,-0.24962230026721954,-0.24962230026721954
1010399,Bill Plummer,Bill Plummer,SEA,Mariners,11,C,106.0,,,-0.2562822699546814,-0.2562822699546814
1013488,Mark Wagner,Mark Wagner,DET,Tigers,6,SS,117.0,,,-0.25715723633766174,-0.25715723633766174
1012816,John Tamargo,John Tamargo,- - -,- - -,0,C,119.0,,,-0.2572682872414589,-0.2572682872414589
1012415,Mickey Stanley,Mickey Stanley,DET,Tigers,6,1B/RF,160.0,,,-0.25816792249679565,-0.25816792249679565
1008521,Randy McGilberry,Randy McGilberry,KCR,Royals,7,P,,25.6666,-0.25949129462242126,0.0,-0.25949129462242126
1014248,Wilbur Wood,Wilbur Wood,CHW,White Sox,4,P,,168.0,-0.2625095546245575,0.0,-0.2625095546245575
1003639,Jamie Easterly,Jamie Easterly,ATL,Braves,16,P,21.0,78.0,-0.3526904582977295,0.08923940360546112,-0.26345105469226837
1010418,Dick Pole,Dick Pole,SEA,Mariners,11,P,,98.6666,-0.2634604275226593,0.0,-0.2634604275226593
1014207,Darrell Woodard,Darrell Woodard,OAK,Athletics,10,2B,10.0,,,-0.2679142653942108,-0.2679142653942108
1007754,Carlos Lopez,Carlos Lopez,BAL,Orioles,2,RF/CF,205.0,,,-0.2697503864765167,-0.2697503864765167
1003670,Mike Eden,Mike Eden,CHW,White Sox,4,2B/SS,21.0,,,-0.2733350992202759,-0.2733350992202759
1007043,Ray Knight,Ray Knight,CIN,Reds,18,3B,68.0,,,-0.2738347053527832,-0.2738347053527832
1001402,Ken Brett,Ken Brett,CAL,Angels,1,P,,100.0,-0.2742678225040436,0.0,-0.2742678225040436
1010182,Marty Perez,Marty Perez,OAK,Athletics,10,3B,13.0,,,-0.2754194438457489,-0.2754194438457489
1008771,Rudy Meoli,Rudy Meoli,CHC,Cubs,17,2B/3B,35.0,,,-0.27606886625289917,-0.27606886625289917
1001668,Tom Burgmeier,Tom Burgmeier,BOS,Red Sox,3,P,,61.3333,-0.2808336019515991,0.0,-0.2808336019515991
1001610,Steve Brye,Steve Brye,PIT,Pirates,27,RF/LF,130.0,,,-0.2808946967124939,-0.2808946967124939
1006850,Terry Kennedy,Terry Kennedy,STL,Cardinals,28,C,33.0,,,-0.281582236289978,-0.281582236289978
1013560,Joe Wallis,Joe Wallis,- - -,- - -,0,CF,371.0,,,-0.28453078866004944,-0.28453078866004944
1006038,Willie Horton,Willie Horton,- - -,- - -,0,DH,425.0,,,-0.2880646884441376,-0.2880646884441376
1009359,Dwayne Murphy,Dwayne Murphy,OAK,Athletics,10,RF/LF,62.0,,,-0.31333237886428833,-0.31333237886428833
1005479,Ron Hassey,Ron Hassey,CLE,Indians,5,C,83.0,,,-0.3142124116420746,-0.3142124116420746
1008482,Will McEnaney,Will McEnaney,PIT,Pirates,27,P,,8.6666,-0.3200553059577942,0.0,-0.3200553059577942
1001241,Jim Bouton,Jim Bouton,ATL,Braves,16,P,8.0,29.0,-0.25773394107818604,-0.06381559371948242,-0.32154953479766846
1000260,Rob Andrews,Rob Andrews,SFG,Giants,30,2B,202.0,,,-0.32468748092651367,-0.32468748092651367
1004119,Al Fitzmorris,Al Fitzmorris,- - -,- - -,0,P,,45.9999,-0.32793780229985714,0.0,-0.32793780229985714
1003036,Bob Davis,Bob Davis,SDP,Padres,29,C,42.0,,,-0.33060595393180847,-0.33060595393180847
1009212,Jim Morrison,Jim Morrison,PHI,Phillies,26,2B,123.0,,,-0.33100029826164246,-0.33100029826164246
1008742,Sam Mejias,Sam Mejias,MON,Expos,24,RF/LF,59.0,1.0,-0.013177785091102123,-0.3191679120063782,-0.3323456970974803
1014427,George Zeber,George Zeber,NYY,Yankees,9,2B,6.0,,,-0.3325818181037903,-0.3325818181037903
1009677,Ken Oberkfell,Ken Oberkfell,STL,Cardinals,28,2B,54.0,,,-0.33288872241973877,-0.33288872241973877
1004700,Rod Gilbreath,Rod Gilbreath,ATL,Braves,16,2B/3B,356.0,,,-0.33296698331832886,-0.33296698331832886
1010165,Gene Pentz,Gene Pentz,HOU,Astros,21,P,1.0,15.0,-0.3201168179512024,-0.013173478655517101,-0.3332902966067195
1007140,Ed Kranepool,Ed Kranepool,NYM,Mets,25,RF,93.0,,,-0.33688026666641235,-0.33688026666641235
1010554,Ron Pruitt,Ron Pruitt,CLE,Indians,5,C,205.0,,,-0.3388581871986389,-0.3388581871986389
1010307,Rob Picciolo,Rob Picciolo,OAK,Athletics,10,2B/SS,98.0,,,-0.34202754497528076,-0.34202754497528076
1004538,Wayne Garland,Wayne Garland,CLE,Indians,5,P,,29.6666,-0.34470081329345703,0.0,-0.34470081329345703
1012029,Dave Skaggs,Dave Skaggs,BAL,Orioles,2,C,98.0,,,-0.3468869626522064,-0.3468869626522064
1006946,Dennis Kinney,Dennis Kinney,- - -,- - -,0,P,1.0,45.6666,-0.33398981392383575,-0.013254598714411259,-0.347244412638247
1006188,Terry Humphrey,Terry Humphrey,CAL,Angels,1,C,127.0,,,-0.3502531945705414,-0.3502531945705414
1008579,Dave McKay,Dave McKay,TOR,Blue Jays,14,2B,537.0,,,-0.3508574366569519,-0.3508574366569519
1004379,Jerry Fry,Jerry Fry,MON,Expos,24,C,10.0,,,-0.3508830666542053,-0.3508830666542053
1008986,Greg Minton,Greg Minton,SFG,Giants,30,P,1.0,15.6666,-0.34929367899894714,-0.013802423141896725,-0.36309610214084387
1012041,Craig Skok,Craig Skok,ATL,Braves,16,P,8.0,62.0,-0.4355851411819458,0.06024540588259697,-0.37533973529934883
1003309,Miguel Dilone,Miguel Dilone,OAK,Athletics,10,RF/LF,292.0,,,-0.38070276379585266,-0.38070276379585266
1000237,Mike Anderson,Mike Anderson,BAL,Orioles,2,LF,36.0,,,-0.39009371399879456,-0.39009371399879456
1003884,Sam Ewing,Sam Ewing,TOR,Blue Jays,14,RF/DH,62.0,,,-0.3966081738471985,-0.3966081738471985
1004333,Dave Freisleben,Dave Freisleben,- - -,- - -,0,P,7.0,70.9999,-0.30548015236854553,-0.09278219193220139,-0.3982623443007469
1011375,Lenn Sakata,Lenn Sakata,MIL,Brewers,23,2B,86.0,,,-0.39875611662864685,-0.39875611662864685
1000962,Larry Biittner,Larry Biittner,CHC,Cubs,17,1B/LF,374.0,,,-0.4057867228984833,-0.4057867228984833
1012946,Greg Thayer,Greg Thayer,MIN,Twins,8,P,,45.0,-0.4082101583480835,0.0,-0.4082101583480835
1009430,Bob Myrick,Bob Myrick,NYM,Mets,25,P,2.0,24.6666,-0.3832021951675415,-0.027208052575588226,-0.41041024774312973
1002353,Gene Clines,Gene Clines,CHC,Cubs,17,RF/LF,254.0,,,-0.4149678349494934,-0.4149678349494934
1005944,Fred Holdsworth,Fred Holdsworth,MON,Expos,24,P,,8.6666,-0.41848960518836975,0.0,-0.41848960518836975
1005714,Willie Hernandez,Willie Hernandez,CHC,Cubs,17,P,1.0,59.6666,-0.40344956517219543,-0.015268160961568356,-0.4187177261337638
1009309,Rance Mulliniks,Rance Mulliniks,CAL,Angels,1,SS,130.0,,,-0.4188365936279297,-0.4188365936279297
1008811,Butch Metzger,Butch Metzger,NYM,Mets,25,P,,37.3333,-0.42349910736083984,0.0,-0.42349910736083984
1008608,Bo McLaughlin,Bo McLaughlin,HOU,Astros,21,P,3.0,23.3333,-0.3981751799583435,-0.03952043876051903,-0.43769561871886253
1011950,Paul Siebert,Paul Siebert,NYM,Mets,25,P,1.0,28.0,-0.42575106024742126,-0.013604026287794113,-0.4393550865352154
1006246,Tom Hutton,Tom Hutton,- - -,- - -,0,1B/RF/LF,266.0,,,-0.44286875426769257,-0.44286875426769257
1011498,Mac Scarce,Mac Scarce,MIN,Twins,8,P,,32.0,-0.44287973642349243,0.0,-0.44287973642349243
1002449,Dave Collins,Dave Collins,CIN,Reds,18,CF,120.0,,,-0.4458616077899933,-0.4458616077899933
1002057,Bobby Castillo,Bobby Castillo,LAD,Dodgers,22,P,7.0,34.0,-0.3513220250606537,-0.09695949405431747,-0.44828151911497116
1006463,Jay Johnstone,Jay Johnstone,- - -,- - -,0,RF/LF,135.0,,,-0.4558907672762871,-0.4558907672762871
1000350,Bill Atkinson,Bill Atkinson,MON,Expos,24,P,4.0,45.3333,-0.5516202449798584,0.09382230788469315,-0.45779793709516525
1008220,Jim Mason,Jim Mason,TEX,Rangers,13,SS,116.0,,,-0.46463799476623535,-0.46463799476623535
1013659,U L Washington,U L Washington,KCR,Royals,7,2B/SS,142.0,,,-0.4680377244949341,-0.4680377244949341
1003532,Frank Duffy,Frank Duffy,BOS,Red Sox,3,3B/SS,117.0,,,-0.4764871299266815,-0.4764871299266815
1000052,Glenn Adams,Glenn Adams,MIN,Twins,8,DH,329.0,,,-0.4793187081813812,-0.4793187081813812
1005054,Tom Griffin,Tom Griffin,CAL,Angels,1,P,,56.0,-0.4832600951194763,0.0,-0.4832600951194763
1000892,Juan Bernhardt,Juan Bernhardt,SEA,Mariners,11,1B/3B,182.0,,,-0.4921993613243103,-0.4921993613243103
1012330,Tom Spencer,Tom Spencer,CHW,White Sox,4,CF,67.0,,,-0.49609026312828064,-0.49609026312828064
1014425,Joe Zdeb,Joe Zdeb,KCR,Royals,7,LF,141.0,,,-0.4977233409881592,-0.4977233409881592
1004161,John Flinn,John Flinn,BAL,Orioles,2,P,,15.6666,-0.5074456334114075,0.0,-0.5074456334114075
1000546,Len Barker,Len Barker,TEX,Rangers,13,P,,52.3333,-0.5109254717826843,0.0,-0.5109254717826843
1008156,Buck Martinez,Buck Martinez,MIL,Brewers,23,C,286.0,,,-0.5129973888397217,-0.5129973888397217
1008423,Willie McCovey,Willie McCovey,SFG,Giants,30,1B,389.0,,,-0.5197661519050598,-0.5197661519050598
1000833,Juan Beniquez,Juan Beniquez,TEX,Rangers,13,CF,510.0,,,-0.5206936001777649,-0.5206936001777649
1011434,Manny Sanguillen,Manny Sanguillen,PIT,Pirates,27,C/1B,235.0,,,-0.5241345167160034,-0.5241345167160034
1010577,Pat Putnam,Pat Putnam,TEX,Rangers,13,1B/DH,49.0,,,-0.5261068940162659,-0.5261068940162659
1014234,Al Woods,Al Woods,TOR,Blue Jays,14,LF,239.0,,,-0.5300036072731018,-0.5300036072731018
1008799,Andy Messersmith,Andy Messersmith,NYY,Yankees,9,P,,22.3333,-0.534107506275177,0.0,-0.534107506275177
1003515,Keith Drumright,Keith Drumright,HOU,Astros,21,2B,59.0,,,-0.5370833277702332,-0.5370833277702332
1008400,Bob McClure,Bob McClure,MIL,Brewers,23,P,,65.0,-0.5392211675643921,0.0,-0.5392211675643921
1012484,Rennie Stennett,Rennie Stennett,PIT,Pirates,27,2B,351.0,,,-0.5436387658119202,-0.5436387658119202
1009617,Joe Nolan,Joe Nolan,ATL,Braves,16,C,249.0,,,-0.5582325458526611,-0.5582325458526611
1009355,Dale Murphy,Dale Murphy,ATL,Braves,16,1B,583.0,,,-0.5757004022598267,-0.5757004022598267
1001868,Bert Campaneris,Bert Campaneris,TEX,Rangers,13,SS,319.0,,,-0.5768237709999084,-0.5768237709999084
1010403,Biff Pocoroba,Biff Pocoroba,ATL,Braves,16,C,327.0,,,-0.580656111240387,-0.580656111240387
1001465,Jack Brohamer,Jack Brohamer,BOS,Red Sox,3,2B/3B/DH,277.0,,,-0.5860463380813599,-0.5860463380813599
1009376,Tom Murphy,Tom Murphy,TOR,Blue Jays,14,P,,94.0,-0.5958042144775391,0.0,-0.5958042144775391
1001031,Paul Blair,Paul Blair,NYY,Yankees,9,CF,136.0,,,-0.6034075617790222,-0.6034075617790222
1013644,Dan Warthen,Dan Warthen,HOU,Astros,21,P,2.0,10.6666,-0.5881459712982178,-0.026346957311034203,-0.614492928609252
1012922,Jerry Terrell,Jerry Terrell,KCR,Royals,7,2B/3B,147.0,,,-0.6211156845092773,-0.6211156845092773
1004498,Damaso Garcia,Damaso Garcia,NYY,Yankees,9,2B,44.0,,,-0.6223317384719849,-0.6223317384719849
1004385,Tito Fuentes,Tito Fuentes,OAK,Athletics,10,2B,45.0,,,-0.6344680190086365,-0.6344680190086365
1009138,Jerry Morales,Jerry Morales,STL,Cardinals,28,RF/CF,499.0,,,-0.6552810072898865,-0.6552810072898865
1003046,Dick Davis,Dick Davis,MIL,Brewers,23,LF/DH,235.0,,,-0.6649481058120728,-0.6649481058120728
1000337,Tucker Ashford,Tucker Ashford,SDP,Padres,29,2B/3B,174.0,,,-0.6694931387901306,-0.6694931387901306
1005294,Garry Hancock,Garry Hancock,BOS,Red Sox,3,RF/DH,86.0,,,-0.6707038879394531,-0.6707038879394531
1013654,Claudell Washington,Claudell Washington,- - -,- - -,0,RF,376.0,,,-0.6709722466766834,-0.6709722466766834
1013788,Don Werner,Don Werner,CIN,Reds,18,C,132.0,,,-0.6727569699287415,-0.6727569699287415
1000414,Stan Bahnsen,Stan Bahnsen,MON,Expos,24,P,12.0,75.0,-0.5876012444496155,-0.08528745919466019,-0.6728887036442757
1007219,Craig Kusick,Craig Kusick,MIN,Twins,8,1B/DH,233.0,,,-0.6791714429855347,-0.6791714429855347
1006091,Wilbur Howard,Wilbur Howard,HOU,Astros,21,LF,158.0,,,-0.7022767066955566,-0.7022767066955566
1005434,Vic Harris,Vic Harris,SFG,Giants,30,2B/SS,116.0,,,-0.7235721349716187,-0.7235721349716187
1003910,Pete Falcone,Pete Falcone,STL,Cardinals,28,P,23.0,75.0,-0.84955894947052,0.11919981986284256,-0.7303591296076775
1011622,Ron Schueler,Ron Schueler,CHW,White Sox,4,P,,81.6666,-0.735942542552948,-0.011727903969585896,-0.7476704465225339
1005223,John Hale,John Hale,SEA,Mariners,11,RF/LF,251.0,,,-0.7496037483215332,-0.7496037483215332
1008858,Larry Milbourne,Larry Milbourne,SEA,Mariners,11,3B/SS,247.0,,,-0.7535584568977356,-0.7535584568977356
1002409,Jim Colborn,Jim Colborn,- - -,- - -,0,P,,142.6666,-0.7552935481071472,0.0,-0.7552935481071472
1007255,Lerrin LaGrow,Lerrin LaGrow,CHW,White Sox,4,P,,88.0,-0.7600387930870056,0.0,-0.7600387930870056
1013980,Charlie Williams,Charlie Williams,SFG,Giants,30,P,5.0,48.0,-0.6960203051567078,-0.0690121203660965,-0.7650324255228043
1006873,Joe Kerrigan,Joe Kerrigan,BAL,Orioles,2,P,,71.6666,-0.7894130945205688,0.0,-0.7894130945205688
1003300,Steve Dillard,Steve Dillard,DET,Tigers,6,2B,143.0,,,-0.7968986630439758,-0.7968986630439758
1005271,Dave Hamilton,Dave Hamilton,- - -,- - -,0,P,7.0,40.3333,-0.7037887880578637,-0.10010149702429771,-0.8038902850821614
1001680,Glenn Burke,Glenn Burke,- - -,- - -,0,CF,236.0,,,-0.8275787234306335,-0.8275787234306335
1005989,Ken Holtzman,Ken Holtzman,- - -,- - -,0,P,12.0,70.6666,-0.9097685292363167,0.07839787006378174,-0.8313706591725349
1005634,Ken Henderson,Ken Henderson,- - -,- - -,0,RF/CF,195.0,,,-0.8764869496226311,-0.8764869496226311
1004838,Julio Gonzalez,Julio Gonzalez,HOU,Astros,21,2B,239.0,,,-0.8937159776687622,-0.8937159776687622
1000935,Kurt Bevacqua,Kurt Bevacqua,TEX,Rangers,13,3B,271.0,,,-0.9249895215034485,-0.9249895215034485
1004566,Cito Gaston,Cito Gaston,- - -,- - -,0,RF/LF,126.0,,,-0.9287470299750566,-0.9287470299750566
1011695,Tony Scott,Tony Scott,STL,Cardinals,28,CF/LF,237.0,,,-0.9399944543838501,-0.9399944543838501
1011450,Manny Sarmiento,Manny Sarmiento,CIN,Reds,18,P,18.0,127.3333,-0.757627546787262,-0.19059419631958008,-0.948221743106842
1013135,Pablo Torrealba,Pablo Torrealba,CHW,White Sox,4,P,,57.3333,-0.9696565866470337,0.0,-0.9696565866470337
1005732,Ed Herrmann,Ed Herrmann,- - -,- - -,0,C,81.0,,,-0.9909317791461945,-0.9909317791461945
1001877,Dave Campbell,Dave Campbell,ATL,Braves,16,P,,69.3333,-1.0640408992767334,0.0,-1.0640408992767334
1010368,Gerry Pirtle,Gerry Pirtle,MON,Expos,24,P,,25.6666,-1.13714599609375,0.0,-1.13714599609375
1004539,Mike Garman,Mike Garman,- - -,- - -,0,P,5.0,77.6666,-1.069529414176941,-0.06949310004711151,-1.1390225142240524
1008812,Roger Metzger,Roger Metzger,- - -,- - -,0,SS,393.0,,,-1.163019597530365,-1.163019597530365
1004182,Doug Flynn,Doug Flynn,NYM,Mets,25,2B/SS,572.0,,,-1.29256272315979,-1.29256272315979
1013293,Willie Upshaw,Willie Upshaw,TOR,Blue Jays,14,LF,250.0,,,-1.3600395917892456,-1.3600395917892456
1013258,Mike Tyson,Mike Tyson,STL,Cardinals,28,2B,405.0,,,-1.3870075941085815,-1.3870075941085815
1012420,Leroy Stanton,Leroy Stanton,SEA,Mariners,11,LF/DH,342.0,,,-1.4668840169906616,-1.4668840169906616
1004823,Luis Gomez,Luis Gomez,TOR,Blue Jays,14,SS,469.0,,,-1.4942805767059326,-1.4942805767059326
1002708,Ted Cox,Ted Cox,CLE,Indians,5,3B/LF,253.0,,,-1.4992635250091553,-1.4992635250091553
1013244,Wayne Twitchell,Wayne Twitchell,MON,Expos,24,P,28.0,112.0,-1.4534991979599,-0.10359914600849152,-1.5570983439683914
1004070,Mike Fischlin,Mike Fischlin,HOU,Astros,21,SS,95.0,,,-1.6009210348129272,-1.6009210348129272
1000181,Dell Alston,Dell Alston,- - -,- - -,0,RF/LF,191.0,,,-1.6163258776068687,-1.6163258776068687
1010564,Luis Pujols,Luis Pujols,HOU,Astros,21,C,169.0,,,-1.639243483543396,-1.639243483543396
1001458,Lou Brock,Lou Brock,STL,Cardinals,28,LF,317.0,,,-1.8037042617797852,-1.8037042617797852
1008824,Dan Meyer,Dan Meyer,SEA,Mariners,11,1B,477.0,,,-2.6912777423858643,-2.6912777423858643
1011092,Pat Rockett,Pat Rockett,ATL,Braves,16,SS,157.0,,,-2.7459614276885986,-2.7459614276885986
